seed,dataset_size,train_size,test_size,experiment,model,horizon_days,forecast_origin_index,target_index,lead_days,actual,predicted,target_date,variant
20261008,730,670,60,rolling_horizon,naive_previous_week,7,670,670,1,93.6787814212,83.9475429092,2025-11-01,
20261008,730,670,60,rolling_horizon,naive_previous_week,7,670,671,2,88.2360415032,94.7010322375,2025-11-02,
20261008,730,670,60,rolling_horizon,naive_previous_week,7,670,672,3,105.9545255841,97.0254629902,2025-11-03,
20261008,730,670,60,rolling_horizon,naive_previous_week,7,670,673,4,119.7326428272,128.749535473,2025-11-04,
20261008,730,670,60,rolling_horizon,naive_previous_week,7,670,674,5,122.247387964,116.333947168,2025-11-05,
20261008,730,670,60,rolling_horizon,naive_previous_week,7,670,675,6,111.0550970756,110.3990704506,2025-11-06,
20261008,730,670,60,rolling_horizon,naive_previous_week,7,670,676,7,102.903983799,93.5192235959,2025-11-07,
20261008,730,670,60,rolling_horizon,naive_previous_week,7,671,671,1,88.2360415032,94.7010322375,2025-11-02,
20261008,730,670,60,rolling_horizon,naive_previous_week,7,671,672,2,105.9545255841,97.0254629902,2025-11-03,
20261008,730,670,60,rolling_horizon,naive_previous_week,7,671,673,3,119.7326428272,128.749535473,2025-11-04,
20261008,730,670,60,rolling_horizon,naive_previous_week,7,671,674,4,122.247387964,116.333947168,2025-11-05,
20261008,730,670,60,rolling_horizon,naive_previous_week,7,671,675,5,111.0550970756,110.3990704506,2025-11-06,
20261008,730,670,60,rolling_horizon,naive_previous_week,7,671,676,6,102.903983799,93.5192235959,2025-11-07,
20261008,730,670,60,rolling_horizon,naive_previous_week,7,671,677,7,85.6239730153,93.6787814212,2025-11-08,
20261008,730,670,60,rolling_horizon,naive_previous_week,7,672,672,1,105.9545255841,97.0254629902,2025-11-03,
20261008,730,670,60,rolling_horizon,naive_previous_week,7,672,673,2,119.7326428272,128.749535473,2025-11-04,
20261008,730,670,60,rolling_horizon,naive_previous_week,7,672,674,3,122.247387964,116.333947168,2025-11-05,
20261008,730,670,60,rolling_horizon,naive_previous_week,7,672,675,4,111.0550970756,110.3990704506,2025-11-06,
20261008,730,670,60,rolling_horizon,naive_previous_week,7,672,676,5,102.903983799,93.5192235959,2025-11-07,
20261008,730,670,60,rolling_horizon,naive_previous_week,7,672,677,6,85.6239730153,93.6787814212,2025-11-08,
20261008,730,670,60,rolling_horizon,naive_previous_week,7,672,678,7,88.7840059698,88.2360415032,2025-11-09,
20261008,730,670,60,rolling_horizon,naive_previous_week,7,673,673,1,119.7326428272,128.749535473,2025-11-04,
20261008,730,670,60,rolling_horizon,naive_previous_week,7,673,674,2,122.247387964,116.333947168,2025-11-05,
20261008,730,670,60,rolling_horizon,naive_previous_week,7,673,675,3,111.0550970756,110.3990704506,2025-11-06,
20261008,730,670,60,rolling_horizon,naive_previous_week,7,673,676,4,102.903983799,93.5192235959,2025-11-07,
20261008,730,670,60,rolling_horizon,naive_previous_week,7,673,677,5,85.6239730153,93.6787814212,2025-11-08,
20261008,730,670,60,rolling_horizon,naive_previous_week,7,673,678,6,88.7840059698,88.2360415032,2025-11-09,
20261008,730,670,60,rolling_horizon,naive_previous_week,7,673,679,7,105.4360307607,105.9545255841,2025-11-10,
20261008,730,670,60,rolling_horizon,naive_previous_week,7,674,674,1,122.247387964,116.333947168,2025-11-05,
20261008,730,670,60,rolling_horizon,naive_previous_week,7,674,675,2,111.0550970756,110.3990704506,2025-11-06,
20261008,730,670,60,rolling_horizon,naive_previous_week,7,674,676,3,102.903983799,93.5192235959,2025-11-07,
20261008,730,670,60,rolling_horizon,naive_previous_week,7,674,677,4,85.6239730153,93.6787814212,2025-11-08,
20261008,730,670,60,rolling_horizon,naive_previous_week,7,674,678,5,88.7840059698,88.2360415032,2025-11-09,
20261008,730,670,60,rolling_horizon,naive_previous_week,7,674,679,6,105.4360307607,105.9545255841,2025-11-10,
20261008,730,670,60,rolling_horizon,naive_previous_week,7,674,680,7,130.1261804302,119.7326428272,2025-11-11,
20261008,730,670,60,rolling_horizon,naive_previous_week,7,675,675,1,111.0550970756,110.3990704506,2025-11-06,
20261008,730,670,60,rolling_horizon,naive_previous_week,7,675,676,2,102.903983799,93.5192235959,2025-11-07,
20261008,730,670,60,rolling_horizon,naive_previous_week,7,675,677,3,85.6239730153,93.6787814212,2025-11-08,
20261008,730,670,60,rolling_horizon,naive_previous_week,7,675,678,4,88.7840059698,88.2360415032,2025-11-09,
20261008,730,670,60,rolling_horizon,naive_previous_week,7,675,679,5,105.4360307607,105.9545255841,2025-11-10,
20261008,730,670,60,rolling_horizon,naive_previous_week,7,675,680,6,130.1261804302,119.7326428272,2025-11-11,
20261008,730,670,60,rolling_horizon,naive_previous_week,7,675,681,7,120.2341328764,122.247387964,2025-11-12,
20261008,730,670,60,rolling_horizon,naive_previous_week,7,676,676,1,102.903983799,93.5192235959,2025-11-07,
20261008,730,670,60,rolling_horizon,naive_previous_week,7,676,677,2,85.6239730153,93.6787814212,2025-11-08,
20261008,730,670,60,rolling_horizon,naive_previous_week,7,676,678,3,88.7840059698,88.2360415032,2025-11-09,
20261008,730,670,60,rolling_horizon,naive_previous_week,7,676,679,4,105.4360307607,105.9545255841,2025-11-10,
20261008,730,670,60,rolling_horizon,naive_previous_week,7,676,680,5,130.1261804302,119.7326428272,2025-11-11,
20261008,730,670,60,rolling_horizon,naive_previous_week,7,676,681,6,120.2341328764,122.247387964,2025-11-12,
20261008,730,670,60,rolling_horizon,naive_previous_week,7,676,682,7,116.4643974318,111.0550970756,2025-11-13,
20261008,730,670,60,rolling_horizon,naive_previous_week,7,677,677,1,85.6239730153,93.6787814212,2025-11-08,
20261008,730,670,60,rolling_horizon,naive_previous_week,7,677,678,2,88.7840059698,88.2360415032,2025-11-09,
20261008,730,670,60,rolling_horizon,naive_previous_week,7,677,679,3,105.4360307607,105.9545255841,2025-11-10,
20261008,730,670,60,rolling_horizon,naive_previous_week,7,677,680,4,130.1261804302,119.7326428272,2025-11-11,
20261008,730,670,60,rolling_horizon,naive_previous_week,7,677,681,5,120.2341328764,122.247387964,2025-11-12,
20261008,730,670,60,rolling_horizon,naive_previous_week,7,677,682,6,116.4643974318,111.0550970756,2025-11-13,
20261008,730,670,60,rolling_horizon,naive_previous_week,7,677,683,7,91.643990521,102.903983799,2025-11-14,
20261008,730,670,60,rolling_horizon,naive_previous_week,7,678,678,1,88.7840059698,88.2360415032,2025-11-09,
20261008,730,670,60,rolling_horizon,naive_previous_week,7,678,679,2,105.4360307607,105.9545255841,2025-11-10,
20261008,730,670,60,rolling_horizon,naive_previous_week,7,678,680,3,130.1261804302,119.7326428272,2025-11-11,
20261008,730,670,60,rolling_horizon,naive_previous_week,7,678,681,4,120.2341328764,122.247387964,2025-11-12,
20261008,730,670,60,rolling_horizon,naive_previous_week,7,678,682,5,116.4643974318,111.0550970756,2025-11-13,
20261008,730,670,60,rolling_horizon,naive_previous_week,7,678,683,6,91.643990521,102.903983799,2025-11-14,
20261008,730,670,60,rolling_horizon,naive_previous_week,7,678,684,7,98.2022208221,85.6239730153,2025-11-15,
20261008,730,670,60,rolling_horizon,naive_previous_week,7,679,679,1,105.4360307607,105.9545255841,2025-11-10,
20261008,730,670,60,rolling_horizon,naive_previous_week,7,679,680,2,130.1261804302,119.7326428272,2025-11-11,
20261008,730,670,60,rolling_horizon,naive_previous_week,7,679,681,3,120.2341328764,122.247387964,2025-11-12,
20261008,730,670,60,rolling_horizon,naive_previous_week,7,679,682,4,116.4643974318,111.0550970756,2025-11-13,
20261008,730,670,60,rolling_horizon,naive_previous_week,7,679,683,5,91.643990521,102.903983799,2025-11-14,
20261008,730,670,60,rolling_horizon,naive_previous_week,7,679,684,6,98.2022208221,85.6239730153,2025-11-15,
20261008,730,670,60,rolling_horizon,naive_previous_week,7,679,685,7,100.9062127562,88.7840059698,2025-11-16,
20261008,730,670,60,rolling_horizon,naive_previous_week,7,680,680,1,130.1261804302,119.7326428272,2025-11-11,
20261008,730,670,60,rolling_horizon,naive_previous_week,7,680,681,2,120.2341328764,122.247387964,2025-11-12,
20261008,730,670,60,rolling_horizon,naive_previous_week,7,680,682,3,116.4643974318,111.0550970756,2025-11-13,
20261008,730,670,60,rolling_horizon,naive_previous_week,7,680,683,4,91.643990521,102.903983799,2025-11-14,
20261008,730,670,60,rolling_horizon,naive_previous_week,7,680,684,5,98.2022208221,85.6239730153,2025-11-15,
20261008,730,670,60,rolling_horizon,naive_previous_week,7,680,685,6,100.9062127562,88.7840059698,2025-11-16,
20261008,730,670,60,rolling_horizon,naive_previous_week,7,680,686,7,106.053250609,105.4360307607,2025-11-17,
20261008,730,670,60,rolling_horizon,naive_previous_week,7,681,681,1,120.2341328764,122.247387964,2025-11-12,
20261008,730,670,60,rolling_horizon,naive_previous_week,7,681,682,2,116.4643974318,111.0550970756,2025-11-13,
20261008,730,670,60,rolling_horizon,naive_previous_week,7,681,683,3,91.643990521,102.903983799,2025-11-14,
20261008,730,670,60,rolling_horizon,naive_previous_week,7,681,684,4,98.2022208221,85.6239730153,2025-11-15,
20261008,730,670,60,rolling_horizon,naive_previous_week,7,681,685,5,100.9062127562,88.7840059698,2025-11-16,
20261008,730,670,60,rolling_horizon,naive_previous_week,7,681,686,6,106.053250609,105.4360307607,2025-11-17,
20261008,730,670,60,rolling_horizon,naive_previous_week,7,681,687,7,116.1333607552,130.1261804302,2025-11-18,
20261008,730,670,60,rolling_horizon,naive_previous_week,7,682,682,1,116.4643974318,111.0550970756,2025-11-13,
20261008,730,670,60,rolling_horizon,naive_previous_week,7,682,683,2,91.643990521,102.903983799,2025-11-14,
20261008,730,670,60,rolling_horizon,naive_previous_week,7,682,684,3,98.2022208221,85.6239730153,2025-11-15,
20261008,730,670,60,rolling_horizon,naive_previous_week,7,682,685,4,100.9062127562,88.7840059698,2025-11-16,
20261008,730,670,60,rolling_horizon,naive_previous_week,7,682,686,5,106.053250609,105.4360307607,2025-11-17,
20261008,730,670,60,rolling_horizon,naive_previous_week,7,682,687,6,116.1333607552,130.1261804302,2025-11-18,
20261008,730,670,60,rolling_horizon,naive_previous_week,7,682,688,7,131.4291834004,120.2341328764,2025-11-19,
20261008,730,670,60,rolling_horizon,naive_previous_week,7,683,683,1,91.643990521,102.903983799,2025-11-14,
20261008,730,670,60,rolling_horizon,naive_previous_week,7,683,684,2,98.2022208221,85.6239730153,2025-11-15,
20261008,730,670,60,rolling_horizon,naive_previous_week,7,683,685,3,100.9062127562,88.7840059698,2025-11-16,
20261008,730,670,60,rolling_horizon,naive_previous_week,7,683,686,4,106.053250609,105.4360307607,2025-11-17,
20261008,730,670,60,rolling_horizon,naive_previous_week,7,683,687,5,116.1333607552,130.1261804302,2025-11-18,
20261008,730,670,60,rolling_horizon,naive_previous_week,7,683,688,6,131.4291834004,120.2341328764,2025-11-19,
20261008,730,670,60,rolling_horizon,naive_previous_week,7,683,689,7,117.2375226637,116.4643974318,2025-11-20,
20261008,730,670,60,rolling_horizon,naive_previous_week,7,684,684,1,98.2022208221,85.6239730153,2025-11-15,
20261008,730,670,60,rolling_horizon,naive_previous_week,7,684,685,2,100.9062127562,88.7840059698,2025-11-16,
20261008,730,670,60,rolling_horizon,naive_previous_week,7,684,686,3,106.053250609,105.4360307607,2025-11-17,
20261008,730,670,60,rolling_horizon,naive_previous_week,7,684,687,4,116.1333607552,130.1261804302,2025-11-18,
20261008,730,670,60,rolling_horizon,naive_previous_week,7,684,688,5,131.4291834004,120.2341328764,2025-11-19,
20261008,730,670,60,rolling_horizon,naive_previous_week,7,684,689,6,117.2375226637,116.4643974318,2025-11-20,
20261008,730,670,60,rolling_horizon,naive_previous_week,7,684,690,7,104.4585069656,91.643990521,2025-11-21,
20261008,730,670,60,rolling_horizon,naive_previous_week,7,685,685,1,100.9062127562,88.7840059698,2025-11-16,
20261008,730,670,60,rolling_horizon,naive_previous_week,7,685,686,2,106.053250609,105.4360307607,2025-11-17,
20261008,730,670,60,rolling_horizon,naive_previous_week,7,685,687,3,116.1333607552,130.1261804302,2025-11-18,
20261008,730,670,60,rolling_horizon,naive_previous_week,7,685,688,4,131.4291834004,120.2341328764,2025-11-19,
20261008,730,670,60,rolling_horizon,naive_previous_week,7,685,689,5,117.2375226637,116.4643974318,2025-11-20,
20261008,730,670,60,rolling_horizon,naive_previous_week,7,685,690,6,104.4585069656,91.643990521,2025-11-21,
20261008,730,670,60,rolling_horizon,naive_previous_week,7,685,691,7,101.0512216839,98.2022208221,2025-11-22,
20261008,730,670,60,rolling_horizon,naive_previous_week,7,686,686,1,106.053250609,105.4360307607,2025-11-17,
20261008,730,670,60,rolling_horizon,naive_previous_week,7,686,687,2,116.1333607552,130.1261804302,2025-11-18,
20261008,730,670,60,rolling_horizon,naive_previous_week,7,686,688,3,131.4291834004,120.2341328764,2025-11-19,
20261008,730,670,60,rolling_horizon,naive_previous_week,7,686,689,4,117.2375226637,116.4643974318,2025-11-20,
20261008,730,670,60,rolling_horizon,naive_previous_week,7,686,690,5,104.4585069656,91.643990521,2025-11-21,
20261008,730,670,60,rolling_horizon,naive_previous_week,7,686,691,6,101.0512216839,98.2022208221,2025-11-22,
20261008,730,670,60,rolling_horizon,naive_previous_week,7,686,692,7,106.7080803311,100.9062127562,2025-11-23,
20261008,730,670,60,rolling_horizon,naive_previous_week,7,687,687,1,116.1333607552,130.1261804302,2025-11-18,
20261008,730,670,60,rolling_horizon,naive_previous_week,7,687,688,2,131.4291834004,120.2341328764,2025-11-19,
20261008,730,670,60,rolling_horizon,naive_previous_week,7,687,689,3,117.2375226637,116.4643974318,2025-11-20,
20261008,730,670,60,rolling_horizon,naive_previous_week,7,687,690,4,104.4585069656,91.643990521,2025-11-21,
20261008,730,670,60,rolling_horizon,naive_previous_week,7,687,691,5,101.0512216839,98.2022208221,2025-11-22,
20261008,730,670,60,rolling_horizon,naive_previous_week,7,687,692,6,106.7080803311,100.9062127562,2025-11-23,
20261008,730,670,60,rolling_horizon,naive_previous_week,7,687,693,7,104.8566719454,106.053250609,2025-11-24,
20261008,730,670,60,rolling_horizon,naive_previous_week,7,688,688,1,131.4291834004,120.2341328764,2025-11-19,
20261008,730,670,60,rolling_horizon,naive_previous_week,7,688,689,2,117.2375226637,116.4643974318,2025-11-20,
20261008,730,670,60,rolling_horizon,naive_previous_week,7,688,690,3,104.4585069656,91.643990521,2025-11-21,
20261008,730,670,60,rolling_horizon,naive_previous_week,7,688,691,4,101.0512216839,98.2022208221,2025-11-22,
20261008,730,670,60,rolling_horizon,naive_previous_week,7,688,692,5,106.7080803311,100.9062127562,2025-11-23,
20261008,730,670,60,rolling_horizon,naive_previous_week,7,688,693,6,104.8566719454,106.053250609,2025-11-24,
20261008,730,670,60,rolling_horizon,naive_previous_week,7,688,694,7,141.7294464397,116.1333607552,2025-11-25,
20261008,730,670,60,rolling_horizon,naive_previous_week,7,689,689,1,117.2375226637,116.4643974318,2025-11-20,
20261008,730,670,60,rolling_horizon,naive_previous_week,7,689,690,2,104.4585069656,91.643990521,2025-11-21,
20261008,730,670,60,rolling_horizon,naive_previous_week,7,689,691,3,101.0512216839,98.2022208221,2025-11-22,
20261008,730,670,60,rolling_horizon,naive_previous_week,7,689,692,4,106.7080803311,100.9062127562,2025-11-23,
20261008,730,670,60,rolling_horizon,naive_previous_week,7,689,693,5,104.8566719454,106.053250609,2025-11-24,
20261008,730,670,60,rolling_horizon,naive_previous_week,7,689,694,6,141.7294464397,116.1333607552,2025-11-25,
20261008,730,670,60,rolling_horizon,naive_previous_week,7,689,695,7,130.7468418113,131.4291834004,2025-11-26,
20261008,730,670,60,rolling_horizon,naive_previous_week,7,690,690,1,104.4585069656,91.643990521,2025-11-21,
20261008,730,670,60,rolling_horizon,naive_previous_week,7,690,691,2,101.0512216839,98.2022208221,2025-11-22,
20261008,730,670,60,rolling_horizon,naive_previous_week,7,690,692,3,106.7080803311,100.9062127562,2025-11-23,
20261008,730,670,60,rolling_horizon,naive_previous_week,7,690,693,4,104.8566719454,106.053250609,2025-11-24,
20261008,730,670,60,rolling_horizon,naive_previous_week,7,690,694,5,141.7294464397,116.1333607552,2025-11-25,
20261008,730,670,60,rolling_horizon,naive_previous_week,7,690,695,6,130.7468418113,131.4291834004,2025-11-26,
20261008,730,670,60,rolling_horizon,naive_previous_week,7,690,696,7,128.4356754052,117.2375226637,2025-11-27,
20261008,730,670,60,rolling_horizon,naive_previous_week,7,691,691,1,101.0512216839,98.2022208221,2025-11-22,
20261008,730,670,60,rolling_horizon,naive_previous_week,7,691,692,2,106.7080803311,100.9062127562,2025-11-23,
20261008,730,670,60,rolling_horizon,naive_previous_week,7,691,693,3,104.8566719454,106.053250609,2025-11-24,
20261008,730,670,60,rolling_horizon,naive_previous_week,7,691,694,4,141.7294464397,116.1333607552,2025-11-25,
20261008,730,670,60,rolling_horizon,naive_previous_week,7,691,695,5,130.7468418113,131.4291834004,2025-11-26,
20261008,730,670,60,rolling_horizon,naive_previous_week,7,691,696,6,128.4356754052,117.2375226637,2025-11-27,
20261008,730,670,60,rolling_horizon,naive_previous_week,7,691,697,7,106.0560514778,104.4585069656,2025-11-28,
20261008,730,670,60,rolling_horizon,naive_previous_week,7,692,692,1,106.7080803311,100.9062127562,2025-11-23,
20261008,730,670,60,rolling_horizon,naive_previous_week,7,692,693,2,104.8566719454,106.053250609,2025-11-24,
20261008,730,670,60,rolling_horizon,naive_previous_week,7,692,694,3,141.7294464397,116.1333607552,2025-11-25,
20261008,730,670,60,rolling_horizon,naive_previous_week,7,692,695,4,130.7468418113,131.4291834004,2025-11-26,
20261008,730,670,60,rolling_horizon,naive_previous_week,7,692,696,5,128.4356754052,117.2375226637,2025-11-27,
20261008,730,670,60,rolling_horizon,naive_previous_week,7,692,697,6,106.0560514778,104.4585069656,2025-11-28,
20261008,730,670,60,rolling_horizon,naive_previous_week,7,692,698,7,87.0788274448,101.0512216839,2025-11-29,
20261008,730,670,60,rolling_horizon,naive_previous_week,7,693,693,1,104.8566719454,106.053250609,2025-11-24,
20261008,730,670,60,rolling_horizon,naive_previous_week,7,693,694,2,141.7294464397,116.1333607552,2025-11-25,
20261008,730,670,60,rolling_horizon,naive_previous_week,7,693,695,3,130.7468418113,131.4291834004,2025-11-26,
20261008,730,670,60,rolling_horizon,naive_previous_week,7,693,696,4,128.4356754052,117.2375226637,2025-11-27,
20261008,730,670,60,rolling_horizon,naive_previous_week,7,693,697,5,106.0560514778,104.4585069656,2025-11-28,
20261008,730,670,60,rolling_horizon,naive_previous_week,7,693,698,6,87.0788274448,101.0512216839,2025-11-29,
20261008,730,670,60,rolling_horizon,naive_previous_week,7,693,699,7,103.140705212,106.7080803311,2025-11-30,
20261008,730,670,60,rolling_horizon,naive_previous_week,7,694,694,1,141.7294464397,116.1333607552,2025-11-25,
20261008,730,670,60,rolling_horizon,naive_previous_week,7,694,695,2,130.7468418113,131.4291834004,2025-11-26,
20261008,730,670,60,rolling_horizon,naive_previous_week,7,694,696,3,128.4356754052,117.2375226637,2025-11-27,
20261008,730,670,60,rolling_horizon,naive_previous_week,7,694,697,4,106.0560514778,104.4585069656,2025-11-28,
20261008,730,670,60,rolling_horizon,naive_previous_week,7,694,698,5,87.0788274448,101.0512216839,2025-11-29,
20261008,730,670,60,rolling_horizon,naive_previous_week,7,694,699,6,103.140705212,106.7080803311,2025-11-30,
20261008,730,670,60,rolling_horizon,naive_previous_week,7,694,700,7,113.8373914368,104.8566719454,2025-12-01,
20261008,730,670,60,rolling_horizon,naive_previous_week,7,695,695,1,130.7468418113,131.4291834004,2025-11-26,
20261008,730,670,60,rolling_horizon,naive_previous_week,7,695,696,2,128.4356754052,117.2375226637,2025-11-27,
20261008,730,670,60,rolling_horizon,naive_previous_week,7,695,697,3,106.0560514778,104.4585069656,2025-11-28,
20261008,730,670,60,rolling_horizon,naive_previous_week,7,695,698,4,87.0788274448,101.0512216839,2025-11-29,
20261008,730,670,60,rolling_horizon,naive_previous_week,7,695,699,5,103.140705212,106.7080803311,2025-11-30,
20261008,730,670,60,rolling_horizon,naive_previous_week,7,695,700,6,113.8373914368,104.8566719454,2025-12-01,
20261008,730,670,60,rolling_horizon,naive_previous_week,7,695,701,7,128.6959921408,141.7294464397,2025-12-02,
20261008,730,670,60,rolling_horizon,naive_previous_week,7,696,696,1,128.4356754052,117.2375226637,2025-11-27,
20261008,730,670,60,rolling_horizon,naive_previous_week,7,696,697,2,106.0560514778,104.4585069656,2025-11-28,
20261008,730,670,60,rolling_horizon,naive_previous_week,7,696,698,3,87.0788274448,101.0512216839,2025-11-29,
20261008,730,670,60,rolling_horizon,naive_previous_week,7,696,699,4,103.140705212,106.7080803311,2025-11-30,
20261008,730,670,60,rolling_horizon,naive_previous_week,7,696,700,5,113.8373914368,104.8566719454,2025-12-01,
20261008,730,670,60,rolling_horizon,naive_previous_week,7,696,701,6,128.6959921408,141.7294464397,2025-12-02,
20261008,730,670,60,rolling_horizon,naive_previous_week,7,696,702,7,124.9544385883,130.7468418113,2025-12-03,
20261008,730,670,60,rolling_horizon,naive_previous_week,7,697,697,1,106.0560514778,104.4585069656,2025-11-28,
20261008,730,670,60,rolling_horizon,naive_previous_week,7,697,698,2,87.0788274448,101.0512216839,2025-11-29,
20261008,730,670,60,rolling_horizon,naive_previous_week,7,697,699,3,103.140705212,106.7080803311,2025-11-30,
20261008,730,670,60,rolling_horizon,naive_previous_week,7,697,700,4,113.8373914368,104.8566719454,2025-12-01,
20261008,730,670,60,rolling_horizon,naive_previous_week,7,697,701,5,128.6959921408,141.7294464397,2025-12-02,
20261008,730,670,60,rolling_horizon,naive_previous_week,7,697,702,6,124.9544385883,130.7468418113,2025-12-03,
20261008,730,670,60,rolling_horizon,naive_previous_week,7,697,703,7,123.0392046882,128.4356754052,2025-12-04,
20261008,730,670,60,rolling_horizon,naive_previous_week,7,698,698,1,87.0788274448,101.0512216839,2025-11-29,
20261008,730,670,60,rolling_horizon,naive_previous_week,7,698,699,2,103.140705212,106.7080803311,2025-11-30,
20261008,730,670,60,rolling_horizon,naive_previous_week,7,698,700,3,113.8373914368,104.8566719454,2025-12-01,
20261008,730,670,60,rolling_horizon,naive_previous_week,7,698,701,4,128.6959921408,141.7294464397,2025-12-02,
20261008,730,670,60,rolling_horizon,naive_previous_week,7,698,702,5,124.9544385883,130.7468418113,2025-12-03,
20261008,730,670,60,rolling_horizon,naive_previous_week,7,698,703,6,123.0392046882,128.4356754052,2025-12-04,
20261008,730,670,60,rolling_horizon,naive_previous_week,7,698,704,7,112.0375299996,106.0560514778,2025-12-05,
20261008,730,670,60,rolling_horizon,naive_previous_week,7,699,699,1,103.140705212,106.7080803311,2025-11-30,
20261008,730,670,60,rolling_horizon,naive_previous_week,7,699,700,2,113.8373914368,104.8566719454,2025-12-01,
20261008,730,670,60,rolling_horizon,naive_previous_week,7,699,701,3,128.6959921408,141.7294464397,2025-12-02,
20261008,730,670,60,rolling_horizon,naive_previous_week,7,699,702,4,124.9544385883,130.7468418113,2025-12-03,
20261008,730,670,60,rolling_horizon,naive_previous_week,7,699,703,5,123.0392046882,128.4356754052,2025-12-04,
20261008,730,670,60,rolling_horizon,naive_previous_week,7,699,704,6,112.0375299996,106.0560514778,2025-12-05,
20261008,730,670,60,rolling_horizon,naive_previous_week,7,699,705,7,94.7981017475,87.0788274448,2025-12-06,
20261008,730,670,60,rolling_horizon,naive_previous_week,7,700,700,1,113.8373914368,104.8566719454,2025-12-01,
20261008,730,670,60,rolling_horizon,naive_previous_week,7,700,701,2,128.6959921408,141.7294464397,2025-12-02,
20261008,730,670,60,rolling_horizon,naive_previous_week,7,700,702,3,124.9544385883,130.7468418113,2025-12-03,
20261008,730,670,60,rolling_horizon,naive_previous_week,7,700,703,4,123.0392046882,128.4356754052,2025-12-04,
20261008,730,670,60,rolling_horizon,naive_previous_week,7,700,704,5,112.0375299996,106.0560514778,2025-12-05,
20261008,730,670,60,rolling_horizon,naive_previous_week,7,700,705,6,94.7981017475,87.0788274448,2025-12-06,
20261008,730,670,60,rolling_horizon,naive_previous_week,7,700,706,7,97.1541570139,103.140705212,2025-12-07,
20261008,730,670,60,rolling_horizon,naive_previous_week,7,701,701,1,128.6959921408,141.7294464397,2025-12-02,
20261008,730,670,60,rolling_horizon,naive_previous_week,7,701,702,2,124.9544385883,130.7468418113,2025-12-03,
20261008,730,670,60,rolling_horizon,naive_previous_week,7,701,703,3,123.0392046882,128.4356754052,2025-12-04,
20261008,730,670,60,rolling_horizon,naive_previous_week,7,701,704,4,112.0375299996,106.0560514778,2025-12-05,
20261008,730,670,60,rolling_horizon,naive_previous_week,7,701,705,5,94.7981017475,87.0788274448,2025-12-06,
20261008,730,670,60,rolling_horizon,naive_previous_week,7,701,706,6,97.1541570139,103.140705212,2025-12-07,
20261008,730,670,60,rolling_horizon,naive_previous_week,7,701,707,7,116.0552552441,113.8373914368,2025-12-08,
20261008,730,670,60,rolling_horizon,naive_previous_week,7,702,702,1,124.9544385883,130.7468418113,2025-12-03,
20261008,730,670,60,rolling_horizon,naive_previous_week,7,702,703,2,123.0392046882,128.4356754052,2025-12-04,
20261008,730,670,60,rolling_horizon,naive_previous_week,7,702,704,3,112.0375299996,106.0560514778,2025-12-05,
20261008,730,670,60,rolling_horizon,naive_previous_week,7,702,705,4,94.7981017475,87.0788274448,2025-12-06,
20261008,730,670,60,rolling_horizon,naive_previous_week,7,702,706,5,97.1541570139,103.140705212,2025-12-07,
20261008,730,670,60,rolling_horizon,naive_previous_week,7,702,707,6,116.0552552441,113.8373914368,2025-12-08,
20261008,730,670,60,rolling_horizon,naive_previous_week,7,702,708,7,124.9869441925,128.6959921408,2025-12-09,
20261008,730,670,60,rolling_horizon,naive_previous_week,7,703,703,1,123.0392046882,128.4356754052,2025-12-04,
20261008,730,670,60,rolling_horizon,naive_previous_week,7,703,704,2,112.0375299996,106.0560514778,2025-12-05,
20261008,730,670,60,rolling_horizon,naive_previous_week,7,703,705,3,94.7981017475,87.0788274448,2025-12-06,
20261008,730,670,60,rolling_horizon,naive_previous_week,7,703,706,4,97.1541570139,103.140705212,2025-12-07,
20261008,730,670,60,rolling_horizon,naive_previous_week,7,703,707,5,116.0552552441,113.8373914368,2025-12-08,
20261008,730,670,60,rolling_horizon,naive_previous_week,7,703,708,6,124.9869441925,128.6959921408,2025-12-09,
20261008,730,670,60,rolling_horizon,naive_previous_week,7,703,709,7,133.985128528,124.9544385883,2025-12-10,
20261008,730,670,60,rolling_horizon,naive_previous_week,7,704,704,1,112.0375299996,106.0560514778,2025-12-05,
20261008,730,670,60,rolling_horizon,naive_previous_week,7,704,705,2,94.7981017475,87.0788274448,2025-12-06,
20261008,730,670,60,rolling_horizon,naive_previous_week,7,704,706,3,97.1541570139,103.140705212,2025-12-07,
20261008,730,670,60,rolling_horizon,naive_previous_week,7,704,707,4,116.0552552441,113.8373914368,2025-12-08,
20261008,730,670,60,rolling_horizon,naive_previous_week,7,704,708,5,124.9869441925,128.6959921408,2025-12-09,
20261008,730,670,60,rolling_horizon,naive_previous_week,7,704,709,6,133.985128528,124.9544385883,2025-12-10,
20261008,730,670,60,rolling_horizon,naive_previous_week,7,704,710,7,129.1625511456,123.0392046882,2025-12-11,
20261008,730,670,60,rolling_horizon,naive_previous_week,7,705,705,1,94.7981017475,87.0788274448,2025-12-06,
20261008,730,670,60,rolling_horizon,naive_previous_week,7,705,706,2,97.1541570139,103.140705212,2025-12-07,
20261008,730,670,60,rolling_horizon,naive_previous_week,7,705,707,3,116.0552552441,113.8373914368,2025-12-08,
20261008,730,670,60,rolling_horizon,naive_previous_week,7,705,708,4,124.9869441925,128.6959921408,2025-12-09,
20261008,730,670,60,rolling_horizon,naive_previous_week,7,705,709,5,133.985128528,124.9544385883,2025-12-10,
20261008,730,670,60,rolling_horizon,naive_previous_week,7,705,710,6,129.1625511456,123.0392046882,2025-12-11,
20261008,730,670,60,rolling_horizon,naive_previous_week,7,705,711,7,102.4427018659,112.0375299996,2025-12-12,
20261008,730,670,60,rolling_horizon,naive_previous_week,7,706,706,1,97.1541570139,103.140705212,2025-12-07,
20261008,730,670,60,rolling_horizon,naive_previous_week,7,706,707,2,116.0552552441,113.8373914368,2025-12-08,
20261008,730,670,60,rolling_horizon,naive_previous_week,7,706,708,3,124.9869441925,128.6959921408,2025-12-09,
20261008,730,670,60,rolling_horizon,naive_previous_week,7,706,709,4,133.985128528,124.9544385883,2025-12-10,
20261008,730,670,60,rolling_horizon,naive_previous_week,7,706,710,5,129.1625511456,123.0392046882,2025-12-11,
20261008,730,670,60,rolling_horizon,naive_previous_week,7,706,711,6,102.4427018659,112.0375299996,2025-12-12,
20261008,730,670,60,rolling_horizon,naive_previous_week,7,706,712,7,97.2419952584,94.7981017475,2025-12-13,
20261008,730,670,60,rolling_horizon,naive_previous_week,7,707,707,1,116.0552552441,113.8373914368,2025-12-08,
20261008,730,670,60,rolling_horizon,naive_previous_week,7,707,708,2,124.9869441925,128.6959921408,2025-12-09,
20261008,730,670,60,rolling_horizon,naive_previous_week,7,707,709,3,133.985128528,124.9544385883,2025-12-10,
20261008,730,670,60,rolling_horizon,naive_previous_week,7,707,710,4,129.1625511456,123.0392046882,2025-12-11,
20261008,730,670,60,rolling_horizon,naive_previous_week,7,707,711,5,102.4427018659,112.0375299996,2025-12-12,
20261008,730,670,60,rolling_horizon,naive_previous_week,7,707,712,6,97.2419952584,94.7981017475,2025-12-13,
20261008,730,670,60,rolling_horizon,naive_previous_week,7,707,713,7,114.2274385444,97.1541570139,2025-12-14,
20261008,730,670,60,rolling_horizon,naive_previous_week,7,708,708,1,124.9869441925,128.6959921408,2025-12-09,
20261008,730,670,60,rolling_horizon,naive_previous_week,7,708,709,2,133.985128528,124.9544385883,2025-12-10,
20261008,730,670,60,rolling_horizon,naive_previous_week,7,708,710,3,129.1625511456,123.0392046882,2025-12-11,
20261008,730,670,60,rolling_horizon,naive_previous_week,7,708,711,4,102.4427018659,112.0375299996,2025-12-12,
20261008,730,670,60,rolling_horizon,naive_previous_week,7,708,712,5,97.2419952584,94.7981017475,2025-12-13,
20261008,730,670,60,rolling_horizon,naive_previous_week,7,708,713,6,114.2274385444,97.1541570139,2025-12-14,
20261008,730,670,60,rolling_horizon,naive_previous_week,7,708,714,7,124.6821661264,116.0552552441,2025-12-15,
20261008,730,670,60,rolling_horizon,naive_previous_week,7,709,709,1,133.985128528,124.9544385883,2025-12-10,
20261008,730,670,60,rolling_horizon,naive_previous_week,7,709,710,2,129.1625511456,123.0392046882,2025-12-11,
20261008,730,670,60,rolling_horizon,naive_previous_week,7,709,711,3,102.4427018659,112.0375299996,2025-12-12,
20261008,730,670,60,rolling_horizon,naive_previous_week,7,709,712,4,97.2419952584,94.7981017475,2025-12-13,
20261008,730,670,60,rolling_horizon,naive_previous_week,7,709,713,5,114.2274385444,97.1541570139,2025-12-14,
20261008,730,670,60,rolling_horizon,naive_previous_week,7,709,714,6,124.6821661264,116.0552552441,2025-12-15,
20261008,730,670,60,rolling_horizon,naive_previous_week,7,709,715,7,137.1927210045,124.9869441925,2025-12-16,
20261008,730,670,60,rolling_horizon,naive_previous_week,7,710,710,1,129.1625511456,123.0392046882,2025-12-11,
20261008,730,670,60,rolling_horizon,naive_previous_week,7,710,711,2,102.4427018659,112.0375299996,2025-12-12,
20261008,730,670,60,rolling_horizon,naive_previous_week,7,710,712,3,97.2419952584,94.7981017475,2025-12-13,
20261008,730,670,60,rolling_horizon,naive_previous_week,7,710,713,4,114.2274385444,97.1541570139,2025-12-14,
20261008,730,670,60,rolling_horizon,naive_previous_week,7,710,714,5,124.6821661264,116.0552552441,2025-12-15,
20261008,730,670,60,rolling_horizon,naive_previous_week,7,710,715,6,137.1927210045,124.9869441925,2025-12-16,
20261008,730,670,60,rolling_horizon,naive_previous_week,7,710,716,7,136.9806933036,133.985128528,2025-12-17,
20261008,730,670,60,rolling_horizon,naive_previous_week,7,711,711,1,102.4427018659,112.0375299996,2025-12-12,
20261008,730,670,60,rolling_horizon,naive_previous_week,7,711,712,2,97.2419952584,94.7981017475,2025-12-13,
20261008,730,670,60,rolling_horizon,naive_previous_week,7,711,713,3,114.2274385444,97.1541570139,2025-12-14,
20261008,730,670,60,rolling_horizon,naive_previous_week,7,711,714,4,124.6821661264,116.0552552441,2025-12-15,
20261008,730,670,60,rolling_horizon,naive_previous_week,7,711,715,5,137.1927210045,124.9869441925,2025-12-16,
20261008,730,670,60,rolling_horizon,naive_previous_week,7,711,716,6,136.9806933036,133.985128528,2025-12-17,
20261008,730,670,60,rolling_horizon,naive_previous_week,7,711,717,7,137.8994379973,129.1625511456,2025-12-18,
20261008,730,670,60,rolling_horizon,naive_previous_week,7,712,712,1,97.2419952584,94.7981017475,2025-12-13,
20261008,730,670,60,rolling_horizon,naive_previous_week,7,712,713,2,114.2274385444,97.1541570139,2025-12-14,
20261008,730,670,60,rolling_horizon,naive_previous_week,7,712,714,3,124.6821661264,116.0552552441,2025-12-15,
20261008,730,670,60,rolling_horizon,naive_previous_week,7,712,715,4,137.1927210045,124.9869441925,2025-12-16,
20261008,730,670,60,rolling_horizon,naive_previous_week,7,712,716,5,136.9806933036,133.985128528,2025-12-17,
20261008,730,670,60,rolling_horizon,naive_previous_week,7,712,717,6,137.8994379973,129.1625511456,2025-12-18,
20261008,730,670,60,rolling_horizon,naive_previous_week,7,712,718,7,119.7019547049,102.4427018659,2025-12-19,
20261008,730,670,60,rolling_horizon,naive_previous_week,7,713,713,1,114.2274385444,97.1541570139,2025-12-14,
20261008,730,670,60,rolling_horizon,naive_previous_week,7,713,714,2,124.6821661264,116.0552552441,2025-12-15,
20261008,730,670,60,rolling_horizon,naive_previous_week,7,713,715,3,137.1927210045,124.9869441925,2025-12-16,
20261008,730,670,60,rolling_horizon,naive_previous_week,7,713,716,4,136.9806933036,133.985128528,2025-12-17,
20261008,730,670,60,rolling_horizon,naive_previous_week,7,713,717,5,137.8994379973,129.1625511456,2025-12-18,
20261008,730,670,60,rolling_horizon,naive_previous_week,7,713,718,6,119.7019547049,102.4427018659,2025-12-19,
20261008,730,670,60,rolling_horizon,naive_previous_week,7,713,719,7,108.3331542232,97.2419952584,2025-12-20,
20261008,730,670,60,rolling_horizon,naive_previous_week,7,714,714,1,124.6821661264,116.0552552441,2025-12-15,
20261008,730,670,60,rolling_horizon,naive_previous_week,7,714,715,2,137.1927210045,124.9869441925,2025-12-16,
20261008,730,670,60,rolling_horizon,naive_previous_week,7,714,716,3,136.9806933036,133.985128528,2025-12-17,
20261008,730,670,60,rolling_horizon,naive_previous_week,7,714,717,4,137.8994379973,129.1625511456,2025-12-18,
20261008,730,670,60,rolling_horizon,naive_previous_week,7,714,718,5,119.7019547049,102.4427018659,2025-12-19,
20261008,730,670,60,rolling_horizon,naive_previous_week,7,714,719,6,108.3331542232,97.2419952584,2025-12-20,
20261008,730,670,60,rolling_horizon,naive_previous_week,7,714,720,7,108.8625518294,114.2274385444,2025-12-21,
20261008,730,670,60,rolling_horizon,naive_previous_week,7,715,715,1,137.1927210045,124.9869441925,2025-12-16,
20261008,730,670,60,rolling_horizon,naive_previous_week,7,715,716,2,136.9806933036,133.985128528,2025-12-17,
20261008,730,670,60,rolling_horizon,naive_previous_week,7,715,717,3,137.8994379973,129.1625511456,2025-12-18,
20261008,730,670,60,rolling_horizon,naive_previous_week,7,715,718,4,119.7019547049,102.4427018659,2025-12-19,
20261008,730,670,60,rolling_horizon,naive_previous_week,7,715,719,5,108.3331542232,97.2419952584,2025-12-20,
20261008,730,670,60,rolling_horizon,naive_previous_week,7,715,720,6,108.8625518294,114.2274385444,2025-12-21,
20261008,730,670,60,rolling_horizon,naive_previous_week,7,715,721,7,120.5254118304,124.6821661264,2025-12-22,
20261008,730,670,60,rolling_horizon,naive_previous_week,7,716,716,1,136.9806933036,133.985128528,2025-12-17,
20261008,730,670,60,rolling_horizon,naive_previous_week,7,716,717,2,137.8994379973,129.1625511456,2025-12-18,
20261008,730,670,60,rolling_horizon,naive_previous_week,7,716,718,3,119.7019547049,102.4427018659,2025-12-19,
20261008,730,670,60,rolling_horizon,naive_previous_week,7,716,719,4,108.3331542232,97.2419952584,2025-12-20,
20261008,730,670,60,rolling_horizon,naive_previous_week,7,716,720,5,108.8625518294,114.2274385444,2025-12-21,
20261008,730,670,60,rolling_horizon,naive_previous_week,7,716,721,6,120.5254118304,124.6821661264,2025-12-22,
20261008,730,670,60,rolling_horizon,naive_previous_week,7,716,722,7,139.3049085557,137.1927210045,2025-12-23,
20261008,730,670,60,rolling_horizon,naive_previous_week,7,717,717,1,137.8994379973,129.1625511456,2025-12-18,
20261008,730,670,60,rolling_horizon,naive_previous_week,7,717,718,2,119.7019547049,102.4427018659,2025-12-19,
20261008,730,670,60,rolling_horizon,naive_previous_week,7,717,719,3,108.3331542232,97.2419952584,2025-12-20,
20261008,730,670,60,rolling_horizon,naive_previous_week,7,717,720,4,108.8625518294,114.2274385444,2025-12-21,
20261008,730,670,60,rolling_horizon,naive_previous_week,7,717,721,5,120.5254118304,124.6821661264,2025-12-22,
20261008,730,670,60,rolling_horizon,naive_previous_week,7,717,722,6,139.3049085557,137.1927210045,2025-12-23,
20261008,730,670,60,rolling_horizon,naive_previous_week,7,717,723,7,143.880104289,136.9806933036,2025-12-24,
20261008,730,670,60,rolling_horizon,naive_previous_week,7,718,718,1,119.7019547049,102.4427018659,2025-12-19,
20261008,730,670,60,rolling_horizon,naive_previous_week,7,718,719,2,108.3331542232,97.2419952584,2025-12-20,
20261008,730,670,60,rolling_horizon,naive_previous_week,7,718,720,3,108.8625518294,114.2274385444,2025-12-21,
20261008,730,670,60,rolling_horizon,naive_previous_week,7,718,721,4,120.5254118304,124.6821661264,2025-12-22,
20261008,730,670,60,rolling_horizon,naive_previous_week,7,718,722,5,139.3049085557,137.1927210045,2025-12-23,
20261008,730,670,60,rolling_horizon,naive_previous_week,7,718,723,6,143.880104289,136.9806933036,2025-12-24,
20261008,730,670,60,rolling_horizon,naive_previous_week,7,718,724,7,126.2461868417,137.8994379973,2025-12-25,
20261008,730,670,60,rolling_horizon,naive_previous_week,7,719,719,1,108.3331542232,97.2419952584,2025-12-20,
20261008,730,670,60,rolling_horizon,naive_previous_week,7,719,720,2,108.8625518294,114.2274385444,2025-12-21,
20261008,730,670,60,rolling_horizon,naive_previous_week,7,719,721,3,120.5254118304,124.6821661264,2025-12-22,
20261008,730,670,60,rolling_horizon,naive_previous_week,7,719,722,4,139.3049085557,137.1927210045,2025-12-23,
20261008,730,670,60,rolling_horizon,naive_previous_week,7,719,723,5,143.880104289,136.9806933036,2025-12-24,
20261008,730,670,60,rolling_horizon,naive_previous_week,7,719,724,6,126.2461868417,137.8994379973,2025-12-25,
20261008,730,670,60,rolling_horizon,naive_previous_week,7,719,725,7,107.3164425454,119.7019547049,2025-12-26,
20261008,730,670,60,rolling_horizon,naive_previous_week,7,720,720,1,108.8625518294,114.2274385444,2025-12-21,
20261008,730,670,60,rolling_horizon,naive_previous_week,7,720,721,2,120.5254118304,124.6821661264,2025-12-22,
20261008,730,670,60,rolling_horizon,naive_previous_week,7,720,722,3,139.3049085557,137.1927210045,2025-12-23,
20261008,730,670,60,rolling_horizon,naive_previous_week,7,720,723,4,143.880104289,136.9806933036,2025-12-24,
20261008,730,670,60,rolling_horizon,naive_previous_week,7,720,724,5,126.2461868417,137.8994379973,2025-12-25,
20261008,730,670,60,rolling_horizon,naive_previous_week,7,720,725,6,107.3164425454,119.7019547049,2025-12-26,
20261008,730,670,60,rolling_horizon,naive_previous_week,7,720,726,7,118.4815108613,108.3331542232,2025-12-27,
20261008,730,670,60,rolling_horizon,naive_previous_week,7,721,721,1,120.5254118304,124.6821661264,2025-12-22,
20261008,730,670,60,rolling_horizon,naive_previous_week,7,721,722,2,139.3049085557,137.1927210045,2025-12-23,
20261008,730,670,60,rolling_horizon,naive_previous_week,7,721,723,3,143.880104289,136.9806933036,2025-12-24,
20261008,730,670,60,rolling_horizon,naive_previous_week,7,721,724,4,126.2461868417,137.8994379973,2025-12-25,
20261008,730,670,60,rolling_horizon,naive_previous_week,7,721,725,5,107.3164425454,119.7019547049,2025-12-26,
20261008,730,670,60,rolling_horizon,naive_previous_week,7,721,726,6,118.4815108613,108.3331542232,2025-12-27,
20261008,730,670,60,rolling_horizon,naive_previous_week,7,721,727,7,115.7158276032,108.8625518294,2025-12-28,
20261008,730,670,60,rolling_horizon,naive_previous_week,7,722,722,1,139.3049085557,137.1927210045,2025-12-23,
20261008,730,670,60,rolling_horizon,naive_previous_week,7,722,723,2,143.880104289,136.9806933036,2025-12-24,
20261008,730,670,60,rolling_horizon,naive_previous_week,7,722,724,3,126.2461868417,137.8994379973,2025-12-25,
20261008,730,670,60,rolling_horizon,naive_previous_week,7,722,725,4,107.3164425454,119.7019547049,2025-12-26,
20261008,730,670,60,rolling_horizon,naive_previous_week,7,722,726,5,118.4815108613,108.3331542232,2025-12-27,
20261008,730,670,60,rolling_horizon,naive_previous_week,7,722,727,6,115.7158276032,108.8625518294,2025-12-28,
20261008,730,670,60,rolling_horizon,naive_previous_week,7,722,728,7,127.5141535018,120.5254118304,2025-12-29,
20261008,730,670,60,rolling_horizon,naive_previous_week,7,723,723,1,143.880104289,136.9806933036,2025-12-24,
20261008,730,670,60,rolling_horizon,naive_previous_week,7,723,724,2,126.2461868417,137.8994379973,2025-12-25,
20261008,730,670,60,rolling_horizon,naive_previous_week,7,723,725,3,107.3164425454,119.7019547049,2025-12-26,
20261008,730,670,60,rolling_horizon,naive_previous_week,7,723,726,4,118.4815108613,108.3331542232,2025-12-27,
20261008,730,670,60,rolling_horizon,naive_previous_week,7,723,727,5,115.7158276032,108.8625518294,2025-12-28,
20261008,730,670,60,rolling_horizon,naive_previous_week,7,723,728,6,127.5141535018,120.5254118304,2025-12-29,
20261008,730,670,60,rolling_horizon,naive_previous_week,7,723,729,7,135.9980120378,139.3049085557,2025-12-30,
20261008,730,670,60,rolling_horizon,holt_winters_weekly,7,670,670,1,93.6787814212,86.5899468594097,2025-11-01,
20261008,730,670,60,rolling_horizon,holt_winters_weekly,7,670,671,2,88.2360415032,90.31041211153905,2025-11-02,
20261008,730,670,60,rolling_horizon,holt_winters_weekly,7,670,672,3,105.9545255841,102.70458836167451,2025-11-03,
20261008,730,670,60,rolling_horizon,holt_winters_weekly,7,670,673,4,119.7326428272,117.25269130179753,2025-11-04,
20261008,730,670,60,rolling_horizon,holt_winters_weekly,7,670,674,5,122.247387964,118.88818582621644,2025-11-05,
20261008,730,670,60,rolling_horizon,holt_winters_weekly,7,670,675,6,111.0550970756,111.80813946051566,2025-11-06,
20261008,730,670,60,rolling_horizon,holt_winters_weekly,7,670,676,7,102.903983799,93.93103642869553,2025-11-07,
20261008,730,670,60,rolling_horizon,holt_winters_weekly,7,671,671,1,88.2360415032,92.01173240636874,2025-11-02,
20261008,730,670,60,rolling_horizon,holt_winters_weekly,7,671,672,2,105.9545255841,104.68946203897582,2025-11-03,
20261008,730,670,60,rolling_horizon,holt_winters_weekly,7,671,673,3,119.7326428272,119.52111836157044,2025-11-04,
20261008,730,670,60,rolling_horizon,holt_winters_weekly,7,671,674,4,122.247387964,121.44016626846098,2025-11-05,
20261008,730,670,60,rolling_horizon,holt_winters_weekly,7,671,675,5,111.0550970756,114.64367328523181,2025-11-06,
20261008,730,670,60,rolling_horizon,holt_winters_weekly,7,671,676,6,102.903983799,97.0501236358833,2025-11-07,
20261008,730,670,60,rolling_horizon,holt_winters_weekly,7,671,677,7,85.6239730153,89.96339352721051,2025-11-08,
20261008,730,670,60,rolling_horizon,holt_winters_weekly,7,672,672,1,105.9545255841,103.78329622221531,2025-11-03,
20261008,730,670,60,rolling_horizon,holt_winters_weekly,7,672,673,2,119.7326428272,118.46392490868318,2025-11-04,
20261008,730,670,60,rolling_horizon,holt_winters_weekly,7,672,674,3,122.247387964,120.23194517944697,2025-11-05,
20261008,730,670,60,rolling_horizon,holt_winters_weekly,7,672,675,4,111.0550970756,113.28442456009105,2025-11-06,
20261008,730,670,60,rolling_horizon,holt_winters_weekly,7,672,676,5,102.903983799,95.5398472746158,2025-11-07,
20261008,730,670,60,rolling_horizon,holt_winters_weekly,7,672,677,6,85.6239730153,88.30208952981624,2025-11-08,
20261008,730,670,60,rolling_horizon,holt_winters_weekly,7,672,678,7,88.7840059698,90.41675645389702,2025-11-09,
20261008,730,670,60,rolling_horizon,holt_winters_weekly,7,673,673,1,119.7326428272,118.98501995553552,2025-11-04,
20261008,730,670,60,rolling_horizon,holt_winters_weekly,7,673,674,2,122.247387964,120.83988940077467,2025-11-05,
20261008,730,670,60,rolling_horizon,holt_winters_weekly,7,673,675,3,111.0550970756,113.97921795589416,2025-11-06,
20261008,730,670,60,rolling_horizon,holt_winters_weekly,7,673,676,4,102.903983799,96.32148984489427,2025-11-07,
20261008,730,670,60,rolling_horizon,holt_winters_weekly,7,673,677,5,85.6239730153,89.17058127457013,2025-11-08,
20261008,730,670,60,rolling_horizon,holt_winters_weekly,7,673,678,6,88.7840059698,91.37209737312628,2025-11-09,
20261008,730,670,60,rolling_horizon,holt_winters_weekly,7,673,679,7,105.4360307607,104.93715578649055,2025-11-10,
20261008,730,670,60,rolling_horizon,holt_winters_weekly,7,674,674,1,122.247387964,121.01931888997416,2025-11-05,
20261008,730,670,60,rolling_horizon,holt_winters_weekly,7,674,675,2,111.0550970756,114.18855235996023,2025-11-06,
20261008,730,670,60,rolling_horizon,holt_winters_weekly,7,674,676,3,102.903983799,96.56072916382693,2025-11-07,
20261008,730,670,60,rolling_horizon,holt_winters_weekly,7,674,677,4,85.6239730153,89.43972550836935,2025-11-08,
20261008,730,670,60,rolling_horizon,holt_winters_weekly,7,674,678,5,88.7840059698,91.6711465217921,2025-11-09,
20261008,730,670,60,rolling_horizon,holt_winters_weekly,7,674,679,6,105.4360307607,105.26610985002294,2025-11-10,
20261008,730,670,60,rolling_horizon,holt_winters_weekly,7,674,680,7,130.1261804302,119.83571558739754,2025-11-11,
20261008,730,670,60,rolling_horizon,holt_winters_weekly,7,675,675,1,111.0550970756,114.48328893772643,2025-11-06,
20261008,730,670,60,rolling_horizon,holt_winters_weekly,7,675,676,2,102.903983799,96.90458850455417,2025-11-07,
20261008,730,670,60,rolling_horizon,holt_winters_weekly,7,675,677,3,85.6239730153,89.83270761205763,2025-11-08,
20261008,730,670,60,rolling_horizon,holt_winters_weekly,7,675,678,4,88.7840059698,92.11325138844141,2025-11-09,
20261008,730,670,60,rolling_horizon,holt_winters_weekly,7,675,679,5,105.4360307607,105.75733747963328,2025-11-10,
20261008,730,670,60,rolling_horizon,holt_winters_weekly,7,675,680,6,130.1261804302,120.37606597996891,2025-11-11,
20261008,730,670,60,rolling_horizon,holt_winters_weekly,7,675,681,7,120.2341328764,122.38683449541351,2025-11-12,
20261008,730,670,60,rolling_horizon,holt_winters_weekly,7,676,676,1,102.903983799,96.08182245764384,2025-11-07,
20261008,730,670,60,rolling_horizon,holt_winters_weekly,7,676,677,2,85.6239730153,88.87281389066224,2025-11-08,
20261008,730,670,60,rolling_horizon,holt_winters_weekly,7,676,678,3,88.7840059698,91.01622999256097,2025-11-09,
20261008,730,670,60,rolling_horizon,holt_winters_weekly,7,676,679,4,105.4360307607,104.52318840926779,2025-11-10,
20261008,730,670,60,rolling_horizon,holt_winters_weekly,7,676,680,5,130.1261804302,119.00478923511838,2025-11-11,
20261008,730,670,60,rolling_horizon,holt_winters_weekly,7,676,681,6,120.2341328764,120.87843007607792,2025-11-12,
20261008,730,670,60,rolling_horizon,holt_winters_weekly,7,676,682,7,116.4643974318,113.2146568847556,2025-11-13,
20261008,730,670,60,rolling_horizon,holt_winters_weekly,7,677,677,1,85.6239730153,90.51013261258773,2025-11-08,
20261008,730,670,60,rolling_horizon,holt_winters_weekly,7,677,678,2,88.7840059698,92.92643516814069,2025-11-09,
20261008,730,670,60,rolling_horizon,holt_winters_weekly,7,677,679,3,105.4360307607,106.70628003850176,2025-11-10,
20261008,730,670,60,rolling_horizon,holt_winters_weekly,7,677,680,4,130.1261804302,121.46076731800659,2025-11-11,
20261008,730,670,60,rolling_horizon,holt_winters_weekly,7,677,681,5,120.2341328764,123.60729461262036,2025-11-12,
20261008,730,670,60,rolling_horizon,holt_winters_weekly,7,677,682,6,116.4643974318,116.2164078749523,2025-11-13,
20261008,730,670,60,rolling_horizon,holt_winters_weekly,7,677,683,7,91.643990521,100.41352273350645,2025-11-14,
20261008,730,670,60,rolling_horizon,holt_winters_weekly,7,678,678,1,88.7840059698,91.75375686479165,2025-11-09,
20261008,730,670,60,rolling_horizon,holt_winters_weekly,7,678,679,2,105.4360307607,105.33815535126122,2025-11-10,
20261008,730,670,60,rolling_horizon,holt_winters_weekly,7,678,680,3,130.1261804302,119.89719624687453,2025-11-11,
20261008,730,670,60,rolling_horizon,holt_winters_weekly,7,678,681,4,120.2341328764,121.84827715759681,2025-11-12,
20261008,730,670,60,rolling_horizon,holt_winters_weekly,7,678,682,5,116.4643974318,114.26194403603724,2025-11-13,
20261008,730,670,60,rolling_horizon,holt_winters_weekly,7,678,683,6,91.643990521,98.26361251069989,2025-11-14,
20261008,730,670,60,rolling_horizon,holt_winters_weekly,7,678,684,7,98.2022208221,89.25871266329798,2025-11-15,
20261008,730,670,60,rolling_horizon,holt_winters_weekly,7,679,679,1,105.4360307607,104.62541513646323,2025-11-10,
20261008,730,670,60,rolling_horizon,holt_winters_weekly,7,679,680,2,130.1261804302,119.06566599627688,2025-11-11,
20261008,730,670,60,rolling_horizon,holt_winters_weekly,7,679,681,3,120.2341328764,120.8979568711995,2025-11-12,
20261008,730,670,60,rolling_horizon,holt_winters_weekly,7,679,682,4,116.4643974318,113.19283371384024,2025-11-13,
20261008,730,670,60,rolling_horizon,holt_winters_weekly,7,679,683,5,91.643990521,97.07571215270323,2025-11-14,
20261008,730,670,60,rolling_horizon,holt_winters_weekly,7,679,684,6,98.2022208221,87.95202226950168,2025-11-15,
20261008,730,670,60,rolling_horizon,holt_winters_weekly,7,679,685,7,100.9062127562,90.36071379773085,2025-11-16,
20261008,730,670,60,rolling_horizon,holt_winters_weekly,7,680,680,1,130.1261804302,119.26021374609373,2025-11-11,
20261008,730,670,60,rolling_horizon,holt_winters_weekly,7,680,681,2,120.2341328764,121.12492924598583,2025-11-12,
20261008,730,670,60,rolling_horizon,holt_winters_weekly,7,680,682,3,116.4643974318,113.45223071359605,2025-11-13,
20261008,730,670,60,rolling_horizon,holt_winters_weekly,7,680,683,4,91.643990521,97.3675337774285,2025-11-14,
20261008,730,670,60,rolling_horizon,holt_winters_weekly,7,680,684,5,98.2022208221,88.27626851919642,2025-11-15,
20261008,730,670,60,rolling_horizon,holt_winters_weekly,7,680,685,6,100.9062127562,90.71738467239508,2025-11-16,
20261008,730,670,60,rolling_horizon,holt_winters_weekly,7,680,686,7,106.053250609,104.820276391111,2025-11-17,
20261008,730,670,60,rolling_horizon,holt_winters_weekly,7,681,681,1,120.2341328764,123.73276125017134,2025-11-12,
20261008,730,670,60,rolling_horizon,holt_winters_weekly,7,681,682,2,116.4643974318,116.49470138514582,2025-11-13,
20261008,730,670,60,rolling_horizon,holt_winters_weekly,7,681,683,3,91.643990521,100.84464311634254,2025-11-14,
20261008,730,670,60,rolling_horizon,holt_winters_weekly,7,681,684,4,98.2022208221,92.18801652547471,2025-11-15,
20261008,730,670,60,rolling_horizon,holt_winters_weekly,7,681,685,5,100.9062127562,95.06377134603761,2025-11-16,
20261008,730,670,60,rolling_horizon,holt_winters_weekly,7,681,686,6,106.053250609,109.60130173211778,2025-11-17,
20261008,730,670,60,rolling_horizon,holt_winters_weekly,7,681,687,7,116.1333607552,126.1174720538443,2025-11-18,
20261008,730,670,60,rolling_horizon,holt_winters_weekly,7,682,682,1,116.4643974318,115.6550305754407,2025-11-13,
20261008,730,670,60,rolling_horizon,holt_winters_weekly,7,682,683,2,91.643990521,99.86502717168656,2025-11-14,
20261008,730,670,60,rolling_horizon,holt_winters_weekly,7,682,684,3,98.2022208221,91.06845544586788,2025-11-15,
20261008,730,670,60,rolling_horizon,holt_winters_weekly,7,682,685,4,100.9062127562,93.80426513147994,2025-11-16,
20261008,730,670,60,rolling_horizon,holt_winters_weekly,7,682,686,5,106.053250609,108.20185038260925,2025-11-17,
20261008,730,670,60,rolling_horizon,holt_winters_weekly,7,682,687,6,116.1333607552,124.57807556938491,2025-11-18,
20261008,730,670,60,rolling_horizon,holt_winters_weekly,7,682,688,7,131.4291834004,124.43914939242998,2025-11-19,
20261008,730,670,60,rolling_horizon,holt_winters_weekly,7,683,683,1,91.643990521,100.0592752172128,2025-11-14,
20261008,730,670,60,rolling_horizon,holt_winters_weekly,7,683,684,2,98.2022208221,91.29507816564849,2025-11-15,
20261008,730,670,60,rolling_horizon,holt_winters_weekly,7,683,685,3,100.9062127562,94.06326252551493,2025-11-16,
20261008,730,670,60,rolling_horizon,holt_winters_weekly,7,683,686,4,106.053250609,108.49322245089861,2025-11-17,
20261008,730,670,60,rolling_horizon,holt_winters_weekly,7,683,687,5,116.1333607552,124.90182231192864,2025-11-18,
20261008,730,670,60,rolling_horizon,holt_winters_weekly,7,683,688,6,131.4291834004,124.79527080922809,2025-11-19,
20261008,730,670,60,rolling_horizon,holt_winters_weekly,7,683,689,7,117.2375226637,118.13891972032698,2025-11-20,
20261008,730,670,60,rolling_horizon,holt_winters_weekly,7,684,684,1,98.2022208221,89.27540983855744,2025-11-15,
20261008,730,670,60,rolling_horizon,holt_winters_weekly,7,684,685,2,100.9062127562,91.70698281057535,2025-11-16,
20261008,730,670,60,rolling_horizon,holt_winters_weekly,7,684,686,3,106.053250609,105.80033134811053,2025-11-17,
20261008,730,670,60,rolling_horizon,holt_winters_weekly,7,684,687,4,116.1333607552,121.87231982129205,2025-11-18,
20261008,730,670,60,rolling_horizon,holt_winters_weekly,7,684,688,5,131.4291834004,121.42915693074299,2025-11-19,
20261008,730,670,60,rolling_horizon,holt_winters_weekly,7,684,689,6,117.2375226637,114.43619445399338,2025-11-20,
20261008,730,670,60,rolling_horizon,holt_winters_weekly,7,684,690,7,104.4585069656,96.86601008823357,2025-11-21,
20261008,730,670,60,rolling_horizon,holt_winters_weekly,7,685,685,1,100.9062127562,93.84941744662558,2025-11-16,
20261008,730,670,60,rolling_horizon,holt_winters_weekly,7,685,686,2,106.053250609,108.29983842350246,2025-11-17,
20261008,730,670,60,rolling_horizon,holt_winters_weekly,7,685,687,3,116.1333607552,124.72889933602568,2025-11-18,
20261008,730,670,60,rolling_horizon,holt_winters_weekly,7,685,688,4,131.4291834004,124.64280888481832,2025-11-19,
20261008,730,670,60,rolling_horizon,holt_winters_weekly,7,685,689,5,117.2375226637,118.00691884741042,2025-11-20,
20261008,730,670,60,rolling_horizon,holt_winters_weekly,7,685,690,6,104.4585069656,100.79380692099231,2025-11-21,
20261008,730,670,60,rolling_horizon,holt_winters_weekly,7,685,691,7,101.0512216839,94.82480622968205,2025-11-22,
20261008,730,670,60,rolling_horizon,holt_winters_weekly,7,686,686,1,106.053250609,109.99346929780033,2025-11-17,
20261008,730,670,60,rolling_horizon,holt_winters_weekly,7,686,687,2,116.1333607552,126.70480202270653,2025-11-18,
20261008,730,670,60,rolling_horizon,holt_winters_weekly,7,686,688,3,131.4291834004,126.90098338388216,2025-11-19,
20261008,730,670,60,rolling_horizon,holt_winters_weekly,7,686,689,4,117.2375226637,120.54736515885723,2025-11-20,
20261008,730,670,60,rolling_horizon,holt_winters_weekly,7,686,690,5,104.4585069656,103.6165250448221,2025-11-21,
20261008,730,670,60,rolling_horizon,holt_winters_weekly,7,686,691,6,101.0512216839,97.92979616589483,2025-11-22,
20261008,730,670,60,rolling_horizon,holt_winters_weekly,7,686,692,7,106.7080803311,100.70151088180252,2025-11-23,
20261008,730,670,60,rolling_horizon,holt_winters_weekly,7,687,687,1,116.1333607552,125.75914953739446,2025-11-18,
20261008,730,670,60,rolling_horizon,holt_winters_weekly,7,687,688,2,131.4291834004,125.79772215101806,2025-11-19,
20261008,730,670,60,rolling_horizon,holt_winters_weekly,7,687,689,3,117.2375226637,119.28649517844113,2025-11-20,
20261008,730,670,60,rolling_horizon,holt_winters_weekly,7,687,690,4,104.4585069656,102.19804631685398,2025-11-21,
20261008,730,670,60,rolling_horizon,holt_winters_weekly,7,687,691,5,101.0512216839,96.3537086903747,2025-11-22,
20261008,730,670,60,rolling_horizon,holt_winters_weekly,7,687,692,6,106.7080803311,98.96781465873038,2025-11-23,
20261008,730,670,60,rolling_horizon,holt_winters_weekly,7,687,693,7,104.8566719454,111.78337646069826,2025-11-24,
20261008,730,670,60,rolling_horizon,holt_winters_weekly,7,688,688,1,131.4291834004,123.4875328432914,2025-11-19,
20261008,730,670,60,rolling_horizon,holt_winters_weekly,7,688,689,2,117.2375226637,116.59127431942669,2025-11-20,
20261008,730,670,60,rolling_horizon,holt_winters_weekly,7,688,690,3,104.4585069656,99.11779390655177,2025-11-21,
20261008,730,670,60,rolling_horizon,holt_winters_weekly,7,688,691,4,101.0512216839,92.8884247287847,2025-11-22,
20261008,730,670,60,rolling_horizon,holt_winters_weekly,7,688,692,5,106.7080803311,95.1174991458526,2025-11-23,
20261008,730,670,60,rolling_horizon,holt_winters_weekly,7,688,693,6,104.8566719454,107.54802939653271,2025-11-24,
20261008,730,670,60,rolling_horizon,holt_winters_weekly,7,688,694,7,141.7294464397,122.80703060765607,2025-11-25,
20261008,730,670,60,rolling_horizon,holt_winters_weekly,7,689,689,1,117.2375226637,118.49727045313276,2025-11-20,
20261008,730,670,60,rolling_horizon,holt_winters_weekly,7,689,690,2,104.4585069656,101.34145606254218,2025-11-21,
20261008,730,670,60,rolling_horizon,holt_winters_weekly,7,689,691,3,101.0512216839,95.42975290705947,2025-11-22,
20261008,730,670,60,rolling_horizon,holt_winters_weekly,7,689,692,4,106.7080803311,97.97649334641171,2025-11-23,
20261008,730,670,60,rolling_horizon,holt_winters_weekly,7,689,693,5,104.8566719454,110.72468961937616,2025-11-24,
20261008,730,670,60,rolling_horizon,holt_winters_weekly,7,689,694,6,141.7294464397,126.30135685278388,2025-11-25,
20261008,730,670,60,rolling_horizon,holt_winters_weekly,7,689,695,7,130.7468418113,129.08335423169254,2025-11-26,
20261008,730,670,60,rolling_horizon,holt_winters_weekly,7,690,690,1,104.4585069656,101.03911659307832,2025-11-21,
20261008,730,670,60,rolling_horizon,holt_winters_weekly,7,690,691,2,101.0512216839,95.07702352601831,2025-11-22,
20261008,730,670,60,rolling_horizon,holt_winters_weekly,7,690,692,3,106.7080803311,97.57337405379324,2025-11-23,
20261008,730,670,60,rolling_horizon,holt_winters_weekly,7,690,693,4,104.8566719454,110.27118041518038,2025-11-24,
20261008,730,670,60,rolling_horizon,holt_winters_weekly,7,690,694,5,141.7294464397,125.79745773701077,2025-11-25,
20261008,730,670,60,rolling_horizon,holt_winters_weekly,7,690,695,6,130.7468418113,128.52906520434215,2025-11-26,
20261008,730,670,60,rolling_horizon,holt_winters_weekly,7,690,696,7,128.4356754052,120.42785905573784,2025-11-27,
20261008,730,670,60,rolling_horizon,holt_winters_weekly,7,691,691,1,101.0512216839,95.8976772154235,2025-11-22,
20261008,730,670,60,rolling_horizon,holt_winters_weekly,7,691,692,2,106.7080803311,98.5308033580993,2025-11-23,
20261008,730,670,60,rolling_horizon,holt_winters_weekly,7,691,693,3,104.8566719454,111.36538533438731,2025-11-24,
20261008,730,670,60,rolling_horizon,holt_winters_weekly,7,691,694,4,141.7294464397,127.02843827111857,2025-11-25,
20261008,730,670,60,rolling_horizon,holt_winters_weekly,7,691,695,5,130.7468418113,129.8968213533508,2025-11-26,
20261008,730,670,60,rolling_horizon,holt_winters_weekly,7,691,696,6,128.4356754052,121.93239081964737,2025-11-27,
20261008,730,670,60,rolling_horizon,holt_winters_weekly,7,691,697,7,106.0560514778,105.61162423829305,2025-11-28,
20261008,730,670,60,rolling_horizon,holt_winters_weekly,7,692,692,1,106.7080803311,99.76765403053368,2025-11-23,
20261008,730,670,60,rolling_horizon,holt_winters_weekly,7,692,693,2,104.8566719454,112.80837778556074,2025-11-24,
20261008,730,670,60,rolling_horizon,holt_winters_weekly,7,692,694,3,141.7294464397,128.67757250103108,2025-11-25,
20261008,730,670,60,rolling_horizon,holt_winters_weekly,7,692,695,4,130.7468418113,131.75209736200233,2025-11-26,
20261008,730,670,60,rolling_horizon,holt_winters_weekly,7,692,696,5,128.4356754052,123.99380860703798,2025-11-27,
20261008,730,670,60,rolling_horizon,holt_winters_weekly,7,692,697,6,106.0560514778,107.87918380442272,2025-11-28,
20261008,730,670,60,rolling_horizon,holt_winters_weekly,7,692,698,7,87.0788274448,102.5374727863554,2025-11-29,
20261008,730,670,60,rolling_horizon,holt_winters_weekly,7,693,693,1,104.8566719454,114.47408009769669,2025-11-24,
20261008,730,670,60,rolling_horizon,holt_winters_weekly,7,693,694,2,141.7294464397,130.62089186518966,2025-11-25,
20261008,730,670,60,rolling_horizon,holt_winters_weekly,7,693,695,3,130.7468418113,133.9730337781836,2025-11-26,
20261008,730,670,60,rolling_horizon,holt_winters_weekly,7,693,696,4,128.4356754052,126.4923620752419,2025-11-27,
20261008,730,670,60,rolling_horizon,holt_winters_weekly,7,693,697,5,106.0560514778,110.6553543246493,2025-11-28,
20261008,730,670,60,rolling_horizon,holt_winters_weekly,7,693,698,6,87.0788274448,105.59126035860464,2025-11-29,
20261008,730,670,60,rolling_horizon,holt_winters_weekly,7,693,699,7,103.140705212,108.99404642517653,2025-11-30,
20261008,730,670,60,rolling_horizon,holt_winters_weekly,7,694,694,1,141.7294464397,128.31271390863844,2025-11-25,
20261008,730,670,60,rolling_horizon,holt_winters_weekly,7,694,695,2,130.7468418113,131.28015949554054,2025-11-26,
20261008,730,670,60,rolling_horizon,holt_winters_weekly,7,694,696,3,128.4356754052,123.41479146650695,2025-11-27,
20261008,730,670,60,rolling_horizon,holt_winters_weekly,7,694,697,4,106.0560514778,107.1930873898225,2025-11-28,
20261008,730,670,60,rolling_horizon,holt_winters_weekly,7,694,698,5,87.0788274448,101.74429709768596,2025-11-29,
20261008,730,670,60,rolling_horizon,holt_winters_weekly,7,694,699,6,103.140705212,104.762386838166,2025-11-30,
20261008,730,670,60,rolling_horizon,holt_winters_weekly,7,694,700,7,113.8373914368,115.04677780666577,2025-12-01,
20261008,730,670,60,rolling_horizon,holt_winters_weekly,7,695,695,1,130.7468418113,134.5001753029953,2025-11-26,
20261008,730,670,60,rolling_horizon,holt_winters_weekly,7,695,696,2,128.4356754052,127.1714765752042,2025-11-27,
20261008,730,670,60,rolling_horizon,holt_winters_weekly,7,695,697,3,106.0560514778,111.48644179976219,2025-11-28,
20261008,730,670,60,rolling_horizon,holt_winters_weekly,7,695,698,4,87.0788274448,106.57432080886812,2025-11-29,
20261008,730,670,60,rolling_horizon,holt_winters_weekly,7,695,699,5,103.140705212,110.12907985059061,2025-11-30,
20261008,730,670,60,rolling_horizon,holt_winters_weekly,7,695,700,6,113.8373914368,120.95014012033286,2025-12-01,
20261008,730,670,60,rolling_horizon,holt_winters_weekly,7,695,701,7,128.6959921408,140.93438737231375,2025-12-02,
20261008,730,670,60,rolling_horizon,holt_winters_weekly,7,696,696,1,128.4356754052,126.27067653719732,2025-11-27,
20261008,730,670,60,rolling_horizon,holt_winters_weekly,7,696,697,2,106.0560514778,110.43550842208751,2025-11-28,
20261008,730,670,60,rolling_horizon,holt_winters_weekly,7,696,698,3,87.0788274448,105.37325409152562,2025-11-29,
20261008,730,670,60,rolling_horizon,holt_winters_weekly,7,696,699,4,103.140705212,108.7778797935803,2025-11-30,
20261008,730,670,60,rolling_horizon,holt_winters_weekly,7,696,700,5,113.8373914368,119.44880672365474,2025-12-01,
20261008,730,670,60,rolling_horizon,holt_winters_weekly,7,696,701,6,128.6959921408,139.2829206359678,2025-12-02,
20261008,730,670,60,rolling_horizon,holt_winters_weekly,7,696,702,7,124.9544385883,139.88969162080343,2025-12-03,
20261008,730,670,60,rolling_horizon,holt_winters_weekly,7,697,697,1,106.0560514778,110.95510815040815,2025-11-28,
20261008,730,670,60,rolling_horizon,holt_winters_weekly,7,697,698,2,87.0788274448,105.97945377456638,2025-11-29,
20261008,730,670,60,rolling_horizon,holt_winters_weekly,7,697,699,3,103.140705212,109.47067943134117,2025-11-30,
20261008,730,670,60,rolling_horizon,holt_winters_weekly,7,697,700,4,113.8373914368,120.22820631613571,2025-12-01,
20261008,730,670,60,rolling_horizon,holt_winters_weekly,7,697,701,5,128.6959921408,140.14892018316888,2025-12-02,
20261008,730,670,60,rolling_horizon,holt_winters_weekly,7,697,702,6,124.9544385883,140.84229112272462,2025-12-03,
20261008,730,670,60,rolling_horizon,holt_winters_weekly,7,697,703,7,123.0392046882,134.39699218753748,2025-12-04,
20261008,730,670,60,rolling_horizon,holt_winters_weekly,7,698,698,1,87.0788274448,104.80368017314045,2025-11-29,
20261008,730,670,60,rolling_horizon,holt_winters_weekly,7,698,699,2,103.140705212,108.0989435630109,2025-11-30,
20261008,730,670,60,rolling_horizon,holt_winters_weekly,7,698,700,3,113.8373914368,118.66050818090113,2025-12-01,
20261008,730,670,60,rolling_horizon,holt_winters_weekly,7,698,701,4,128.6959921408,138.38525978103,2025-12-02,
20261008,730,670,60,rolling_horizon,holt_winters_weekly,7,698,702,5,124.9544385883,138.8826684536814,2025-12-03,
20261008,730,670,60,rolling_horizon,holt_winters_weekly,7,698,703,6,123.0392046882,132.24140725158992,2025-12-04,
20261008,730,670,60,rolling_horizon,holt_winters_weekly,7,698,704,7,112.0375299996,115.16662793779818,2025-12-05,
20261008,730,670,60,rolling_horizon,holt_winters_weekly,7,699,699,1,103.140705212,103.8449789082092,2025-11-30,
20261008,730,670,60,rolling_horizon,holt_winters_weekly,7,699,700,2,113.8373914368,113.6975494169658,2025-12-01,
20261008,730,670,60,rolling_horizon,holt_winters_weekly,7,699,701,3,128.6959921408,132.71330690796106,2025-12-02,
20261008,730,670,60,rolling_horizon,holt_winters_weekly,7,699,702,4,124.9544385883,132.50172147147885,2025-12-03,
20261008,730,670,60,rolling_horizon,holt_winters_weekly,7,699,703,5,123.0392046882,125.15146616025376,2025-12-04,
20261008,730,670,60,rolling_horizon,holt_winters_weekly,7,699,704,6,112.0375299996,107.36769273732838,2025-12-05,
20261008,730,670,60,rolling_horizon,holt_winters_weekly,7,699,705,7,94.7981017475,99.43495461653148,2025-12-06,
20261008,730,670,60,rolling_horizon,holt_winters_weekly,7,700,700,1,113.8373914368,113.5285237298756,2025-12-01,
20261008,730,670,60,rolling_horizon,holt_winters_weekly,7,700,701,2,128.6959921408,132.5161102730225,2025-12-02,
20261008,730,670,60,rolling_horizon,holt_winters_weekly,7,700,702,3,124.9544385883,132.27635388869192,2025-12-03,
20261008,730,670,60,rolling_horizon,holt_winters_weekly,7,700,703,4,123.0392046882,124.89792762961847,2025-12-04,
20261008,730,670,60,rolling_horizon,holt_winters_weekly,7,700,704,5,112.0375299996,107.08598325884472,2025-12-05,
20261008,730,670,60,rolling_horizon,holt_winters_weekly,7,700,705,6,94.7981017475,99.12507419019946,2025-12-06,
20261008,730,670,60,rolling_horizon,holt_winters_weekly,7,700,706,7,97.1541570139,104.40646516822893,2025-12-07,
20261008,730,670,60,rolling_horizon,holt_winters_weekly,7,701,701,1,128.6959921408,132.59023852268433,2025-12-02,
20261008,730,670,60,rolling_horizon,holt_winters_weekly,7,701,702,2,124.9544385883,132.36283684663073,2025-12-03,
20261008,730,670,60,rolling_horizon,holt_winters_weekly,7,701,703,3,123.0392046882,124.99676529583427,2025-12-04,
20261008,730,670,60,rolling_horizon,holt_winters_weekly,7,701,704,4,112.0375299996,107.19717563333748,2025-12-05,
20261008,730,670,60,rolling_horizon,holt_winters_weekly,7,701,705,5,94.7981017475,99.24862127296922,2025-12-06,
20261008,730,670,60,rolling_horizon,holt_winters_weekly,7,701,706,6,97.1541570139,104.54236695927567,2025-12-07,
20261008,730,670,60,rolling_horizon,holt_winters_weekly,7,701,707,7,116.0552552441,114.54122385296226,2025-12-08,
20261008,730,670,60,rolling_horizon,holt_winters_weekly,7,702,702,1,124.9544385883,131.4282177149785,2025-12-03,
20261008,730,670,60,rolling_horizon,holt_winters_weekly,7,702,703,2,123.0392046882,123.90637630890666,2025-12-04,
20261008,730,670,60,rolling_horizon,holt_winters_weekly,7,702,704,3,112.0375299996,105.95101679113452,2025-12-05,
20261008,730,670,60,rolling_horizon,holt_winters_weekly,7,702,705,4,94.7981017475,97.84669257549086,2025-12-06,
20261008,730,670,60,rolling_horizon,holt_winters_weekly,7,702,706,5,97.1541570139,102.98466840652193,2025-12-07,
20261008,730,670,60,rolling_horizon,holt_winters_weekly,7,702,707,6,116.0552552441,112.82775544493316,2025-12-08,
20261008,730,670,60,rolling_horizon,holt_winters_weekly,7,702,708,7,124.9869441925,130.99942858687223,2025-12-09,
20261008,730,670,60,rolling_horizon,holt_winters_weekly,7,703,703,1,123.0392046882,122.35266931850381,2025-12-04,
20261008,730,670,60,rolling_horizon,holt_winters_weekly,7,703,704,2,112.0375299996,104.13835863566453,2025-12-05,
20261008,730,670,60,rolling_horizon,holt_winters_weekly,7,703,705,3,94.7981017475,95.77508325495376,2025-12-06,
20261008,730,670,60,rolling_horizon,holt_winters_weekly,7,703,706,4,97.1541570139,100.65410792091768,2025-12-07,
20261008,730,670,60,rolling_horizon,holt_winters_weekly,7,703,707,5,116.0552552441,110.23824379426176,2025-12-08,
20261008,730,670,60,rolling_horizon,holt_winters_weekly,7,703,708,6,124.9869441925,128.1509657711337,2025-12-09,
20261008,730,670,60,rolling_horizon,holt_winters_weekly,7,703,709,7,133.985128528,127.09611783557054,2025-12-10,
20261008,730,670,60,rolling_horizon,holt_winters_weekly,7,704,704,1,112.0375299996,104.30312712439161,2025-12-05,
20261008,730,670,60,rolling_horizon,holt_winters_weekly,7,704,705,2,94.7981017475,95.96731315846867,2025-12-06,
20261008,730,670,60,rolling_horizon,holt_winters_weekly,7,704,706,3,97.1541570139,100.87379923922046,2025-12-07,
20261008,730,670,60,rolling_horizon,holt_winters_weekly,7,704,707,4,116.0552552441,110.48539652735239,2025-12-08,
20261008,730,670,60,rolling_horizon,holt_winters_weekly,7,704,708,5,124.9869441925,128.4255799190122,2025-12-09,
20261008,730,670,60,rolling_horizon,holt_winters_weekly,7,704,709,6,133.985128528,127.39819339823686,2025-12-10,
20261008,730,670,60,rolling_horizon,holt_winters_weekly,7,704,710,7,129.1625511456,120.79051256130566,2025-12-11,
20261008,730,670,60,rolling_horizon,holt_winters_weekly,7,705,705,1,94.7981017475,97.8235698485187,2025-12-06,
20261008,730,670,60,rolling_horizon,holt_winters_weekly,7,705,706,2,97.1541570139,103.03943204427881,2025-12-07,
20261008,730,670,60,rolling_horizon,holt_winters_weekly,7,705,707,3,116.0552552441,112.96040544741909,2025-12-08,
20261008,730,670,60,rolling_horizon,holt_winters_weekly,7,705,708,4,124.9869441925,131.2099649540872,2025-12-09,
20261008,730,670,60,rolling_horizon,holt_winters_weekly,7,705,709,5,133.985128528,130.49195454832022,2025-12-10,
20261008,730,670,60,rolling_horizon,holt_winters_weekly,7,705,710,6,129.1625511456,124.19364982639736,2025-12-11,
20261008,730,670,60,rolling_horizon,holt_winters_weekly,7,705,711,7,102.4427018659,107.44383547423622,2025-12-12,
20261008,730,670,60,rolling_horizon,holt_winters_weekly,7,706,706,1,97.1541570139,102.31331970003434,2025-12-07,
20261008,730,670,60,rolling_horizon,holt_winters_weekly,7,706,707,2,116.0552552441,112.11327437913386,2025-12-08,
20261008,730,670,60,rolling_horizon,holt_winters_weekly,7,706,708,3,124.9869441925,130.24181516176122,2025-12-09,
20261008,730,670,60,rolling_horizon,holt_winters_weekly,7,706,709,4,133.985128528,129.4027860319535,2025-12-10,
20261008,730,670,60,rolling_horizon,holt_winters_weekly,7,706,710,5,129.1625511456,122.9834625859899,2025-12-11,
20261008,730,670,60,rolling_horizon,holt_winters_weekly,7,706,711,6,102.4427018659,106.11262950978801,2025-12-12,
20261008,730,670,60,rolling_horizon,holt_winters_weekly,7,706,712,7,97.2419952584,96.24359357863631,2025-12-13,
20261008,730,670,60,rolling_horizon,holt_winters_weekly,7,707,707,1,116.0552552441,110.87507533446163,2025-12-08,
20261008,730,670,60,rolling_horizon,holt_winters_weekly,7,707,708,2,124.9869441925,128.79724960964364,2025-12-09,
20261008,730,670,60,rolling_horizon,holt_winters_weekly,7,707,709,3,133.985128528,127.75185397239053,2025-12-10,
20261008,730,670,60,rolling_horizon,holt_winters_weekly,7,707,710,4,129.1625511456,121.12616401898156,2025-12-11,
20261008,730,670,60,rolling_horizon,holt_winters_weekly,7,707,711,5,102.4427018659,104.04896443533428,2025-12-12,
20261008,730,670,60,rolling_horizon,holt_winters_weekly,7,707,712,6,97.2419952584,93.97356199673723,2025-12-13,
20261008,730,670,60,rolling_horizon,holt_winters_weekly,7,707,713,7,114.2274385444,98.52064782739274,2025-12-14,
20261008,730,670,60,rolling_horizon,holt_winters_weekly,7,708,708,1,124.9869441925,130.04049278795685,2025-12-09,
20261008,730,670,60,rolling_horizon,holt_winters_weekly,7,708,709,2,133.985128528,129.20230434708927,2025-12-10,
20261008,730,670,60,rolling_horizon,holt_winters_weekly,7,708,710,3,129.1625511456,122.78382159006584,2025-12-11,
20261008,730,670,60,rolling_horizon,holt_winters_weekly,7,708,711,4,102.4427018659,105.91382920280411,2025-12-12,
20261008,730,670,60,rolling_horizon,holt_winters_weekly,7,708,712,5,97.2419952584,96.0456339605926,2025-12-13,
20261008,730,670,60,rolling_horizon,holt_winters_weekly,7,708,713,6,114.2274385444,100.79992698763363,2025-12-14,
20261008,730,670,60,rolling_horizon,holt_winters_weekly,7,708,714,7,124.6821661264,112.25501717099694,2025-12-15,
20261008,730,670,60,rolling_horizon,holt_winters_weekly,7,709,709,1,133.985128528,127.98945268417964,2025-12-10,
20261008,730,670,60,rolling_horizon,holt_winters_weekly,7,709,710,2,129.1625511456,121.36882798333792,2025-12-11,
20261008,730,670,60,rolling_horizon,holt_winters_weekly,7,709,711,3,102.4427018659,104.29669365225793,2025-12-12,
20261008,730,670,60,rolling_horizon,holt_winters_weekly,7,709,712,4,97.2419952584,94.22635646622814,2025-12-13,
20261008,730,670,60,rolling_horizon,holt_winters_weekly,7,709,713,5,114.2274385444,98.7785075494509,2025-12-14,
20261008,730,670,60,rolling_horizon,holt_winters_weekly,7,709,714,6,124.6821661264,110.03145578899593,2025-12-15,
20261008,730,670,60,rolling_horizon,holt_winters_weekly,7,709,715,7,137.1927210045,126.32129875592997,2025-12-16,
20261008,730,670,60,rolling_horizon,holt_winters_weekly,7,710,710,1,129.1625511456,122.80779018585481,2025-12-11,
20261008,730,670,60,rolling_horizon,holt_winters_weekly,7,710,711,2,102.4427018659,105.97548288852762,2025-12-12,
20261008,730,670,60,rolling_horizon,holt_winters_weekly,7,710,712,3,97.2419952584,96.14497273625065,2025-12-13,
20261008,730,670,60,rolling_horizon,holt_winters_weekly,7,710,713,4,114.2274385444,100.93695085322622,2025-12-14,
20261008,730,670,60,rolling_horizon,holt_winters_weekly,7,710,714,5,124.6821661264,112.42972612652407,2025-12-15,
20261008,730,670,60,rolling_horizon,holt_winters_weekly,7,710,715,6,137.1927210045,128.95939612721094,2025-12-16,
20261008,730,670,60,rolling_horizon,holt_winters_weekly,7,710,716,7,136.9806933036,129.92676868656224,2025-12-17,
20261008,730,670,60,rolling_horizon,holt_winters_weekly,7,711,711,1,102.4427018659,107.50062551886647,2025-12-12,
20261008,730,670,60,rolling_horizon,holt_winters_weekly,7,711,712,2,97.2419952584,97.9243058049793,2025-12-13,
20261008,730,670,60,rolling_horizon,holt_winters_weekly,7,711,713,3,114.2274385444,102.97047436034468,2025-12-14,
20261008,730,670,60,rolling_horizon,holt_winters_weekly,7,711,714,4,124.6821661264,114.71744007203233,2025-12-15,
20261008,730,670,60,rolling_horizon,holt_winters_weekly,7,711,715,5,137.1927210045,131.501300511109,2025-12-16,
20261008,730,670,60,rolling_horizon,holt_winters_weekly,7,711,716,6,136.9806933036,132.7228635088501,2025-12-17,
20261008,730,670,60,rolling_horizon,holt_winters_weekly,7,711,717,7,137.8994379973,126.653709898699,2025-12-18,
20261008,730,670,60,rolling_horizon,holt_winters_weekly,7,712,712,1,97.2419952584,96.71040412826736,2025-12-13,
20261008,730,670,60,rolling_horizon,holt_winters_weekly,7,712,713,2,114.2274385444,101.55425573751408,2025-12-14,
20261008,730,670,60,rolling_horizon,holt_winters_weekly,7,712,714,3,124.6821661264,113.09890450308309,2025-12-15,
20261008,730,670,60,rolling_horizon,holt_winters_weekly,7,712,715,4,137.1927210045,129.6804479960411,2025-12-16,
20261008,730,670,60,rolling_horizon,holt_winters_weekly,7,712,716,5,136.9806933036,130.69969404766357,2025-12-17,
20261008,730,670,60,rolling_horizon,holt_winters_weekly,7,712,717,6,137.8994379973,124.4282234913938,2025-12-18,
20261008,730,670,60,rolling_horizon,holt_winters_weekly,7,712,718,7,119.7019547049,105.8217601483039,2025-12-19,
20261008,730,670,60,rolling_horizon,holt_winters_weekly,7,713,713,1,114.2274385444,101.68183760874594,2025-12-14,
20261008,730,670,60,rolling_horizon,holt_winters_weekly,7,713,714,2,124.6821661264,113.24775001952024,2025-12-15,
20261008,730,670,60,rolling_horizon,holt_winters_weekly,7,713,715,3,137.1927210045,129.85055715768357,2025-12-16,
20261008,730,670,60,rolling_horizon,holt_winters_weekly,7,713,716,4,136.9806933036,130.89106685451134,2025-12-17,
20261008,730,670,60,rolling_horizon,holt_winters_weekly,7,713,717,5,137.8994379973,124.64085994344687,2025-12-18,
20261008,730,670,60,rolling_horizon,holt_winters_weekly,7,713,718,6,119.7019547049,106.05566024556227,2025-12-19,
20261008,730,670,60,rolling_horizon,holt_winters_weekly,7,713,719,7,108.3331542232,97.19260959605761,2025-12-20,
20261008,730,670,60,rolling_horizon,holt_winters_weekly,7,714,714,1,124.6821661264,116.25869424407725,2025-12-15,
20261008,730,670,60,rolling_horizon,holt_winters_weekly,7,714,715,2,137.1927210045,133.36332541966672,2025-12-16,
20261008,730,670,60,rolling_horizon,holt_winters_weekly,7,714,716,3,136.9806933036,134.90565915392068,2025-12-17,
20261008,730,670,60,rolling_horizon,holt_winters_weekly,7,714,717,4,137.8994379973,129.1572762802824,2025-12-18,
20261008,730,670,60,rolling_horizon,holt_winters_weekly,7,714,718,5,119.7019547049,111.07390061982395,2025-12-19,
20261008,730,670,60,rolling_horizon,holt_winters_weekly,7,714,719,6,108.3331542232,102.71267400774545,2025-12-20,
20261008,730,670,60,rolling_horizon,holt_winters_weekly,7,714,720,7,108.8625518294,110.00185486850708,2025-12-21,
20261008,730,670,60,rolling_horizon,holt_winters_weekly,7,715,715,1,137.1927210045,135.3849586714242,2025-12-16,
20261008,730,670,60,rolling_horizon,holt_winters_weekly,7,715,716,2,136.9806933036,137.26423128097105,2025-12-17,
20261008,730,670,60,rolling_horizon,holt_winters_weekly,7,715,717,3,137.8994379973,131.85278728262566,2025-12-18,
20261008,730,670,60,rolling_horizon,holt_winters_weekly,7,715,718,4,119.7019547049,114.10635049746013,2025-12-19,
20261008,730,670,60,rolling_horizon,holt_winters_weekly,7,715,719,5,108.3331542232,106.08206276067455,2025-12-20,
20261008,730,670,60,rolling_horizon,holt_winters_weekly,7,715,720,6,108.8625518294,113.7081824967291,2025-12-21,
20261008,730,670,60,rolling_horizon,holt_winters_weekly,7,715,721,7,120.5254118304,125.45331717168948,2025-12-22,
20261008,730,670,60,rolling_horizon,holt_winters_weekly,7,716,716,1,136.9806933036,137.69809424090926,2025-12-17,
20261008,730,670,60,rolling_horizon,holt_winters_weekly,7,716,717,2,137.8994379973,132.3589607358869,2025-12-18,
20261008,730,670,60,rolling_horizon,holt_winters_weekly,7,716,718,3,119.7019547049,114.68483444404441,2025-12-19,
20261008,730,670,60,rolling_horizon,holt_winters_weekly,7,716,719,4,108.3331542232,106.73285720058186,2025-12-20,
20261008,730,670,60,rolling_horizon,holt_winters_weekly,7,716,720,5,108.8625518294,114.43128742995943,2025-12-21,
20261008,730,670,60,rolling_horizon,holt_winters_weekly,7,716,721,6,120.5254118304,126.24873259824285,2025-12-22,
20261008,730,670,60,rolling_horizon,holt_winters_weekly,7,716,722,7,139.3049085557,142.70409961456875,2025-12-23,
20261008,730,670,60,rolling_horizon,holt_winters_weekly,7,717,717,1,137.8994379973,132.18678451093268,2025-12-18,
20261008,730,670,60,rolling_horizon,holt_winters_weekly,7,717,718,2,119.7019547049,114.48396218159782,2025-12-19,
20261008,730,670,60,rolling_horizon,holt_winters_weekly,7,717,719,3,108.3331542232,106.5032889006429,2025-12-20,
20261008,730,670,60,rolling_horizon,holt_winters_weekly,7,717,720,4,108.8625518294,114.17302309252811,2025-12-21,
20261008,730,670,60,rolling_horizon,holt_winters_weekly,7,717,721,5,120.5254118304,125.96177222331917,2025-12-22,
20261008,730,670,60,rolling_horizon,holt_winters_weekly,7,717,722,6,139.3049085557,142.3884432021527,2025-12-23,
20261008,730,670,60,rolling_horizon,holt_winters_weekly,7,717,723,7,143.880104289,143.90730414426864,2025-12-24,
20261008,730,670,60,rolling_horizon,holt_winters_weekly,7,718,718,1,119.7019547049,115.854999018326,2025-12-19,
20261008,730,670,60,rolling_horizon,holt_winters_weekly,7,718,719,2,108.3331542232,108.10283187682577,2025-12-20,
20261008,730,670,60,rolling_horizon,holt_winters_weekly,7,718,720,3,108.8625518294,116.00107220816567,2025-12-21,
20261008,730,670,60,rolling_horizon,holt_winters_weekly,7,718,721,4,120.5254118304,128.01832747841144,2025-12-22,
20261008,730,670,60,rolling_horizon,holt_winters_weekly,7,718,722,5,139.3049085557,144.67350459669967,2025-12-23,
20261008,730,670,60,rolling_horizon,holt_winters_weekly,7,718,723,6,143.880104289,146.42087167827026,2025-12-24,
20261008,730,670,60,rolling_horizon,holt_winters_weekly,7,718,724,7,126.2461868417,142.31035698299848,2025-12-25,
20261008,730,670,60,rolling_horizon,holt_winters_weekly,7,719,719,1,108.3331542232,109.02610124160353,2025-12-20,
20261008,730,670,60,rolling_horizon,holt_winters_weekly,7,719,720,2,108.8625518294,117.07821980040639,2025-12-21,
20261008,730,670,60,rolling_horizon,holt_winters_weekly,7,719,721,3,120.5254118304,129.2493532981151,2025-12-22,
20261008,730,670,60,rolling_horizon,holt_winters_weekly,7,719,722,4,139.3049085557,146.0584086438663,2025-12-23,
20261008,730,670,60,rolling_horizon,holt_winters_weekly,7,719,723,5,143.880104289,147.95965395289988,2025-12-24,
20261008,730,670,60,rolling_horizon,holt_winters_weekly,7,719,724,6,126.2461868417,144.00301748509105,2025-12-25,
20261008,730,670,60,rolling_horizon,holt_winters_weekly,7,719,725,7,107.3164425454,126.38406787470693,2025-12-26,
20261008,730,670,60,rolling_horizon,holt_winters_weekly,7,720,720,1,108.8625518294,116.91191251598956,2025-12-21,
20261008,730,670,60,rolling_horizon,holt_winters_weekly,7,720,721,2,120.5254118304,129.05532813296213,2025-12-22,
20261008,730,670,60,rolling_horizon,holt_winters_weekly,7,720,722,3,139.3049085557,145.83666559797717,2025-12-23,
20261008,730,670,60,rolling_horizon,holt_winters_weekly,7,720,723,4,143.880104289,147.71019302627462,2025-12-24,
20261008,730,670,60,rolling_horizon,holt_winters_weekly,7,720,724,5,126.2461868417,143.72583867772963,2025-12-25,
20261008,730,670,60,rolling_horizon,holt_winters_weekly,7,720,725,6,107.3164425454,126.07917118660937,2025-12-26,
20261008,730,670,60,rolling_horizon,holt_winters_weekly,7,720,726,7,118.4815108613,117.72677995903956,2025-12-27,
20261008,730,670,60,rolling_horizon,holt_winters_weekly,7,721,721,1,120.5254118304,127.12348156818065,2025-12-22,
20261008,730,670,60,rolling_horizon,holt_winters_weekly,7,721,722,2,139.3049085557,143.58284460573213,2025-12-23,
20261008,730,670,60,rolling_horizon,holt_winters_weekly,7,721,723,3,143.880104289,145.13439760656598,2025-12-24,
20261008,730,670,60,rolling_horizon,holt_winters_weekly,7,721,724,4,126.2461868417,140.82806883055744,2025-12-25,
20261008,730,670,60,rolling_horizon,holt_winters_weekly,7,721,725,5,107.3164425454,122.85942691197361,2025-12-26,
20261008,730,670,60,rolling_horizon,holt_winters_weekly,7,721,726,6,118.4815108613,114.1850612569402,2025-12-27,
20261008,730,670,60,rolling_horizon,holt_winters_weekly,7,721,727,7,115.7158276032,120.71046132063358,2025-12-28,
20261008,730,670,60,rolling_horizon,holt_winters_weekly,7,722,722,1,139.3049085557,141.9993078686648,2025-12-23,
20261008,730,670,60,rolling_horizon,holt_winters_weekly,7,722,723,2,143.880104289,143.2869380799874,2025-12-24,
20261008,730,670,60,rolling_horizon,holt_winters_weekly,7,722,724,3,126.2461868417,138.71668651446763,2025-12-25,
20261008,730,670,60,rolling_horizon,holt_winters_weekly,7,722,725,4,107.3164425454,120.48412180637258,2025-12-26,
20261008,730,670,60,rolling_horizon,holt_winters_weekly,7,722,726,5,118.4815108613,111.54583336182796,2025-12-27,
20261008,730,670,60,rolling_horizon,holt_winters_weekly,7,722,727,6,115.7158276032,117.8073106360101,2025-12-28,
20261008,730,670,60,rolling_horizon,holt_winters_weekly,7,722,728,7,127.5141535018,129.5970355878173,2025-12-29,
20261008,730,670,60,rolling_horizon,holt_winters_weekly,7,723,723,1,143.880104289,142.64028224487586,2025-12-24,
20261008,730,670,60,rolling_horizon,holt_winters_weekly,7,723,724,2,126.2461868417,137.9622547068375,2025-12-25,
20261008,730,670,60,rolling_horizon,holt_winters_weekly,7,723,725,3,107.3164425454,119.62191402622386,2025-12-26,
20261008,730,670,60,rolling_horizon,holt_winters_weekly,7,723,726,4,118.4815108613,110.57584960916066,2025-12-27,
20261008,730,670,60,rolling_horizon,holt_winters_weekly,7,723,727,5,115.7158276032,116.72955091082423,2025-12-28,
20261008,730,670,60,rolling_horizon,holt_winters_weekly,7,723,728,6,127.5141535018,128.41149989011282,2025-12-29,
20261008,730,670,60,rolling_horizon,holt_winters_weekly,7,723,729,7,135.9980120378,145.12375143360504,2025-12-30,
20261008,730,670,60,rolling_horizon,seasonal_linear_regression,7,670,670,1,93.6787814212,86.84672073580487,2025-11-01,
20261008,730,670,60,rolling_horizon,seasonal_linear_regression,7,670,671,2,88.2360415032,91.73558625859096,2025-11-02,
20261008,730,670,60,rolling_horizon,seasonal_linear_regression,7,670,672,3,105.9545255841,102.8483693792673,2025-11-03,
20261008,730,670,60,rolling_horizon,seasonal_linear_regression,7,670,673,4,119.7326428272,120.85903778406964,2025-11-04,
20261008,730,670,60,rolling_horizon,seasonal_linear_regression,7,670,674,5,122.247387964,122.64208568306594,2025-11-05,
20261008,730,670,60,rolling_horizon,seasonal_linear_regression,7,670,675,6,111.0550970756,114.1263220169626,2025-11-06,
20261008,730,670,60,rolling_horizon,seasonal_linear_regression,7,670,676,7,102.903983799,100.00373114048443,2025-11-07,
20261008,730,670,60,rolling_horizon,seasonal_linear_regression,7,671,671,1,88.2360415032,91.92253821889881,2025-11-02,
20261008,730,670,60,rolling_horizon,seasonal_linear_regression,7,671,672,2,105.9545255841,103.09012281519017,2025-11-03,
20261008,730,670,60,rolling_horizon,seasonal_linear_regression,7,671,673,3,119.7326428272,121.05143329341126,2025-11-04,
20261008,730,670,60,rolling_horizon,seasonal_linear_regression,7,671,674,4,122.247387964,122.90108871512393,2025-11-05,
20261008,730,670,60,rolling_horizon,seasonal_linear_regression,7,671,675,5,111.0550970756,114.38705573354673,2025-11-06,
20261008,730,670,60,rolling_horizon,seasonal_linear_regression,7,671,676,6,102.903983799,100.2655208021556,2025-11-07,
20261008,730,670,60,rolling_horizon,seasonal_linear_regression,7,671,677,7,85.6239730153,89.03711755640506,2025-11-08,
20261008,730,670,60,rolling_horizon,seasonal_linear_regression,7,672,672,1,105.9545255841,103.05301964834098,2025-11-03,
20261008,730,670,60,rolling_horizon,seasonal_linear_regression,7,672,673,2,119.7326428272,120.89534352891133,2025-11-04,
20261008,730,670,60,rolling_horizon,seasonal_linear_regression,7,672,674,3,122.247387964,122.78112760141812,2025-11-05,
20261008,730,670,60,rolling_horizon,seasonal_linear_regression,7,672,675,4,111.0550970756,114.28562417193643,2025-11-06,
20261008,730,670,60,rolling_horizon,seasonal_linear_regression,7,672,676,5,102.903983799,100.15763641397598,2025-11-07,
20261008,730,670,60,rolling_horizon,seasonal_linear_regression,7,672,677,6,85.6239730153,88.90434295600744,2025-11-08,
20261008,730,670,60,rolling_horizon,seasonal_linear_regression,7,672,678,7,88.7840059698,94.03827225370287,2025-11-09,
20261008,730,670,60,rolling_horizon,seasonal_linear_regression,7,673,673,1,119.7326428272,120.88454113016087,2025-11-04,
20261008,730,670,60,rolling_horizon,seasonal_linear_regression,7,673,674,2,122.247387964,122.89331304771576,2025-11-05,
20261008,730,670,60,rolling_horizon,seasonal_linear_regression,7,673,675,3,111.0550970756,114.41951640744355,2025-11-06,
20261008,730,670,60,rolling_horizon,seasonal_linear_regression,7,673,676,4,102.903983799,100.2591202312542,2025-11-07,
20261008,730,670,60,rolling_horizon,seasonal_linear_regression,7,673,677,5,85.6239730153,89.01116122956773,2025-11-08,
20261008,730,670,60,rolling_horizon,seasonal_linear_regression,7,673,678,6,88.7840059698,94.12110968067418,2025-11-09,
20261008,730,670,60,rolling_horizon,seasonal_linear_regression,7,673,679,7,105.4360307607,106.24854679836744,2025-11-10,
20261008,730,670,60,rolling_horizon,seasonal_linear_regression,7,674,674,1,122.247387964,122.8781103312349,2025-11-05,
20261008,730,670,60,rolling_horizon,seasonal_linear_regression,7,674,675,2,111.0550970756,114.39961368877948,2025-11-06,
20261008,730,670,60,rolling_horizon,seasonal_linear_regression,7,674,676,3,102.903983799,100.22772378690343,2025-11-07,
20261008,730,670,60,rolling_horizon,seasonal_linear_regression,7,674,677,4,85.6239730153,88.96975323775223,2025-11-08,
20261008,730,670,60,rolling_horizon,seasonal_linear_regression,7,674,678,5,88.7840059698,94.08287937046225,2025-11-09,
20261008,730,670,60,rolling_horizon,seasonal_linear_regression,7,674,679,6,105.4360307607,106.20493327117947,2025-11-10,
20261008,730,670,60,rolling_horizon,seasonal_linear_regression,7,674,680,7,130.1261804302,121.16174754238409,2025-11-11,
20261008,730,670,60,rolling_horizon,seasonal_linear_regression,7,675,675,1,111.0550970756,114.38208774106624,2025-11-06,
20261008,730,670,60,rolling_horizon,seasonal_linear_regression,7,675,676,2,102.903983799,100.20453829561029,2025-11-07,
20261008,730,670,60,rolling_horizon,seasonal_linear_regression,7,675,677,3,85.6239730153,88.95361402565595,2025-11-08,
20261008,730,670,60,rolling_horizon,seasonal_linear_regression,7,675,678,4,88.7840059698,94.05936993610067,2025-11-09,
20261008,730,670,60,rolling_horizon,seasonal_linear_regression,7,675,679,5,105.4360307607,106.1862149148933,2025-11-10,
20261008,730,670,60,rolling_horizon,seasonal_linear_regression,7,675,680,6,130.1261804302,121.13764100431717,2025-11-11,
20261008,730,670,60,rolling_horizon,seasonal_linear_regression,7,675,681,7,120.2341328764,125.16445844916097,2025-11-12,
20261008,730,670,60,rolling_horizon,seasonal_linear_regression,7,676,676,1,102.903983799,100.12899990328606,2025-11-07,
20261008,730,670,60,rolling_horizon,seasonal_linear_regression,7,676,677,2,85.6239730153,88.85416376757121,2025-11-08,
20261008,730,670,60,rolling_horizon,seasonal_linear_regression,7,676,678,3,88.7840059698,93.96324954822148,2025-11-09,
20261008,730,670,60,rolling_horizon,seasonal_linear_regression,7,676,679,4,105.4360307607,106.08317777833918,2025-11-10,
20261008,730,670,60,rolling_horizon,seasonal_linear_regression,7,676,680,5,130.1261804302,121.01034276023802,2025-11-11,
20261008,730,670,60,rolling_horizon,seasonal_linear_regression,7,676,681,6,120.2341328764,125.06571630292365,2025-11-12,
20261008,730,670,60,rolling_horizon,seasonal_linear_regression,7,676,682,7,116.4643974318,116.21856503607205,2025-11-13,
20261008,730,670,60,rolling_horizon,seasonal_linear_regression,7,677,677,1,85.6239730153,88.88000448298408,2025-11-08,
20261008,730,670,60,rolling_horizon,seasonal_linear_regression,7,677,678,2,88.7840059698,94.05197064767799,2025-11-09,
20261008,730,670,60,rolling_horizon,seasonal_linear_regression,7,677,679,3,105.4360307607,106.1474901910251,2025-11-10,
20261008,730,670,60,rolling_horizon,seasonal_linear_regression,7,677,680,4,130.1261804302,121.07205902387341,2025-11-11,
20261008,730,670,60,rolling_horizon,seasonal_linear_regression,7,677,681,5,120.2341328764,125.14548923459188,2025-11-12,
20261008,730,670,60,rolling_horizon,seasonal_linear_regression,7,677,682,6,116.4643974318,116.32158395586748,2025-11-13,
20261008,730,670,60,rolling_horizon,seasonal_linear_regression,7,677,683,7,91.643990521,102.01227884327909,2025-11-14,
20261008,730,670,60,rolling_horizon,seasonal_linear_regression,7,678,678,1,88.7840059698,94.0200755898577,2025-11-09,
20261008,730,670,60,rolling_horizon,seasonal_linear_regression,7,678,679,2,105.4360307607,106.02535109594191,2025-11-10,
20261008,730,670,60,rolling_horizon,seasonal_linear_regression,7,678,680,3,130.1261804302,120.97295088847977,2025-11-11,
20261008,730,670,60,rolling_horizon,seasonal_linear_regression,7,678,681,4,120.2341328764,125.0474206578233,2025-11-12,
20261008,730,670,60,rolling_horizon,seasonal_linear_regression,7,678,682,5,116.4643974318,116.23080147611608,2025-11-13,
20261008,730,670,60,rolling_horizon,seasonal_linear_regression,7,678,683,6,91.643990521,101.89724066473991,2025-11-14,
20261008,730,670,60,rolling_horizon,seasonal_linear_regression,7,678,684,7,98.2022208221,91.88958436471376,2025-11-15,
20261008,730,670,60,rolling_horizon,seasonal_linear_regression,7,679,679,1,105.4360307607,105.95348643479474,2025-11-10,
20261008,730,670,60,rolling_horizon,seasonal_linear_regression,7,679,680,2,130.1261804302,120.82780688180355,2025-11-11,
20261008,730,670,60,rolling_horizon,seasonal_linear_regression,7,679,681,3,120.2341328764,124.9003524269142,2025-11-12,
20261008,730,670,60,rolling_horizon,seasonal_linear_regression,7,679,682,4,116.4643974318,116.11593386857112,2025-11-13,
20261008,730,670,60,rolling_horizon,seasonal_linear_regression,7,679,683,5,91.643990521,101.7751304001099,2025-11-14,
20261008,730,670,60,rolling_horizon,seasonal_linear_regression,7,679,684,6,98.2022208221,91.70231191271023,2025-11-15,
20261008,730,670,60,rolling_horizon,seasonal_linear_regression,7,679,685,7,100.9062127562,95.05367483474356,2025-11-16,
20261008,730,670,60,rolling_horizon,seasonal_linear_regression,7,680,680,1,130.1261804302,120.8208626798696,2025-11-11,
20261008,730,670,60,rolling_horizon,seasonal_linear_regression,7,680,681,2,120.2341328764,124.88139314837417,2025-11-12,
20261008,730,670,60,rolling_horizon,seasonal_linear_regression,7,680,682,3,116.4643974318,116.10102217188069,2025-11-13,
20261008,730,670,60,rolling_horizon,seasonal_linear_regression,7,680,683,4,91.643990521,101.7576627286171,2025-11-14,
20261008,730,670,60,rolling_horizon,seasonal_linear_regression,7,680,684,5,98.2022208221,91.68810094008495,2025-11-15,
20261008,730,670,60,rolling_horizon,seasonal_linear_regression,7,680,685,6,100.9062127562,95.03517496434142,2025-11-16,
20261008,730,670,60,rolling_horizon,seasonal_linear_regression,7,680,686,7,106.053250609,109.44166283461846,2025-11-17,
20261008,730,670,60,rolling_horizon,seasonal_linear_regression,7,681,681,1,120.2341328764,124.97838508601035,2025-11-12,
20261008,730,670,60,rolling_horizon,seasonal_linear_regression,7,681,682,2,116.4643974318,116.32048140059851,2025-11-13,
20261008,730,670,60,rolling_horizon,seasonal_linear_regression,7,681,683,3,91.643990521,101.96204161137484,2025-11-14,
20261008,730,670,60,rolling_horizon,seasonal_linear_regression,7,681,684,4,98.2022208221,92.02585941720372,2025-11-15,
20261008,730,670,60,rolling_horizon,seasonal_linear_regression,7,681,685,5,100.9062127562,95.29244841004629,2025-11-16,
20261008,730,670,60,rolling_horizon,seasonal_linear_regression,7,681,686,6,106.053250609,109.69649918898267,2025-11-17,
20261008,730,670,60,rolling_horizon,seasonal_linear_regression,7,681,687,7,116.1333607552,125.25182302968506,2025-11-18,
20261008,730,670,60,rolling_horizon,seasonal_linear_regression,7,682,682,1,116.4643974318,116.26848395496245,2025-11-13,
20261008,730,670,60,rolling_horizon,seasonal_linear_regression,7,682,683,2,91.643990521,101.84206263353099,2025-11-14,
20261008,730,670,60,rolling_horizon,seasonal_linear_regression,7,682,684,3,98.2022208221,91.92015017003541,2025-11-15,
20261008,730,670,60,rolling_horizon,seasonal_linear_regression,7,682,685,4,100.9062127562,95.15310942212,2025-11-16,
20261008,730,670,60,rolling_horizon,seasonal_linear_regression,7,682,686,5,106.053250609,109.5752571321882,2025-11-17,
20261008,730,670,60,rolling_horizon,seasonal_linear_regression,7,682,687,6,116.1333607552,125.10782554603384,2025-11-18,
20261008,730,670,60,rolling_horizon,seasonal_linear_regression,7,682,688,7,131.4291834004,126.94746931548207,2025-11-19,
20261008,730,670,60,rolling_horizon,seasonal_linear_regression,7,683,683,1,91.643990521,101.84516710195794,2025-11-14,
20261008,730,670,60,rolling_horizon,seasonal_linear_regression,7,683,684,2,98.2022208221,91.9230662210457,2025-11-15,
20261008,730,670,60,rolling_horizon,seasonal_linear_regression,7,683,685,3,100.9062127562,95.15870846050848,2025-11-16,
20261008,730,670,60,rolling_horizon,seasonal_linear_regression,7,683,686,4,106.053250609,109.57930581199389,2025-11-17,
20261008,730,670,60,rolling_horizon,seasonal_linear_regression,7,683,687,5,116.1333607552,125.1106151987733,2025-11-18,
20261008,730,670,60,rolling_horizon,seasonal_linear_regression,7,683,688,6,131.4291834004,126.95190799088004,2025-11-19,
20261008,730,670,60,rolling_horizon,seasonal_linear_regression,7,683,689,7,117.2375226637,118.15546875408108,2025-11-20,
20261008,730,670,60,rolling_horizon,seasonal_linear_regression,7,684,684,1,98.2022208221,91.90160362081906,2025-11-15,
20261008,730,670,60,rolling_horizon,seasonal_linear_regression,7,684,685,2,100.9062127562,94.89778545846957,2025-11-16,
20261008,730,670,60,rolling_horizon,seasonal_linear_regression,7,684,686,3,106.053250609,109.36268462851694,2025-11-17,
20261008,730,670,60,rolling_horizon,seasonal_linear_regression,7,684,687,4,116.1333607552,124.84468948574022,2025-11-18,
20261008,730,670,60,rolling_horizon,seasonal_linear_regression,7,684,688,5,131.4291834004,126.73337720222571,2025-11-19,
20261008,730,670,60,rolling_horizon,seasonal_linear_regression,7,684,689,6,117.2375226637,117.84825300499688,2025-11-20,
20261008,730,670,60,rolling_horizon,seasonal_linear_regression,7,684,690,7,104.4585069656,103.35462137297691,2025-11-21,
20261008,730,670,60,rolling_horizon,seasonal_linear_regression,7,685,685,1,100.9062127562,94.90845525957684,2025-11-16,
20261008,730,670,60,rolling_horizon,seasonal_linear_regression,7,685,686,2,106.053250609,109.53993571201181,2025-11-17,
20261008,730,670,60,rolling_horizon,seasonal_linear_regression,7,685,687,3,116.1333607552,124.98829392063226,2025-11-18,
20261008,730,670,60,rolling_horizon,seasonal_linear_regression,7,685,688,4,131.4291834004,126.92768736749258,2025-11-19,
20261008,730,670,60,rolling_horizon,seasonal_linear_regression,7,685,689,5,117.2375226637,117.98180981802125,2025-11-20,
20261008,730,670,60,rolling_horizon,seasonal_linear_regression,7,685,690,6,104.4585069656,103.57017751789772,2025-11-21,
20261008,730,670,60,rolling_horizon,seasonal_linear_regression,7,685,691,7,101.0512216839,92.84751445763914,2025-11-22,
20261008,730,670,60,rolling_horizon,seasonal_linear_regression,7,686,686,1,106.053250609,109.57399657248698,2025-11-17,
20261008,730,670,60,rolling_horizon,seasonal_linear_regression,7,686,687,2,116.1333607552,125.08061440030133,2025-11-18,
20261008,730,670,60,rolling_horizon,seasonal_linear_regression,7,686,688,3,131.4291834004,127.09916857387134,2025-11-19,
20261008,730,670,60,rolling_horizon,seasonal_linear_regression,7,686,689,4,117.2375226637,118.14890010838644,2025-11-20,
20261008,730,670,60,rolling_horizon,seasonal_linear_regression,7,686,690,5,104.4585069656,103.72056106949549,2025-11-21,
20261008,730,670,60,rolling_horizon,seasonal_linear_regression,7,686,691,6,101.0512216839,92.9893894775314,2025-11-22,
20261008,730,670,60,rolling_horizon,seasonal_linear_regression,7,686,692,7,106.7080803311,97.36991351366487,2025-11-23,
20261008,730,670,60,rolling_horizon,seasonal_linear_regression,7,687,687,1,116.1333607552,125.0625877965931,2025-11-18,
20261008,730,670,60,rolling_horizon,seasonal_linear_regression,7,687,688,2,131.4291834004,127.00510479668446,2025-11-19,
20261008,730,670,60,rolling_horizon,seasonal_linear_regression,7,687,689,3,117.2375226637,118.0689054451027,2025-11-20,
20261008,730,670,60,rolling_horizon,seasonal_linear_regression,7,687,690,4,104.4585069656,103.62797892447816,2025-11-21,
20261008,730,670,60,rolling_horizon,seasonal_linear_regression,7,687,691,5,101.0512216839,92.91621154054292,2025-11-22,
20261008,730,670,60,rolling_horizon,seasonal_linear_regression,7,687,692,6,106.7080803311,97.28707134925025,2025-11-23,
20261008,730,670,60,rolling_horizon,seasonal_linear_regression,7,687,693,7,104.8566719454,112.04662368639629,2025-11-24,
20261008,730,670,60,rolling_horizon,seasonal_linear_regression,7,688,688,1,131.4291834004,126.93303785938497,2025-11-19,
20261008,730,670,60,rolling_horizon,seasonal_linear_regression,7,688,689,2,117.2375226637,117.87403732975827,2025-11-20,
20261008,730,670,60,rolling_horizon,seasonal_linear_regression,7,688,690,3,104.4585069656,103.4772558553268,2025-11-21,
20261008,730,670,60,rolling_horizon,seasonal_linear_regression,7,688,691,4,101.0512216839,92.66419162689454,2025-11-22,
20261008,730,670,60,rolling_horizon,seasonal_linear_regression,7,688,692,5,106.7080803311,97.0383892560958,2025-11-23,
20261008,730,670,60,rolling_horizon,seasonal_linear_regression,7,688,693,6,104.8566719454,111.80361224018407,2025-11-24,
20261008,730,670,60,rolling_horizon,seasonal_linear_regression,7,688,694,7,141.7294464397,126.89056983559749,2025-11-25,
20261008,730,670,60,rolling_horizon,seasonal_linear_regression,7,689,689,1,117.2375226637,117.90612555728694,2025-11-20,
20261008,730,670,60,rolling_horizon,seasonal_linear_regression,7,689,690,2,104.4585069656,103.62489399434344,2025-11-21,
20261008,730,670,60,rolling_horizon,seasonal_linear_regression,7,689,691,3,101.0512216839,92.73008720941243,2025-11-22,
20261008,730,670,60,rolling_horizon,seasonal_linear_regression,7,689,692,4,106.7080803311,97.14267106841407,2025-11-23,
20261008,730,670,60,rolling_horizon,seasonal_linear_regression,7,689,693,5,104.8566719454,111.91483873584411,2025-11-24,
20261008,730,670,60,rolling_horizon,seasonal_linear_regression,7,689,694,6,141.7294464397,127.07449172045835,2025-11-25,
20261008,730,670,60,rolling_horizon,seasonal_linear_regression,7,689,695,7,130.7468418113,130.08504961090193,2025-11-26,
20261008,730,670,60,rolling_horizon,seasonal_linear_regression,7,690,690,1,104.4585069656,103.62171136151937,2025-11-21,
20261008,730,670,60,rolling_horizon,seasonal_linear_regression,7,690,691,2,101.0512216839,92.7086292185113,2025-11-22,
20261008,730,670,60,rolling_horizon,seasonal_linear_regression,7,690,692,3,106.7080803311,97.12152472352045,2025-11-23,
20261008,730,670,60,rolling_horizon,seasonal_linear_regression,7,690,693,4,104.8566719454,111.89819087832711,2025-11-24,
20261008,730,670,60,rolling_horizon,seasonal_linear_regression,7,690,694,5,141.7294464397,127.05829750982093,2025-11-25,
20261008,730,670,60,rolling_horizon,seasonal_linear_regression,7,690,695,6,130.7468418113,130.0636865075703,2025-11-26,
20261008,730,670,60,rolling_horizon,seasonal_linear_regression,7,690,696,7,128.4356754052,121.55048889431646,2025-11-27,
20261008,730,670,60,rolling_horizon,seasonal_linear_regression,7,691,691,1,101.0512216839,92.70422169448875,2025-11-22,
20261008,730,670,60,rolling_horizon,seasonal_linear_regression,7,691,692,2,106.7080803311,97.13392662058732,2025-11-23,
20261008,730,670,60,rolling_horizon,seasonal_linear_regression,7,691,693,3,104.8566719454,111.91936630918553,2025-11-24,
20261008,730,670,60,rolling_horizon,seasonal_linear_regression,7,691,694,4,141.7294464397,127.09220571451306,2025-11-25,
20261008,730,670,60,rolling_horizon,seasonal_linear_regression,7,691,695,5,130.7468418113,130.08248544259504,2025-11-26,
20261008,730,670,60,rolling_horizon,seasonal_linear_regression,7,691,696,6,128.4356754052,121.57560718467857,2025-11-27,
20261008,730,670,60,rolling_horizon,seasonal_linear_regression,7,691,697,7,106.0560514778,106.22611327712184,2025-11-28,
20261008,730,670,60,rolling_horizon,seasonal_linear_regression,7,692,692,1,106.7080803311,97.26754537143506,2025-11-23,
20261008,730,670,60,rolling_horizon,seasonal_linear_regression,7,692,693,2,104.8566719454,112.0971368728051,2025-11-24,
20261008,730,670,60,rolling_horizon,seasonal_linear_regression,7,692,694,3,141.7294464397,127.14003818395486,2025-11-25,
20261008,730,670,60,rolling_horizon,seasonal_linear_regression,7,692,695,4,130.7468418113,130.3563839331141,2025-11-26,
20261008,730,670,60,rolling_horizon,seasonal_linear_regression,7,692,696,5,128.4356754052,121.82767775229468,2025-11-27,
20261008,730,670,60,rolling_horizon,seasonal_linear_regression,7,692,697,6,106.0560514778,106.52874494106845,2025-11-28,
20261008,730,670,60,rolling_horizon,seasonal_linear_regression,7,692,698,7,87.0788274448,96.90161480182951,2025-11-29,
20261008,730,670,60,rolling_horizon,seasonal_linear_regression,7,693,693,1,104.8566719454,112.14775946263944,2025-11-24,
20261008,730,670,60,rolling_horizon,seasonal_linear_regression,7,693,694,2,141.7294464397,127.26773193034978,2025-11-25,
20261008,730,670,60,rolling_horizon,seasonal_linear_regression,7,693,695,3,130.7468418113,130.5788949269554,2025-11-26,
20261008,730,670,60,rolling_horizon,seasonal_linear_regression,7,693,696,4,128.4356754052,122.02475671241655,2025-11-27,
20261008,730,670,60,rolling_horizon,seasonal_linear_regression,7,693,697,5,106.0560514778,106.7709843186035,2025-11-28,
20261008,730,670,60,rolling_horizon,seasonal_linear_regression,7,693,698,6,87.0788274448,97.17311417978999,2025-11-29,
20261008,730,670,60,rolling_horizon,seasonal_linear_regression,7,693,699,7,103.140705212,101.84114241927136,2025-11-30,
20261008,730,670,60,rolling_horizon,seasonal_linear_regression,7,694,694,1,141.7294464397,127.26984092243129,2025-11-25,
20261008,730,670,60,rolling_horizon,seasonal_linear_regression,7,694,695,2,130.7468418113,130.39316615109328,2025-11-26,
20261008,730,670,60,rolling_horizon,seasonal_linear_regression,7,694,696,3,128.4356754052,121.84410362256449,2025-11-27,
20261008,730,670,60,rolling_horizon,seasonal_linear_regression,7,694,697,4,106.0560514778,106.5894194324901,2025-11-28,
20261008,730,670,60,rolling_horizon,seasonal_linear_regression,7,694,698,5,87.0788274448,97.09153844256298,2025-11-29,
20261008,730,670,60,rolling_horizon,seasonal_linear_regression,7,694,699,6,103.140705212,101.69733035737408,2025-11-30,
20261008,730,670,60,rolling_horizon,seasonal_linear_regression,7,694,700,7,113.8373914368,114.32596049722042,2025-12-01,
20261008,730,670,60,rolling_horizon,seasonal_linear_regression,7,695,695,1,130.7468418113,130.23482106095753,2025-11-26,
20261008,730,670,60,rolling_horizon,seasonal_linear_regression,7,695,696,2,128.4356754052,122.23854982009925,2025-11-27,
20261008,730,670,60,rolling_horizon,seasonal_linear_regression,7,695,697,3,106.0560514778,106.73695776581826,2025-11-28,
20261008,730,670,60,rolling_horizon,seasonal_linear_regression,7,695,698,4,87.0788274448,97.62336609555359,2025-11-29,
20261008,730,670,60,rolling_horizon,seasonal_linear_regression,7,695,699,5,103.140705212,101.9656873788922,2025-11-30,
20261008,730,670,60,rolling_horizon,seasonal_linear_regression,7,695,700,6,113.8373914368,114.74781217523105,2025-12-01,
20261008,730,670,60,rolling_horizon,seasonal_linear_regression,7,695,701,7,128.6959921408,129.917822666976,2025-12-02,
20261008,730,670,60,rolling_horizon,seasonal_linear_regression,7,696,696,1,128.4356754052,122.24138621318343,2025-11-27,
20261008,730,670,60,rolling_horizon,seasonal_linear_regression,7,696,697,2,106.0560514778,106.75727246974884,2025-11-28,
20261008,730,670,60,rolling_horizon,seasonal_linear_regression,7,696,698,3,87.0788274448,97.63654359577185,2025-11-29,
20261008,730,670,60,rolling_horizon,seasonal_linear_regression,7,696,699,4,103.140705212,101.98340013063671,2025-11-30,
20261008,730,670,60,rolling_horizon,seasonal_linear_regression,7,696,700,5,113.8373914368,114.76302354935478,2025-12-01,
20261008,730,670,60,rolling_horizon,seasonal_linear_regression,7,696,701,6,128.6959921408,129.93890401292356,2025-12-02,
20261008,730,670,60,rolling_horizon,seasonal_linear_regression,7,696,702,7,124.9544385883,133.9946316043215,2025-12-03,
20261008,730,670,60,rolling_horizon,seasonal_linear_regression,7,697,697,1,106.0560514778,106.84074487493126,2025-11-28,
20261008,730,670,60,rolling_horizon,seasonal_linear_regression,7,697,698,2,87.0788274448,97.85666180079716,2025-11-29,
20261008,730,670,60,rolling_horizon,seasonal_linear_regression,7,697,699,3,103.140705212,102.18749203182097,2025-11-30,
20261008,730,670,60,rolling_horizon,seasonal_linear_regression,7,697,700,4,113.8373914368,115.00716199700219,2025-12-01,
20261008,730,670,60,rolling_horizon,seasonal_linear_regression,7,697,701,5,128.6959921408,130.13570435773818,2025-12-02,
20261008,730,670,60,rolling_horizon,seasonal_linear_regression,7,697,702,6,124.9544385883,134.1923688430561,2025-12-03,
20261008,730,670,60,rolling_horizon,seasonal_linear_regression,7,697,703,7,123.0392046882,126.3539183707544,2025-12-04,
20261008,730,670,60,rolling_horizon,seasonal_linear_regression,7,698,698,1,87.0788274448,97.8623212624575,2025-11-29,
20261008,730,670,60,rolling_horizon,seasonal_linear_regression,7,698,699,2,103.140705212,102.16415824735213,2025-11-30,
20261008,730,670,60,rolling_horizon,seasonal_linear_regression,7,698,700,3,113.8373914368,114.97540212162676,2025-12-01,
20261008,730,670,60,rolling_horizon,seasonal_linear_regression,7,698,701,4,128.6959921408,130.10132688462045,2025-12-02,
20261008,730,670,60,rolling_horizon,seasonal_linear_regression,7,698,702,5,124.9544385883,134.17037975279027,2025-12-03,
20261008,730,670,60,rolling_horizon,seasonal_linear_regression,7,698,703,6,123.0392046882,126.33016345832266,2025-12-04,
20261008,730,670,60,rolling_horizon,seasonal_linear_regression,7,698,704,7,112.0375299996,110.0604909045901,2025-12-05,
20261008,730,670,60,rolling_horizon,seasonal_linear_regression,7,699,699,1,103.140705212,102.07782419611158,2025-11-30,
20261008,730,670,60,rolling_horizon,seasonal_linear_regression,7,699,700,2,113.8373914368,114.7562765699804,2025-12-01,
20261008,730,670,60,rolling_horizon,seasonal_linear_regression,7,699,701,3,128.6959921408,129.78229131818352,2025-12-02,
20261008,730,670,60,rolling_horizon,seasonal_linear_regression,7,699,702,4,124.9544385883,133.9037417519512,2025-12-03,
20261008,730,670,60,rolling_horizon,seasonal_linear_regression,7,699,703,5,123.0392046882,126.14215975000843,2025-12-04,
20261008,730,670,60,rolling_horizon,seasonal_linear_regression,7,699,704,6,112.0375299996,109.81150062697088,2025-12-05,
20261008,730,670,60,rolling_horizon,seasonal_linear_regression,7,699,705,7,94.7981017475,100.22021251252363,2025-12-06,
20261008,730,670,60,rolling_horizon,seasonal_linear_regression,7,700,700,1,113.8373914368,114.73663178602919,2025-12-01,
20261008,730,670,60,rolling_horizon,seasonal_linear_regression,7,700,701,2,128.6959921408,129.8142645673811,2025-12-02,
20261008,730,670,60,rolling_horizon,seasonal_linear_regression,7,700,702,3,124.9544385883,133.92595448381417,2025-12-03,
20261008,730,670,60,rolling_horizon,seasonal_linear_regression,7,700,703,4,123.0392046882,126.1687506205244,2025-12-04,
20261008,730,670,60,rolling_horizon,seasonal_linear_regression,7,700,704,5,112.0375299996,109.82870986478656,2025-12-05,
20261008,730,670,60,rolling_horizon,seasonal_linear_regression,7,700,705,6,94.7981017475,100.23348353316396,2025-12-06,
20261008,730,670,60,rolling_horizon,seasonal_linear_regression,7,700,706,7,97.1541570139,106.4494703446062,2025-12-07,
20261008,730,670,60,rolling_horizon,seasonal_linear_regression,7,701,701,1,128.6959921408,129.83110053604696,2025-12-02,
20261008,730,670,60,rolling_horizon,seasonal_linear_regression,7,701,702,2,124.9544385883,133.9095505022433,2025-12-03,
20261008,730,670,60,rolling_horizon,seasonal_linear_regression,7,701,703,3,123.0392046882,126.15574079622957,2025-12-04,
20261008,730,670,60,rolling_horizon,seasonal_linear_regression,7,701,704,4,112.0375299996,109.80918104084458,2025-12-05,
20261008,730,670,60,rolling_horizon,seasonal_linear_regression,7,701,705,5,94.7981017475,100.20985065522336,2025-12-06,
20261008,730,670,60,rolling_horizon,seasonal_linear_regression,7,701,706,6,97.1541570139,106.43735454526859,2025-12-07,
20261008,730,670,60,rolling_horizon,seasonal_linear_regression,7,701,707,7,116.0552552441,118.40703831601422,2025-12-08,
20261008,730,670,60,rolling_horizon,seasonal_linear_regression,7,702,702,1,124.9544385883,133.92328533692398,2025-12-03,
20261008,730,670,60,rolling_horizon,seasonal_linear_regression,7,702,703,2,123.0392046882,126.1204976462518,2025-12-04,
20261008,730,670,60,rolling_horizon,seasonal_linear_regression,7,702,704,3,112.0375299996,109.78808283580156,2025-12-05,
20261008,730,670,60,rolling_horizon,seasonal_linear_regression,7,702,705,4,94.7981017475,100.20830911767598,2025-12-06,
20261008,730,670,60,rolling_horizon,seasonal_linear_regression,7,702,706,5,97.1541570139,106.42378301901044,2025-12-07,
20261008,730,670,60,rolling_horizon,seasonal_linear_regression,7,702,707,6,116.0552552441,118.38096777619012,2025-12-08,
20261008,730,670,60,rolling_horizon,seasonal_linear_regression,7,702,708,7,124.9869441925,133.91090741948437,2025-12-09,
20261008,730,670,60,rolling_horizon,seasonal_linear_regression,7,703,703,1,123.0392046882,126.20898584623319,2025-12-04,
20261008,730,670,60,rolling_horizon,seasonal_linear_regression,7,703,704,2,112.0375299996,109.57747790149733,2025-12-05,
20261008,730,670,60,rolling_horizon,seasonal_linear_regression,7,703,705,3,94.7981017475,99.9335332052392,2025-12-06,
20261008,730,670,60,rolling_horizon,seasonal_linear_regression,7,703,706,4,97.1541570139,106.22897455999055,2025-12-07,
20261008,730,670,60,rolling_horizon,seasonal_linear_regression,7,703,707,5,116.0552552441,118.24415505888737,2025-12-08,
20261008,730,670,60,rolling_horizon,seasonal_linear_regression,7,703,708,6,124.9869441925,133.67098762208252,2025-12-09,
20261008,730,670,60,rolling_horizon,seasonal_linear_regression,7,703,709,7,133.985128528,137.19490631980852,2025-12-10,
20261008,730,670,60,rolling_horizon,seasonal_linear_regression,7,704,704,1,112.0375299996,109.58614529017086,2025-12-05,
20261008,730,670,60,rolling_horizon,seasonal_linear_regression,7,704,705,2,94.7981017475,99.9069260399092,2025-12-06,
20261008,730,670,60,rolling_horizon,seasonal_linear_regression,7,704,706,3,97.1541570139,106.1315408060118,2025-12-07,
20261008,730,670,60,rolling_horizon,seasonal_linear_regression,7,704,707,4,116.0552552441,118.14230001283886,2025-12-08,
20261008,730,670,60,rolling_horizon,seasonal_linear_regression,7,704,708,5,124.9869441925,133.63242615182844,2025-12-09,
20261008,730,670,60,rolling_horizon,seasonal_linear_regression,7,704,709,6,133.985128528,137.1205194599229,2025-12-10,
20261008,730,670,60,rolling_horizon,seasonal_linear_regression,7,704,710,7,129.1625511456,128.7402907040846,2025-12-11,
20261008,730,670,60,rolling_horizon,seasonal_linear_regression,7,705,705,1,94.7981017475,99.91102968232599,2025-12-06,
20261008,730,670,60,rolling_horizon,seasonal_linear_regression,7,705,706,2,97.1541570139,106.19232268812038,2025-12-07,
20261008,730,670,60,rolling_horizon,seasonal_linear_regression,7,705,707,3,116.0552552441,118.20439658038458,2025-12-08,
20261008,730,670,60,rolling_horizon,seasonal_linear_regression,7,705,708,4,124.9869441925,133.69838712724777,2025-12-09,
20261008,730,670,60,rolling_horizon,seasonal_linear_regression,7,705,709,5,133.985128528,137.17523046471433,2025-12-10,
20261008,730,670,60,rolling_horizon,seasonal_linear_regression,7,705,710,6,129.1625511456,128.79162650172248,2025-12-11,
20261008,730,670,60,rolling_horizon,seasonal_linear_regression,7,705,711,7,102.4427018659,113.67870375531402,2025-12-12,
20261008,730,670,60,rolling_horizon,seasonal_linear_regression,7,706,706,1,97.1541570139,106.2412951286201,2025-12-07,
20261008,730,670,60,rolling_horizon,seasonal_linear_regression,7,706,707,2,116.0552552441,118.15255001308697,2025-12-08,
20261008,730,670,60,rolling_horizon,seasonal_linear_regression,7,706,708,3,124.9869441925,133.5341749155782,2025-12-09,
20261008,730,670,60,rolling_horizon,seasonal_linear_regression,7,706,709,4,133.985128528,137.03699896539501,2025-12-10,
20261008,730,670,60,rolling_horizon,seasonal_linear_regression,7,706,710,5,129.1625511456,128.60980218666327,2025-12-11,
20261008,730,670,60,rolling_horizon,seasonal_linear_regression,7,706,711,6,102.4427018659,113.47311186256456,2025-12-12,
20261008,730,670,60,rolling_horizon,seasonal_linear_regression,7,706,712,7,97.2419952584,103.80937465896432,2025-12-13,
20261008,730,670,60,rolling_horizon,seasonal_linear_regression,7,707,707,1,116.0552552441,118.1586326218926,2025-12-08,
20261008,730,670,60,rolling_horizon,seasonal_linear_regression,7,707,708,2,124.9869441925,133.2240892521363,2025-12-09,
20261008,730,670,60,rolling_horizon,seasonal_linear_regression,7,707,709,3,133.985128528,136.79402151037766,2025-12-10,
20261008,730,670,60,rolling_horizon,seasonal_linear_regression,7,707,710,4,129.1625511456,128.40189341024188,2025-12-11,
20261008,730,670,60,rolling_horizon,seasonal_linear_regression,7,707,711,5,102.4427018659,113.28552113175829,2025-12-12,
20261008,730,670,60,rolling_horizon,seasonal_linear_regression,7,707,712,6,97.2419952584,103.73880733540227,2025-12-13,
20261008,730,670,60,rolling_horizon,seasonal_linear_regression,7,707,713,7,114.2274385444,109.69327672604186,2025-12-14,
20261008,730,670,60,rolling_horizon,seasonal_linear_regression,7,708,708,1,124.9869441925,133.24813896074738,2025-12-09,
20261008,730,670,60,rolling_horizon,seasonal_linear_regression,7,708,709,2,133.985128528,136.72012003396503,2025-12-10,
20261008,730,670,60,rolling_horizon,seasonal_linear_regression,7,708,710,3,129.1625511456,128.36592886156086,2025-12-11,
20261008,730,670,60,rolling_horizon,seasonal_linear_regression,7,708,711,4,102.4427018659,113.2353461318421,2025-12-12,
20261008,730,670,60,rolling_horizon,seasonal_linear_regression,7,708,712,5,97.2419952584,103.66811002269105,2025-12-13,
20261008,730,670,60,rolling_horizon,seasonal_linear_regression,7,708,713,6,114.2274385444,109.63122856757536,2025-12-14,
20261008,730,670,60,rolling_horizon,seasonal_linear_regression,7,708,714,7,124.6821661264,122.17067012306825,2025-12-15,
20261008,730,670,60,rolling_horizon,seasonal_linear_regression,7,709,709,1,133.985128528,136.72784910337896,2025-12-10,
20261008,730,670,60,rolling_horizon,seasonal_linear_regression,7,709,710,2,129.1625511456,128.0283765812419,2025-12-11,
20261008,730,670,60,rolling_horizon,seasonal_linear_regression,7,709,711,3,102.4427018659,113.05863049552545,2025-12-12,
20261008,730,670,60,rolling_horizon,seasonal_linear_regression,7,709,712,4,97.2419952584,103.48049613987268,2025-12-13,
20261008,730,670,60,rolling_horizon,seasonal_linear_regression,7,709,713,5,114.2274385444,109.3127464587451,2025-12-14,
20261008,730,670,60,rolling_horizon,seasonal_linear_regression,7,709,714,6,124.6821661264,121.95982993359667,2025-12-15,
20261008,730,670,60,rolling_horizon,seasonal_linear_regression,7,709,715,7,137.1927210045,139.22429625965015,2025-12-16,
20261008,730,670,60,rolling_horizon,seasonal_linear_regression,7,710,710,1,129.1625511456,128.0148750880776,2025-12-11,
20261008,730,670,60,rolling_horizon,seasonal_linear_regression,7,710,711,2,102.4427018659,112.95707467671173,2025-12-12,
20261008,730,670,60,rolling_horizon,seasonal_linear_regression,7,710,712,3,97.2419952584,103.38877833530933,2025-12-13,
20261008,730,670,60,rolling_horizon,seasonal_linear_regression,7,710,713,4,114.2274385444,109.21181828174485,2025-12-14,
20261008,730,670,60,rolling_horizon,seasonal_linear_regression,7,710,714,5,124.6821661264,121.87278604326912,2025-12-15,
20261008,730,670,60,rolling_horizon,seasonal_linear_regression,7,710,715,6,137.1927210045,139.10397929189776,2025-12-16,
20261008,730,670,60,rolling_horizon,seasonal_linear_regression,7,710,716,7,136.9806933036,141.86095605677474,2025-12-17,
20261008,730,670,60,rolling_horizon,seasonal_linear_regression,7,711,711,1,102.4427018659,112.97905844518391,2025-12-12,
20261008,730,670,60,rolling_horizon,seasonal_linear_regression,7,711,712,2,97.2419952584,103.43170368413757,2025-12-13,
20261008,730,670,60,rolling_horizon,seasonal_linear_regression,7,711,713,3,114.2274385444,109.2500211026645,2025-12-14,
20261008,730,670,60,rolling_horizon,seasonal_linear_regression,7,711,714,4,124.6821661264,121.91941927168409,2025-12-15,
20261008,730,670,60,rolling_horizon,seasonal_linear_regression,7,711,715,5,137.1927210045,139.14102236014196,2025-12-16,
20261008,730,670,60,rolling_horizon,seasonal_linear_regression,7,711,716,6,136.9806933036,141.88454247495656,2025-12-17,
20261008,730,670,60,rolling_horizon,seasonal_linear_regression,7,711,717,7,137.8994379973,133.83181337471206,2025-12-18,
20261008,730,670,60,rolling_horizon,seasonal_linear_regression,7,712,712,1,97.2419952584,103.25316816674967,2025-12-13,
20261008,730,670,60,rolling_horizon,seasonal_linear_regression,7,712,713,2,114.2274385444,108.92965329685921,2025-12-14,
20261008,730,670,60,rolling_horizon,seasonal_linear_regression,7,712,714,3,124.6821661264,121.30824305137776,2025-12-15,
20261008,730,670,60,rolling_horizon,seasonal_linear_regression,7,712,715,4,137.1927210045,138.66770178356,2025-12-16,
20261008,730,670,60,rolling_horizon,seasonal_linear_regression,7,712,716,5,136.9806933036,141.61313825042953,2025-12-17,
20261008,730,670,60,rolling_horizon,seasonal_linear_regression,7,712,717,6,137.8994379973,133.56690886698152,2025-12-18,
20261008,730,670,60,rolling_horizon,seasonal_linear_regression,7,712,718,7,119.7019547049,117.26550536566629,2025-12-19,
20261008,730,670,60,rolling_horizon,seasonal_linear_regression,7,713,713,1,114.2274385444,108.75667218072886,2025-12-14,
20261008,730,670,60,rolling_horizon,seasonal_linear_regression,7,713,714,2,124.6821661264,120.9438461651107,2025-12-15,
20261008,730,670,60,rolling_horizon,seasonal_linear_regression,7,713,715,3,137.1927210045,138.3259923683072,2025-12-16,
20261008,730,670,60,rolling_horizon,seasonal_linear_regression,7,713,716,4,136.9806933036,141.2321585039581,2025-12-17,
20261008,730,670,60,rolling_horizon,seasonal_linear_regression,7,713,717,5,137.8994379973,133.31687958439989,2025-12-18,
20261008,730,670,60,rolling_horizon,seasonal_linear_regression,7,713,718,6,119.7019547049,116.98307597379198,2025-12-19,
20261008,730,670,60,rolling_horizon,seasonal_linear_regression,7,713,719,7,108.3331542232,107.4464786919525,2025-12-20,
20261008,730,670,60,rolling_horizon,seasonal_linear_regression,7,714,714,1,124.6821661264,121.05593585882343,2025-12-15,
20261008,730,670,60,rolling_horizon,seasonal_linear_regression,7,714,715,2,137.1927210045,138.6634056655148,2025-12-16,
20261008,730,670,60,rolling_horizon,seasonal_linear_regression,7,714,716,3,136.9806933036,141.5676806047427,2025-12-17,
20261008,730,670,60,rolling_horizon,seasonal_linear_regression,7,714,717,4,137.8994379973,133.60343739332984,2025-12-18,
20261008,730,670,60,rolling_horizon,seasonal_linear_regression,7,714,718,5,119.7019547049,117.2542506422792,2025-12-19,
20261008,730,670,60,rolling_horizon,seasonal_linear_regression,7,714,719,6,108.3331542232,107.72931679602334,2025-12-20,
20261008,730,670,60,rolling_horizon,seasonal_linear_regression,7,714,720,7,108.8625518294,111.12297049781546,2025-12-21,
20261008,730,670,60,rolling_horizon,seasonal_linear_regression,7,715,715,1,137.1927210045,138.75139723512893,2025-12-16,
20261008,730,670,60,rolling_horizon,seasonal_linear_regression,7,715,716,2,136.9806933036,141.7216953983625,2025-12-17,
20261008,730,670,60,rolling_horizon,seasonal_linear_regression,7,715,717,3,137.8994379973,133.73141100469138,2025-12-18,
20261008,730,670,60,rolling_horizon,seasonal_linear_regression,7,715,718,4,119.7019547049,117.39149330352848,2025-12-19,
20261008,730,670,60,rolling_horizon,seasonal_linear_regression,7,715,719,5,108.3331542232,107.81459364535885,2025-12-20,
20261008,730,670,60,rolling_horizon,seasonal_linear_regression,7,715,720,6,108.8625518294,111.21563666268139,2025-12-21,
20261008,730,670,60,rolling_horizon,seasonal_linear_regression,7,715,721,7,120.5254118304,124.53402296859213,2025-12-22,
20261008,730,670,60,rolling_horizon,seasonal_linear_regression,7,716,716,1,136.9806933036,141.69151943236193,2025-12-17,
20261008,730,670,60,rolling_horizon,seasonal_linear_regression,7,716,717,2,137.8994379973,133.66347099093628,2025-12-18,
20261008,730,670,60,rolling_horizon,seasonal_linear_regression,7,716,718,3,119.7019547049,117.32520853026199,2025-12-19,
20261008,730,670,60,rolling_horizon,seasonal_linear_regression,7,716,719,4,108.3331542232,107.76117177676952,2025-12-20,
20261008,730,670,60,rolling_horizon,seasonal_linear_regression,7,716,720,5,108.8625518294,111.18768778855019,2025-12-21,
20261008,730,670,60,rolling_horizon,seasonal_linear_regression,7,716,721,6,120.5254118304,124.48775505211916,2025-12-22,
20261008,730,670,60,rolling_horizon,seasonal_linear_regression,7,716,722,7,139.3049085557,139.64115006222482,2025-12-23,
20261008,730,670,60,rolling_horizon,seasonal_linear_regression,7,717,717,1,137.8994379973,133.57805741419497,2025-12-18,
20261008,730,670,60,rolling_horizon,seasonal_linear_regression,7,717,718,2,119.7019547049,117.15388875180997,2025-12-19,
20261008,730,670,60,rolling_horizon,seasonal_linear_regression,7,717,719,3,108.3331542232,107.5186848965327,2025-12-20,
20261008,730,670,60,rolling_horizon,seasonal_linear_regression,7,717,720,4,108.8625518294,110.98414159971344,2025-12-21,
20261008,730,670,60,rolling_horizon,seasonal_linear_regression,7,717,721,5,120.5254118304,124.35984124211063,2025-12-22,
20261008,730,670,60,rolling_horizon,seasonal_linear_regression,7,717,722,6,139.3049085557,139.4150484448487,2025-12-23,
20261008,730,670,60,rolling_horizon,seasonal_linear_regression,7,717,723,7,143.880104289,143.16590314207406,2025-12-24,
20261008,730,670,60,rolling_horizon,seasonal_linear_regression,7,718,718,1,119.7019547049,117.15105394570719,2025-12-19,
20261008,730,670,60,rolling_horizon,seasonal_linear_regression,7,718,719,2,108.3331542232,107.69439392964068,2025-12-20,
20261008,730,670,60,rolling_horizon,seasonal_linear_regression,7,718,720,3,108.8625518294,111.13461318240115,2025-12-21,
20261008,730,670,60,rolling_horizon,seasonal_linear_regression,7,718,721,4,120.5254118304,124.50162690827256,2025-12-22,
20261008,730,670,60,rolling_horizon,seasonal_linear_regression,7,718,722,5,139.3049085557,139.55750019620518,2025-12-23,
20261008,730,670,60,rolling_horizon,seasonal_linear_regression,7,718,723,6,143.880104289,143.31640885841443,2025-12-24,
20261008,730,670,60,rolling_horizon,seasonal_linear_regression,7,718,724,7,126.2461868417,135.0926120824338,2025-12-25,
20261008,730,670,60,rolling_horizon,seasonal_linear_regression,7,719,719,1,108.3331542232,107.72166389129052,2025-12-20,
20261008,730,670,60,rolling_horizon,seasonal_linear_regression,7,719,720,2,108.8625518294,111.19969993536597,2025-12-21,
20261008,730,670,60,rolling_horizon,seasonal_linear_regression,7,719,721,3,120.5254118304,124.56649186901132,2025-12-22,
20261008,730,670,60,rolling_horizon,seasonal_linear_regression,7,719,722,4,139.3049085557,139.6367848678933,2025-12-23,
20261008,730,670,60,rolling_horizon,seasonal_linear_regression,7,719,723,5,143.880104289,143.39934554126467,2025-12-24,
20261008,730,670,60,rolling_horizon,seasonal_linear_regression,7,719,724,6,126.2461868417,135.15461792643464,2025-12-25,
20261008,730,670,60,rolling_horizon,seasonal_linear_regression,7,719,725,7,107.3164425454,118.6880456142876,2025-12-26,
20261008,730,670,60,rolling_horizon,seasonal_linear_regression,7,720,720,1,108.8625518294,111.21160176872536,2025-12-21,
20261008,730,670,60,rolling_horizon,seasonal_linear_regression,7,720,721,2,120.5254118304,124.58348713696432,2025-12-22,
20261008,730,670,60,rolling_horizon,seasonal_linear_regression,7,720,722,3,139.3049085557,139.67017235089588,2025-12-23,
20261008,730,670,60,rolling_horizon,seasonal_linear_regression,7,720,723,4,143.880104289,143.42469445121424,2025-12-24,
20261008,730,670,60,rolling_horizon,seasonal_linear_regression,7,720,724,5,126.2461868417,135.17907462577296,2025-12-25,
20261008,730,670,60,rolling_horizon,seasonal_linear_regression,7,720,725,6,107.3164425454,118.70871330987393,2025-12-26,
20261008,730,670,60,rolling_horizon,seasonal_linear_regression,7,720,726,7,118.4815108613,109.09277450719082,2025-12-27,
20261008,730,670,60,rolling_horizon,seasonal_linear_regression,7,721,721,1,120.5254118304,124.56899823564618,2025-12-22,
20261008,730,670,60,rolling_horizon,seasonal_linear_regression,7,721,722,2,139.3049085557,139.53136756767526,2025-12-23,
20261008,730,670,60,rolling_horizon,seasonal_linear_regression,7,721,723,3,143.880104289,143.3317751063114,2025-12-24,
20261008,730,670,60,rolling_horizon,seasonal_linear_regression,7,721,724,4,126.2461868417,135.05814575394925,2025-12-25,
20261008,730,670,60,rolling_horizon,seasonal_linear_regression,7,721,725,5,107.3164425454,118.60214038210961,2025-12-26,
20261008,730,670,60,rolling_horizon,seasonal_linear_regression,7,721,726,6,118.4815108613,109.02057494918427,2025-12-27,
20261008,730,670,60,rolling_horizon,seasonal_linear_regression,7,721,727,7,115.7158276032,114.21026022099295,2025-12-28,
20261008,730,670,60,rolling_horizon,seasonal_linear_regression,7,722,722,1,139.3049085557,139.53856565997512,2025-12-23,
20261008,730,670,60,rolling_horizon,seasonal_linear_regression,7,722,723,2,143.880104289,143.1865422449996,2025-12-24,
20261008,730,670,60,rolling_horizon,seasonal_linear_regression,7,722,724,3,126.2461868417,134.91415612730998,2025-12-25,
20261008,730,670,60,rolling_horizon,seasonal_linear_regression,7,722,725,4,107.3164425454,118.44396869488219,2025-12-26,
20261008,730,670,60,rolling_horizon,seasonal_linear_regression,7,722,726,5,118.4815108613,108.8512103392759,2025-12-27,
20261008,730,670,60,rolling_horizon,seasonal_linear_regression,7,722,727,6,115.7158276032,114.08645103126446,2025-12-28,
20261008,730,670,60,rolling_horizon,seasonal_linear_regression,7,722,728,7,127.5141535018,126.83072544681272,2025-12-29,
20261008,730,670,60,rolling_horizon,seasonal_linear_regression,7,723,723,1,143.880104289,143.1844016573118,2025-12-24,
20261008,730,670,60,rolling_horizon,seasonal_linear_regression,7,723,724,2,126.2461868417,134.90400281031907,2025-12-25,
20261008,730,670,60,rolling_horizon,seasonal_linear_regression,7,723,725,3,107.3164425454,118.43530993949662,2025-12-26,
20261008,730,670,60,rolling_horizon,seasonal_linear_regression,7,723,726,4,118.4815108613,108.84666212055527,2025-12-27,
20261008,730,670,60,rolling_horizon,seasonal_linear_regression,7,723,727,5,115.7158276032,114.07958164320962,2025-12-28,
20261008,730,670,60,rolling_horizon,seasonal_linear_regression,7,723,728,6,127.5141535018,126.82418936875774,2025-12-29,
20261008,730,670,60,rolling_horizon,seasonal_linear_regression,7,723,729,7,135.9980120378,141.52698680546882,2025-12-30,
20261008,730,670,60,rolling_horizon,naive_previous_week,14,670,670,1,93.6787814212,83.9475429092,2025-11-01,
20261008,730,670,60,rolling_horizon,naive_previous_week,14,670,671,2,88.2360415032,94.7010322375,2025-11-02,
20261008,730,670,60,rolling_horizon,naive_previous_week,14,670,672,3,105.9545255841,97.0254629902,2025-11-03,
20261008,730,670,60,rolling_horizon,naive_previous_week,14,670,673,4,119.7326428272,128.749535473,2025-11-04,
20261008,730,670,60,rolling_horizon,naive_previous_week,14,670,674,5,122.247387964,116.333947168,2025-11-05,
20261008,730,670,60,rolling_horizon,naive_previous_week,14,670,675,6,111.0550970756,110.3990704506,2025-11-06,
20261008,730,670,60,rolling_horizon,naive_previous_week,14,670,676,7,102.903983799,93.5192235959,2025-11-07,
20261008,730,670,60,rolling_horizon,naive_previous_week,14,670,677,8,85.6239730153,83.9475429092,2025-11-08,
20261008,730,670,60,rolling_horizon,naive_previous_week,14,670,678,9,88.7840059698,94.7010322375,2025-11-09,
20261008,730,670,60,rolling_horizon,naive_previous_week,14,670,679,10,105.4360307607,97.0254629902,2025-11-10,
20261008,730,670,60,rolling_horizon,naive_previous_week,14,670,680,11,130.1261804302,128.749535473,2025-11-11,
20261008,730,670,60,rolling_horizon,naive_previous_week,14,670,681,12,120.2341328764,116.333947168,2025-11-12,
20261008,730,670,60,rolling_horizon,naive_previous_week,14,670,682,13,116.4643974318,110.3990704506,2025-11-13,
20261008,730,670,60,rolling_horizon,naive_previous_week,14,670,683,14,91.643990521,93.5192235959,2025-11-14,
20261008,730,670,60,rolling_horizon,naive_previous_week,14,671,671,1,88.2360415032,94.7010322375,2025-11-02,
20261008,730,670,60,rolling_horizon,naive_previous_week,14,671,672,2,105.9545255841,97.0254629902,2025-11-03,
20261008,730,670,60,rolling_horizon,naive_previous_week,14,671,673,3,119.7326428272,128.749535473,2025-11-04,
20261008,730,670,60,rolling_horizon,naive_previous_week,14,671,674,4,122.247387964,116.333947168,2025-11-05,
20261008,730,670,60,rolling_horizon,naive_previous_week,14,671,675,5,111.0550970756,110.3990704506,2025-11-06,
20261008,730,670,60,rolling_horizon,naive_previous_week,14,671,676,6,102.903983799,93.5192235959,2025-11-07,
20261008,730,670,60,rolling_horizon,naive_previous_week,14,671,677,7,85.6239730153,93.6787814212,2025-11-08,
20261008,730,670,60,rolling_horizon,naive_previous_week,14,671,678,8,88.7840059698,94.7010322375,2025-11-09,
20261008,730,670,60,rolling_horizon,naive_previous_week,14,671,679,9,105.4360307607,97.0254629902,2025-11-10,
20261008,730,670,60,rolling_horizon,naive_previous_week,14,671,680,10,130.1261804302,128.749535473,2025-11-11,
20261008,730,670,60,rolling_horizon,naive_previous_week,14,671,681,11,120.2341328764,116.333947168,2025-11-12,
20261008,730,670,60,rolling_horizon,naive_previous_week,14,671,682,12,116.4643974318,110.3990704506,2025-11-13,
20261008,730,670,60,rolling_horizon,naive_previous_week,14,671,683,13,91.643990521,93.5192235959,2025-11-14,
20261008,730,670,60,rolling_horizon,naive_previous_week,14,671,684,14,98.2022208221,93.6787814212,2025-11-15,
20261008,730,670,60,rolling_horizon,naive_previous_week,14,672,672,1,105.9545255841,97.0254629902,2025-11-03,
20261008,730,670,60,rolling_horizon,naive_previous_week,14,672,673,2,119.7326428272,128.749535473,2025-11-04,
20261008,730,670,60,rolling_horizon,naive_previous_week,14,672,674,3,122.247387964,116.333947168,2025-11-05,
20261008,730,670,60,rolling_horizon,naive_previous_week,14,672,675,4,111.0550970756,110.3990704506,2025-11-06,
20261008,730,670,60,rolling_horizon,naive_previous_week,14,672,676,5,102.903983799,93.5192235959,2025-11-07,
20261008,730,670,60,rolling_horizon,naive_previous_week,14,672,677,6,85.6239730153,93.6787814212,2025-11-08,
20261008,730,670,60,rolling_horizon,naive_previous_week,14,672,678,7,88.7840059698,88.2360415032,2025-11-09,
20261008,730,670,60,rolling_horizon,naive_previous_week,14,672,679,8,105.4360307607,97.0254629902,2025-11-10,
20261008,730,670,60,rolling_horizon,naive_previous_week,14,672,680,9,130.1261804302,128.749535473,2025-11-11,
20261008,730,670,60,rolling_horizon,naive_previous_week,14,672,681,10,120.2341328764,116.333947168,2025-11-12,
20261008,730,670,60,rolling_horizon,naive_previous_week,14,672,682,11,116.4643974318,110.3990704506,2025-11-13,
20261008,730,670,60,rolling_horizon,naive_previous_week,14,672,683,12,91.643990521,93.5192235959,2025-11-14,
20261008,730,670,60,rolling_horizon,naive_previous_week,14,672,684,13,98.2022208221,93.6787814212,2025-11-15,
20261008,730,670,60,rolling_horizon,naive_previous_week,14,672,685,14,100.9062127562,88.2360415032,2025-11-16,
20261008,730,670,60,rolling_horizon,naive_previous_week,14,673,673,1,119.7326428272,128.749535473,2025-11-04,
20261008,730,670,60,rolling_horizon,naive_previous_week,14,673,674,2,122.247387964,116.333947168,2025-11-05,
20261008,730,670,60,rolling_horizon,naive_previous_week,14,673,675,3,111.0550970756,110.3990704506,2025-11-06,
20261008,730,670,60,rolling_horizon,naive_previous_week,14,673,676,4,102.903983799,93.5192235959,2025-11-07,
20261008,730,670,60,rolling_horizon,naive_previous_week,14,673,677,5,85.6239730153,93.6787814212,2025-11-08,
20261008,730,670,60,rolling_horizon,naive_previous_week,14,673,678,6,88.7840059698,88.2360415032,2025-11-09,
20261008,730,670,60,rolling_horizon,naive_previous_week,14,673,679,7,105.4360307607,105.9545255841,2025-11-10,
20261008,730,670,60,rolling_horizon,naive_previous_week,14,673,680,8,130.1261804302,128.749535473,2025-11-11,
20261008,730,670,60,rolling_horizon,naive_previous_week,14,673,681,9,120.2341328764,116.333947168,2025-11-12,
20261008,730,670,60,rolling_horizon,naive_previous_week,14,673,682,10,116.4643974318,110.3990704506,2025-11-13,
20261008,730,670,60,rolling_horizon,naive_previous_week,14,673,683,11,91.643990521,93.5192235959,2025-11-14,
20261008,730,670,60,rolling_horizon,naive_previous_week,14,673,684,12,98.2022208221,93.6787814212,2025-11-15,
20261008,730,670,60,rolling_horizon,naive_previous_week,14,673,685,13,100.9062127562,88.2360415032,2025-11-16,
20261008,730,670,60,rolling_horizon,naive_previous_week,14,673,686,14,106.053250609,105.9545255841,2025-11-17,
20261008,730,670,60,rolling_horizon,naive_previous_week,14,674,674,1,122.247387964,116.333947168,2025-11-05,
20261008,730,670,60,rolling_horizon,naive_previous_week,14,674,675,2,111.0550970756,110.3990704506,2025-11-06,
20261008,730,670,60,rolling_horizon,naive_previous_week,14,674,676,3,102.903983799,93.5192235959,2025-11-07,
20261008,730,670,60,rolling_horizon,naive_previous_week,14,674,677,4,85.6239730153,93.6787814212,2025-11-08,
20261008,730,670,60,rolling_horizon,naive_previous_week,14,674,678,5,88.7840059698,88.2360415032,2025-11-09,
20261008,730,670,60,rolling_horizon,naive_previous_week,14,674,679,6,105.4360307607,105.9545255841,2025-11-10,
20261008,730,670,60,rolling_horizon,naive_previous_week,14,674,680,7,130.1261804302,119.7326428272,2025-11-11,
20261008,730,670,60,rolling_horizon,naive_previous_week,14,674,681,8,120.2341328764,116.333947168,2025-11-12,
20261008,730,670,60,rolling_horizon,naive_previous_week,14,674,682,9,116.4643974318,110.3990704506,2025-11-13,
20261008,730,670,60,rolling_horizon,naive_previous_week,14,674,683,10,91.643990521,93.5192235959,2025-11-14,
20261008,730,670,60,rolling_horizon,naive_previous_week,14,674,684,11,98.2022208221,93.6787814212,2025-11-15,
20261008,730,670,60,rolling_horizon,naive_previous_week,14,674,685,12,100.9062127562,88.2360415032,2025-11-16,
20261008,730,670,60,rolling_horizon,naive_previous_week,14,674,686,13,106.053250609,105.9545255841,2025-11-17,
20261008,730,670,60,rolling_horizon,naive_previous_week,14,674,687,14,116.1333607552,119.7326428272,2025-11-18,
20261008,730,670,60,rolling_horizon,naive_previous_week,14,675,675,1,111.0550970756,110.3990704506,2025-11-06,
20261008,730,670,60,rolling_horizon,naive_previous_week,14,675,676,2,102.903983799,93.5192235959,2025-11-07,
20261008,730,670,60,rolling_horizon,naive_previous_week,14,675,677,3,85.6239730153,93.6787814212,2025-11-08,
20261008,730,670,60,rolling_horizon,naive_previous_week,14,675,678,4,88.7840059698,88.2360415032,2025-11-09,
20261008,730,670,60,rolling_horizon,naive_previous_week,14,675,679,5,105.4360307607,105.9545255841,2025-11-10,
20261008,730,670,60,rolling_horizon,naive_previous_week,14,675,680,6,130.1261804302,119.7326428272,2025-11-11,
20261008,730,670,60,rolling_horizon,naive_previous_week,14,675,681,7,120.2341328764,122.247387964,2025-11-12,
20261008,730,670,60,rolling_horizon,naive_previous_week,14,675,682,8,116.4643974318,110.3990704506,2025-11-13,
20261008,730,670,60,rolling_horizon,naive_previous_week,14,675,683,9,91.643990521,93.5192235959,2025-11-14,
20261008,730,670,60,rolling_horizon,naive_previous_week,14,675,684,10,98.2022208221,93.6787814212,2025-11-15,
20261008,730,670,60,rolling_horizon,naive_previous_week,14,675,685,11,100.9062127562,88.2360415032,2025-11-16,
20261008,730,670,60,rolling_horizon,naive_previous_week,14,675,686,12,106.053250609,105.9545255841,2025-11-17,
20261008,730,670,60,rolling_horizon,naive_previous_week,14,675,687,13,116.1333607552,119.7326428272,2025-11-18,
20261008,730,670,60,rolling_horizon,naive_previous_week,14,675,688,14,131.4291834004,122.247387964,2025-11-19,
20261008,730,670,60,rolling_horizon,naive_previous_week,14,676,676,1,102.903983799,93.5192235959,2025-11-07,
20261008,730,670,60,rolling_horizon,naive_previous_week,14,676,677,2,85.6239730153,93.6787814212,2025-11-08,
20261008,730,670,60,rolling_horizon,naive_previous_week,14,676,678,3,88.7840059698,88.2360415032,2025-11-09,
20261008,730,670,60,rolling_horizon,naive_previous_week,14,676,679,4,105.4360307607,105.9545255841,2025-11-10,
20261008,730,670,60,rolling_horizon,naive_previous_week,14,676,680,5,130.1261804302,119.7326428272,2025-11-11,
20261008,730,670,60,rolling_horizon,naive_previous_week,14,676,681,6,120.2341328764,122.247387964,2025-11-12,
20261008,730,670,60,rolling_horizon,naive_previous_week,14,676,682,7,116.4643974318,111.0550970756,2025-11-13,
20261008,730,670,60,rolling_horizon,naive_previous_week,14,676,683,8,91.643990521,93.5192235959,2025-11-14,
20261008,730,670,60,rolling_horizon,naive_previous_week,14,676,684,9,98.2022208221,93.6787814212,2025-11-15,
20261008,730,670,60,rolling_horizon,naive_previous_week,14,676,685,10,100.9062127562,88.2360415032,2025-11-16,
20261008,730,670,60,rolling_horizon,naive_previous_week,14,676,686,11,106.053250609,105.9545255841,2025-11-17,
20261008,730,670,60,rolling_horizon,naive_previous_week,14,676,687,12,116.1333607552,119.7326428272,2025-11-18,
20261008,730,670,60,rolling_horizon,naive_previous_week,14,676,688,13,131.4291834004,122.247387964,2025-11-19,
20261008,730,670,60,rolling_horizon,naive_previous_week,14,676,689,14,117.2375226637,111.0550970756,2025-11-20,
20261008,730,670,60,rolling_horizon,naive_previous_week,14,677,677,1,85.6239730153,93.6787814212,2025-11-08,
20261008,730,670,60,rolling_horizon,naive_previous_week,14,677,678,2,88.7840059698,88.2360415032,2025-11-09,
20261008,730,670,60,rolling_horizon,naive_previous_week,14,677,679,3,105.4360307607,105.9545255841,2025-11-10,
20261008,730,670,60,rolling_horizon,naive_previous_week,14,677,680,4,130.1261804302,119.7326428272,2025-11-11,
20261008,730,670,60,rolling_horizon,naive_previous_week,14,677,681,5,120.2341328764,122.247387964,2025-11-12,
20261008,730,670,60,rolling_horizon,naive_previous_week,14,677,682,6,116.4643974318,111.0550970756,2025-11-13,
20261008,730,670,60,rolling_horizon,naive_previous_week,14,677,683,7,91.643990521,102.903983799,2025-11-14,
20261008,730,670,60,rolling_horizon,naive_previous_week,14,677,684,8,98.2022208221,93.6787814212,2025-11-15,
20261008,730,670,60,rolling_horizon,naive_previous_week,14,677,685,9,100.9062127562,88.2360415032,2025-11-16,
20261008,730,670,60,rolling_horizon,naive_previous_week,14,677,686,10,106.053250609,105.9545255841,2025-11-17,
20261008,730,670,60,rolling_horizon,naive_previous_week,14,677,687,11,116.1333607552,119.7326428272,2025-11-18,
20261008,730,670,60,rolling_horizon,naive_previous_week,14,677,688,12,131.4291834004,122.247387964,2025-11-19,
20261008,730,670,60,rolling_horizon,naive_previous_week,14,677,689,13,117.2375226637,111.0550970756,2025-11-20,
20261008,730,670,60,rolling_horizon,naive_previous_week,14,677,690,14,104.4585069656,102.903983799,2025-11-21,
20261008,730,670,60,rolling_horizon,naive_previous_week,14,678,678,1,88.7840059698,88.2360415032,2025-11-09,
20261008,730,670,60,rolling_horizon,naive_previous_week,14,678,679,2,105.4360307607,105.9545255841,2025-11-10,
20261008,730,670,60,rolling_horizon,naive_previous_week,14,678,680,3,130.1261804302,119.7326428272,2025-11-11,
20261008,730,670,60,rolling_horizon,naive_previous_week,14,678,681,4,120.2341328764,122.247387964,2025-11-12,
20261008,730,670,60,rolling_horizon,naive_previous_week,14,678,682,5,116.4643974318,111.0550970756,2025-11-13,
20261008,730,670,60,rolling_horizon,naive_previous_week,14,678,683,6,91.643990521,102.903983799,2025-11-14,
20261008,730,670,60,rolling_horizon,naive_previous_week,14,678,684,7,98.2022208221,85.6239730153,2025-11-15,
20261008,730,670,60,rolling_horizon,naive_previous_week,14,678,685,8,100.9062127562,88.2360415032,2025-11-16,
20261008,730,670,60,rolling_horizon,naive_previous_week,14,678,686,9,106.053250609,105.9545255841,2025-11-17,
20261008,730,670,60,rolling_horizon,naive_previous_week,14,678,687,10,116.1333607552,119.7326428272,2025-11-18,
20261008,730,670,60,rolling_horizon,naive_previous_week,14,678,688,11,131.4291834004,122.247387964,2025-11-19,
20261008,730,670,60,rolling_horizon,naive_previous_week,14,678,689,12,117.2375226637,111.0550970756,2025-11-20,
20261008,730,670,60,rolling_horizon,naive_previous_week,14,678,690,13,104.4585069656,102.903983799,2025-11-21,
20261008,730,670,60,rolling_horizon,naive_previous_week,14,678,691,14,101.0512216839,85.6239730153,2025-11-22,
20261008,730,670,60,rolling_horizon,naive_previous_week,14,679,679,1,105.4360307607,105.9545255841,2025-11-10,
20261008,730,670,60,rolling_horizon,naive_previous_week,14,679,680,2,130.1261804302,119.7326428272,2025-11-11,
20261008,730,670,60,rolling_horizon,naive_previous_week,14,679,681,3,120.2341328764,122.247387964,2025-11-12,
20261008,730,670,60,rolling_horizon,naive_previous_week,14,679,682,4,116.4643974318,111.0550970756,2025-11-13,
20261008,730,670,60,rolling_horizon,naive_previous_week,14,679,683,5,91.643990521,102.903983799,2025-11-14,
20261008,730,670,60,rolling_horizon,naive_previous_week,14,679,684,6,98.2022208221,85.6239730153,2025-11-15,
20261008,730,670,60,rolling_horizon,naive_previous_week,14,679,685,7,100.9062127562,88.7840059698,2025-11-16,
20261008,730,670,60,rolling_horizon,naive_previous_week,14,679,686,8,106.053250609,105.9545255841,2025-11-17,
20261008,730,670,60,rolling_horizon,naive_previous_week,14,679,687,9,116.1333607552,119.7326428272,2025-11-18,
20261008,730,670,60,rolling_horizon,naive_previous_week,14,679,688,10,131.4291834004,122.247387964,2025-11-19,
20261008,730,670,60,rolling_horizon,naive_previous_week,14,679,689,11,117.2375226637,111.0550970756,2025-11-20,
20261008,730,670,60,rolling_horizon,naive_previous_week,14,679,690,12,104.4585069656,102.903983799,2025-11-21,
20261008,730,670,60,rolling_horizon,naive_previous_week,14,679,691,13,101.0512216839,85.6239730153,2025-11-22,
20261008,730,670,60,rolling_horizon,naive_previous_week,14,679,692,14,106.7080803311,88.7840059698,2025-11-23,
20261008,730,670,60,rolling_horizon,naive_previous_week,14,680,680,1,130.1261804302,119.7326428272,2025-11-11,
20261008,730,670,60,rolling_horizon,naive_previous_week,14,680,681,2,120.2341328764,122.247387964,2025-11-12,
20261008,730,670,60,rolling_horizon,naive_previous_week,14,680,682,3,116.4643974318,111.0550970756,2025-11-13,
20261008,730,670,60,rolling_horizon,naive_previous_week,14,680,683,4,91.643990521,102.903983799,2025-11-14,
20261008,730,670,60,rolling_horizon,naive_previous_week,14,680,684,5,98.2022208221,85.6239730153,2025-11-15,
20261008,730,670,60,rolling_horizon,naive_previous_week,14,680,685,6,100.9062127562,88.7840059698,2025-11-16,
20261008,730,670,60,rolling_horizon,naive_previous_week,14,680,686,7,106.053250609,105.4360307607,2025-11-17,
20261008,730,670,60,rolling_horizon,naive_previous_week,14,680,687,8,116.1333607552,119.7326428272,2025-11-18,
20261008,730,670,60,rolling_horizon,naive_previous_week,14,680,688,9,131.4291834004,122.247387964,2025-11-19,
20261008,730,670,60,rolling_horizon,naive_previous_week,14,680,689,10,117.2375226637,111.0550970756,2025-11-20,
20261008,730,670,60,rolling_horizon,naive_previous_week,14,680,690,11,104.4585069656,102.903983799,2025-11-21,
20261008,730,670,60,rolling_horizon,naive_previous_week,14,680,691,12,101.0512216839,85.6239730153,2025-11-22,
20261008,730,670,60,rolling_horizon,naive_previous_week,14,680,692,13,106.7080803311,88.7840059698,2025-11-23,
20261008,730,670,60,rolling_horizon,naive_previous_week,14,680,693,14,104.8566719454,105.4360307607,2025-11-24,
20261008,730,670,60,rolling_horizon,naive_previous_week,14,681,681,1,120.2341328764,122.247387964,2025-11-12,
20261008,730,670,60,rolling_horizon,naive_previous_week,14,681,682,2,116.4643974318,111.0550970756,2025-11-13,
20261008,730,670,60,rolling_horizon,naive_previous_week,14,681,683,3,91.643990521,102.903983799,2025-11-14,
20261008,730,670,60,rolling_horizon,naive_previous_week,14,681,684,4,98.2022208221,85.6239730153,2025-11-15,
20261008,730,670,60,rolling_horizon,naive_previous_week,14,681,685,5,100.9062127562,88.7840059698,2025-11-16,
20261008,730,670,60,rolling_horizon,naive_previous_week,14,681,686,6,106.053250609,105.4360307607,2025-11-17,
20261008,730,670,60,rolling_horizon,naive_previous_week,14,681,687,7,116.1333607552,130.1261804302,2025-11-18,
20261008,730,670,60,rolling_horizon,naive_previous_week,14,681,688,8,131.4291834004,122.247387964,2025-11-19,
20261008,730,670,60,rolling_horizon,naive_previous_week,14,681,689,9,117.2375226637,111.0550970756,2025-11-20,
20261008,730,670,60,rolling_horizon,naive_previous_week,14,681,690,10,104.4585069656,102.903983799,2025-11-21,
20261008,730,670,60,rolling_horizon,naive_previous_week,14,681,691,11,101.0512216839,85.6239730153,2025-11-22,
20261008,730,670,60,rolling_horizon,naive_previous_week,14,681,692,12,106.7080803311,88.7840059698,2025-11-23,
20261008,730,670,60,rolling_horizon,naive_previous_week,14,681,693,13,104.8566719454,105.4360307607,2025-11-24,
20261008,730,670,60,rolling_horizon,naive_previous_week,14,681,694,14,141.7294464397,130.1261804302,2025-11-25,
20261008,730,670,60,rolling_horizon,naive_previous_week,14,682,682,1,116.4643974318,111.0550970756,2025-11-13,
20261008,730,670,60,rolling_horizon,naive_previous_week,14,682,683,2,91.643990521,102.903983799,2025-11-14,
20261008,730,670,60,rolling_horizon,naive_previous_week,14,682,684,3,98.2022208221,85.6239730153,2025-11-15,
20261008,730,670,60,rolling_horizon,naive_previous_week,14,682,685,4,100.9062127562,88.7840059698,2025-11-16,
20261008,730,670,60,rolling_horizon,naive_previous_week,14,682,686,5,106.053250609,105.4360307607,2025-11-17,
20261008,730,670,60,rolling_horizon,naive_previous_week,14,682,687,6,116.1333607552,130.1261804302,2025-11-18,
20261008,730,670,60,rolling_horizon,naive_previous_week,14,682,688,7,131.4291834004,120.2341328764,2025-11-19,
20261008,730,670,60,rolling_horizon,naive_previous_week,14,682,689,8,117.2375226637,111.0550970756,2025-11-20,
20261008,730,670,60,rolling_horizon,naive_previous_week,14,682,690,9,104.4585069656,102.903983799,2025-11-21,
20261008,730,670,60,rolling_horizon,naive_previous_week,14,682,691,10,101.0512216839,85.6239730153,2025-11-22,
20261008,730,670,60,rolling_horizon,naive_previous_week,14,682,692,11,106.7080803311,88.7840059698,2025-11-23,
20261008,730,670,60,rolling_horizon,naive_previous_week,14,682,693,12,104.8566719454,105.4360307607,2025-11-24,
20261008,730,670,60,rolling_horizon,naive_previous_week,14,682,694,13,141.7294464397,130.1261804302,2025-11-25,
20261008,730,670,60,rolling_horizon,naive_previous_week,14,682,695,14,130.7468418113,120.2341328764,2025-11-26,
20261008,730,670,60,rolling_horizon,naive_previous_week,14,683,683,1,91.643990521,102.903983799,2025-11-14,
20261008,730,670,60,rolling_horizon,naive_previous_week,14,683,684,2,98.2022208221,85.6239730153,2025-11-15,
20261008,730,670,60,rolling_horizon,naive_previous_week,14,683,685,3,100.9062127562,88.7840059698,2025-11-16,
20261008,730,670,60,rolling_horizon,naive_previous_week,14,683,686,4,106.053250609,105.4360307607,2025-11-17,
20261008,730,670,60,rolling_horizon,naive_previous_week,14,683,687,5,116.1333607552,130.1261804302,2025-11-18,
20261008,730,670,60,rolling_horizon,naive_previous_week,14,683,688,6,131.4291834004,120.2341328764,2025-11-19,
20261008,730,670,60,rolling_horizon,naive_previous_week,14,683,689,7,117.2375226637,116.4643974318,2025-11-20,
20261008,730,670,60,rolling_horizon,naive_previous_week,14,683,690,8,104.4585069656,102.903983799,2025-11-21,
20261008,730,670,60,rolling_horizon,naive_previous_week,14,683,691,9,101.0512216839,85.6239730153,2025-11-22,
20261008,730,670,60,rolling_horizon,naive_previous_week,14,683,692,10,106.7080803311,88.7840059698,2025-11-23,
20261008,730,670,60,rolling_horizon,naive_previous_week,14,683,693,11,104.8566719454,105.4360307607,2025-11-24,
20261008,730,670,60,rolling_horizon,naive_previous_week,14,683,694,12,141.7294464397,130.1261804302,2025-11-25,
20261008,730,670,60,rolling_horizon,naive_previous_week,14,683,695,13,130.7468418113,120.2341328764,2025-11-26,
20261008,730,670,60,rolling_horizon,naive_previous_week,14,683,696,14,128.4356754052,116.4643974318,2025-11-27,
20261008,730,670,60,rolling_horizon,naive_previous_week,14,684,684,1,98.2022208221,85.6239730153,2025-11-15,
20261008,730,670,60,rolling_horizon,naive_previous_week,14,684,685,2,100.9062127562,88.7840059698,2025-11-16,
20261008,730,670,60,rolling_horizon,naive_previous_week,14,684,686,3,106.053250609,105.4360307607,2025-11-17,
20261008,730,670,60,rolling_horizon,naive_previous_week,14,684,687,4,116.1333607552,130.1261804302,2025-11-18,
20261008,730,670,60,rolling_horizon,naive_previous_week,14,684,688,5,131.4291834004,120.2341328764,2025-11-19,
20261008,730,670,60,rolling_horizon,naive_previous_week,14,684,689,6,117.2375226637,116.4643974318,2025-11-20,
20261008,730,670,60,rolling_horizon,naive_previous_week,14,684,690,7,104.4585069656,91.643990521,2025-11-21,
20261008,730,670,60,rolling_horizon,naive_previous_week,14,684,691,8,101.0512216839,85.6239730153,2025-11-22,
20261008,730,670,60,rolling_horizon,naive_previous_week,14,684,692,9,106.7080803311,88.7840059698,2025-11-23,
20261008,730,670,60,rolling_horizon,naive_previous_week,14,684,693,10,104.8566719454,105.4360307607,2025-11-24,
20261008,730,670,60,rolling_horizon,naive_previous_week,14,684,694,11,141.7294464397,130.1261804302,2025-11-25,
20261008,730,670,60,rolling_horizon,naive_previous_week,14,684,695,12,130.7468418113,120.2341328764,2025-11-26,
20261008,730,670,60,rolling_horizon,naive_previous_week,14,684,696,13,128.4356754052,116.4643974318,2025-11-27,
20261008,730,670,60,rolling_horizon,naive_previous_week,14,684,697,14,106.0560514778,91.643990521,2025-11-28,
20261008,730,670,60,rolling_horizon,naive_previous_week,14,685,685,1,100.9062127562,88.7840059698,2025-11-16,
20261008,730,670,60,rolling_horizon,naive_previous_week,14,685,686,2,106.053250609,105.4360307607,2025-11-17,
20261008,730,670,60,rolling_horizon,naive_previous_week,14,685,687,3,116.1333607552,130.1261804302,2025-11-18,
20261008,730,670,60,rolling_horizon,naive_previous_week,14,685,688,4,131.4291834004,120.2341328764,2025-11-19,
20261008,730,670,60,rolling_horizon,naive_previous_week,14,685,689,5,117.2375226637,116.4643974318,2025-11-20,
20261008,730,670,60,rolling_horizon,naive_previous_week,14,685,690,6,104.4585069656,91.643990521,2025-11-21,
20261008,730,670,60,rolling_horizon,naive_previous_week,14,685,691,7,101.0512216839,98.2022208221,2025-11-22,
20261008,730,670,60,rolling_horizon,naive_previous_week,14,685,692,8,106.7080803311,88.7840059698,2025-11-23,
20261008,730,670,60,rolling_horizon,naive_previous_week,14,685,693,9,104.8566719454,105.4360307607,2025-11-24,
20261008,730,670,60,rolling_horizon,naive_previous_week,14,685,694,10,141.7294464397,130.1261804302,2025-11-25,
20261008,730,670,60,rolling_horizon,naive_previous_week,14,685,695,11,130.7468418113,120.2341328764,2025-11-26,
20261008,730,670,60,rolling_horizon,naive_previous_week,14,685,696,12,128.4356754052,116.4643974318,2025-11-27,
20261008,730,670,60,rolling_horizon,naive_previous_week,14,685,697,13,106.0560514778,91.643990521,2025-11-28,
20261008,730,670,60,rolling_horizon,naive_previous_week,14,685,698,14,87.0788274448,98.2022208221,2025-11-29,
20261008,730,670,60,rolling_horizon,naive_previous_week,14,686,686,1,106.053250609,105.4360307607,2025-11-17,
20261008,730,670,60,rolling_horizon,naive_previous_week,14,686,687,2,116.1333607552,130.1261804302,2025-11-18,
20261008,730,670,60,rolling_horizon,naive_previous_week,14,686,688,3,131.4291834004,120.2341328764,2025-11-19,
20261008,730,670,60,rolling_horizon,naive_previous_week,14,686,689,4,117.2375226637,116.4643974318,2025-11-20,
20261008,730,670,60,rolling_horizon,naive_previous_week,14,686,690,5,104.4585069656,91.643990521,2025-11-21,
20261008,730,670,60,rolling_horizon,naive_previous_week,14,686,691,6,101.0512216839,98.2022208221,2025-11-22,
20261008,730,670,60,rolling_horizon,naive_previous_week,14,686,692,7,106.7080803311,100.9062127562,2025-11-23,
20261008,730,670,60,rolling_horizon,naive_previous_week,14,686,693,8,104.8566719454,105.4360307607,2025-11-24,
20261008,730,670,60,rolling_horizon,naive_previous_week,14,686,694,9,141.7294464397,130.1261804302,2025-11-25,
20261008,730,670,60,rolling_horizon,naive_previous_week,14,686,695,10,130.7468418113,120.2341328764,2025-11-26,
20261008,730,670,60,rolling_horizon,naive_previous_week,14,686,696,11,128.4356754052,116.4643974318,2025-11-27,
20261008,730,670,60,rolling_horizon,naive_previous_week,14,686,697,12,106.0560514778,91.643990521,2025-11-28,
20261008,730,670,60,rolling_horizon,naive_previous_week,14,686,698,13,87.0788274448,98.2022208221,2025-11-29,
20261008,730,670,60,rolling_horizon,naive_previous_week,14,686,699,14,103.140705212,100.9062127562,2025-11-30,
20261008,730,670,60,rolling_horizon,naive_previous_week,14,687,687,1,116.1333607552,130.1261804302,2025-11-18,
20261008,730,670,60,rolling_horizon,naive_previous_week,14,687,688,2,131.4291834004,120.2341328764,2025-11-19,
20261008,730,670,60,rolling_horizon,naive_previous_week,14,687,689,3,117.2375226637,116.4643974318,2025-11-20,
20261008,730,670,60,rolling_horizon,naive_previous_week,14,687,690,4,104.4585069656,91.643990521,2025-11-21,
20261008,730,670,60,rolling_horizon,naive_previous_week,14,687,691,5,101.0512216839,98.2022208221,2025-11-22,
20261008,730,670,60,rolling_horizon,naive_previous_week,14,687,692,6,106.7080803311,100.9062127562,2025-11-23,
20261008,730,670,60,rolling_horizon,naive_previous_week,14,687,693,7,104.8566719454,106.053250609,2025-11-24,
20261008,730,670,60,rolling_horizon,naive_previous_week,14,687,694,8,141.7294464397,130.1261804302,2025-11-25,
20261008,730,670,60,rolling_horizon,naive_previous_week,14,687,695,9,130.7468418113,120.2341328764,2025-11-26,
20261008,730,670,60,rolling_horizon,naive_previous_week,14,687,696,10,128.4356754052,116.4643974318,2025-11-27,
20261008,730,670,60,rolling_horizon,naive_previous_week,14,687,697,11,106.0560514778,91.643990521,2025-11-28,
20261008,730,670,60,rolling_horizon,naive_previous_week,14,687,698,12,87.0788274448,98.2022208221,2025-11-29,
20261008,730,670,60,rolling_horizon,naive_previous_week,14,687,699,13,103.140705212,100.9062127562,2025-11-30,
20261008,730,670,60,rolling_horizon,naive_previous_week,14,687,700,14,113.8373914368,106.053250609,2025-12-01,
20261008,730,670,60,rolling_horizon,naive_previous_week,14,688,688,1,131.4291834004,120.2341328764,2025-11-19,
20261008,730,670,60,rolling_horizon,naive_previous_week,14,688,689,2,117.2375226637,116.4643974318,2025-11-20,
20261008,730,670,60,rolling_horizon,naive_previous_week,14,688,690,3,104.4585069656,91.643990521,2025-11-21,
20261008,730,670,60,rolling_horizon,naive_previous_week,14,688,691,4,101.0512216839,98.2022208221,2025-11-22,
20261008,730,670,60,rolling_horizon,naive_previous_week,14,688,692,5,106.7080803311,100.9062127562,2025-11-23,
20261008,730,670,60,rolling_horizon,naive_previous_week,14,688,693,6,104.8566719454,106.053250609,2025-11-24,
20261008,730,670,60,rolling_horizon,naive_previous_week,14,688,694,7,141.7294464397,116.1333607552,2025-11-25,
20261008,730,670,60,rolling_horizon,naive_previous_week,14,688,695,8,130.7468418113,120.2341328764,2025-11-26,
20261008,730,670,60,rolling_horizon,naive_previous_week,14,688,696,9,128.4356754052,116.4643974318,2025-11-27,
20261008,730,670,60,rolling_horizon,naive_previous_week,14,688,697,10,106.0560514778,91.643990521,2025-11-28,
20261008,730,670,60,rolling_horizon,naive_previous_week,14,688,698,11,87.0788274448,98.2022208221,2025-11-29,
20261008,730,670,60,rolling_horizon,naive_previous_week,14,688,699,12,103.140705212,100.9062127562,2025-11-30,
20261008,730,670,60,rolling_horizon,naive_previous_week,14,688,700,13,113.8373914368,106.053250609,2025-12-01,
20261008,730,670,60,rolling_horizon,naive_previous_week,14,688,701,14,128.6959921408,116.1333607552,2025-12-02,
20261008,730,670,60,rolling_horizon,naive_previous_week,14,689,689,1,117.2375226637,116.4643974318,2025-11-20,
20261008,730,670,60,rolling_horizon,naive_previous_week,14,689,690,2,104.4585069656,91.643990521,2025-11-21,
20261008,730,670,60,rolling_horizon,naive_previous_week,14,689,691,3,101.0512216839,98.2022208221,2025-11-22,
20261008,730,670,60,rolling_horizon,naive_previous_week,14,689,692,4,106.7080803311,100.9062127562,2025-11-23,
20261008,730,670,60,rolling_horizon,naive_previous_week,14,689,693,5,104.8566719454,106.053250609,2025-11-24,
20261008,730,670,60,rolling_horizon,naive_previous_week,14,689,694,6,141.7294464397,116.1333607552,2025-11-25,
20261008,730,670,60,rolling_horizon,naive_previous_week,14,689,695,7,130.7468418113,131.4291834004,2025-11-26,
20261008,730,670,60,rolling_horizon,naive_previous_week,14,689,696,8,128.4356754052,116.4643974318,2025-11-27,
20261008,730,670,60,rolling_horizon,naive_previous_week,14,689,697,9,106.0560514778,91.643990521,2025-11-28,
20261008,730,670,60,rolling_horizon,naive_previous_week,14,689,698,10,87.0788274448,98.2022208221,2025-11-29,
20261008,730,670,60,rolling_horizon,naive_previous_week,14,689,699,11,103.140705212,100.9062127562,2025-11-30,
20261008,730,670,60,rolling_horizon,naive_previous_week,14,689,700,12,113.8373914368,106.053250609,2025-12-01,
20261008,730,670,60,rolling_horizon,naive_previous_week,14,689,701,13,128.6959921408,116.1333607552,2025-12-02,
20261008,730,670,60,rolling_horizon,naive_previous_week,14,689,702,14,124.9544385883,131.4291834004,2025-12-03,
20261008,730,670,60,rolling_horizon,naive_previous_week,14,690,690,1,104.4585069656,91.643990521,2025-11-21,
20261008,730,670,60,rolling_horizon,naive_previous_week,14,690,691,2,101.0512216839,98.2022208221,2025-11-22,
20261008,730,670,60,rolling_horizon,naive_previous_week,14,690,692,3,106.7080803311,100.9062127562,2025-11-23,
20261008,730,670,60,rolling_horizon,naive_previous_week,14,690,693,4,104.8566719454,106.053250609,2025-11-24,
20261008,730,670,60,rolling_horizon,naive_previous_week,14,690,694,5,141.7294464397,116.1333607552,2025-11-25,
20261008,730,670,60,rolling_horizon,naive_previous_week,14,690,695,6,130.7468418113,131.4291834004,2025-11-26,
20261008,730,670,60,rolling_horizon,naive_previous_week,14,690,696,7,128.4356754052,117.2375226637,2025-11-27,
20261008,730,670,60,rolling_horizon,naive_previous_week,14,690,697,8,106.0560514778,91.643990521,2025-11-28,
20261008,730,670,60,rolling_horizon,naive_previous_week,14,690,698,9,87.0788274448,98.2022208221,2025-11-29,
20261008,730,670,60,rolling_horizon,naive_previous_week,14,690,699,10,103.140705212,100.9062127562,2025-11-30,
20261008,730,670,60,rolling_horizon,naive_previous_week,14,690,700,11,113.8373914368,106.053250609,2025-12-01,
20261008,730,670,60,rolling_horizon,naive_previous_week,14,690,701,12,128.6959921408,116.1333607552,2025-12-02,
20261008,730,670,60,rolling_horizon,naive_previous_week,14,690,702,13,124.9544385883,131.4291834004,2025-12-03,
20261008,730,670,60,rolling_horizon,naive_previous_week,14,690,703,14,123.0392046882,117.2375226637,2025-12-04,
20261008,730,670,60,rolling_horizon,naive_previous_week,14,691,691,1,101.0512216839,98.2022208221,2025-11-22,
20261008,730,670,60,rolling_horizon,naive_previous_week,14,691,692,2,106.7080803311,100.9062127562,2025-11-23,
20261008,730,670,60,rolling_horizon,naive_previous_week,14,691,693,3,104.8566719454,106.053250609,2025-11-24,
20261008,730,670,60,rolling_horizon,naive_previous_week,14,691,694,4,141.7294464397,116.1333607552,2025-11-25,
20261008,730,670,60,rolling_horizon,naive_previous_week,14,691,695,5,130.7468418113,131.4291834004,2025-11-26,
20261008,730,670,60,rolling_horizon,naive_previous_week,14,691,696,6,128.4356754052,117.2375226637,2025-11-27,
20261008,730,670,60,rolling_horizon,naive_previous_week,14,691,697,7,106.0560514778,104.4585069656,2025-11-28,
20261008,730,670,60,rolling_horizon,naive_previous_week,14,691,698,8,87.0788274448,98.2022208221,2025-11-29,
20261008,730,670,60,rolling_horizon,naive_previous_week,14,691,699,9,103.140705212,100.9062127562,2025-11-30,
20261008,730,670,60,rolling_horizon,naive_previous_week,14,691,700,10,113.8373914368,106.053250609,2025-12-01,
20261008,730,670,60,rolling_horizon,naive_previous_week,14,691,701,11,128.6959921408,116.1333607552,2025-12-02,
20261008,730,670,60,rolling_horizon,naive_previous_week,14,691,702,12,124.9544385883,131.4291834004,2025-12-03,
20261008,730,670,60,rolling_horizon,naive_previous_week,14,691,703,13,123.0392046882,117.2375226637,2025-12-04,
20261008,730,670,60,rolling_horizon,naive_previous_week,14,691,704,14,112.0375299996,104.4585069656,2025-12-05,
20261008,730,670,60,rolling_horizon,naive_previous_week,14,692,692,1,106.7080803311,100.9062127562,2025-11-23,
20261008,730,670,60,rolling_horizon,naive_previous_week,14,692,693,2,104.8566719454,106.053250609,2025-11-24,
20261008,730,670,60,rolling_horizon,naive_previous_week,14,692,694,3,141.7294464397,116.1333607552,2025-11-25,
20261008,730,670,60,rolling_horizon,naive_previous_week,14,692,695,4,130.7468418113,131.4291834004,2025-11-26,
20261008,730,670,60,rolling_horizon,naive_previous_week,14,692,696,5,128.4356754052,117.2375226637,2025-11-27,
20261008,730,670,60,rolling_horizon,naive_previous_week,14,692,697,6,106.0560514778,104.4585069656,2025-11-28,
20261008,730,670,60,rolling_horizon,naive_previous_week,14,692,698,7,87.0788274448,101.0512216839,2025-11-29,
20261008,730,670,60,rolling_horizon,naive_previous_week,14,692,699,8,103.140705212,100.9062127562,2025-11-30,
20261008,730,670,60,rolling_horizon,naive_previous_week,14,692,700,9,113.8373914368,106.053250609,2025-12-01,
20261008,730,670,60,rolling_horizon,naive_previous_week,14,692,701,10,128.6959921408,116.1333607552,2025-12-02,
20261008,730,670,60,rolling_horizon,naive_previous_week,14,692,702,11,124.9544385883,131.4291834004,2025-12-03,
20261008,730,670,60,rolling_horizon,naive_previous_week,14,692,703,12,123.0392046882,117.2375226637,2025-12-04,
20261008,730,670,60,rolling_horizon,naive_previous_week,14,692,704,13,112.0375299996,104.4585069656,2025-12-05,
20261008,730,670,60,rolling_horizon,naive_previous_week,14,692,705,14,94.7981017475,101.0512216839,2025-12-06,
20261008,730,670,60,rolling_horizon,naive_previous_week,14,693,693,1,104.8566719454,106.053250609,2025-11-24,
20261008,730,670,60,rolling_horizon,naive_previous_week,14,693,694,2,141.7294464397,116.1333607552,2025-11-25,
20261008,730,670,60,rolling_horizon,naive_previous_week,14,693,695,3,130.7468418113,131.4291834004,2025-11-26,
20261008,730,670,60,rolling_horizon,naive_previous_week,14,693,696,4,128.4356754052,117.2375226637,2025-11-27,
20261008,730,670,60,rolling_horizon,naive_previous_week,14,693,697,5,106.0560514778,104.4585069656,2025-11-28,
20261008,730,670,60,rolling_horizon,naive_previous_week,14,693,698,6,87.0788274448,101.0512216839,2025-11-29,
20261008,730,670,60,rolling_horizon,naive_previous_week,14,693,699,7,103.140705212,106.7080803311,2025-11-30,
20261008,730,670,60,rolling_horizon,naive_previous_week,14,693,700,8,113.8373914368,106.053250609,2025-12-01,
20261008,730,670,60,rolling_horizon,naive_previous_week,14,693,701,9,128.6959921408,116.1333607552,2025-12-02,
20261008,730,670,60,rolling_horizon,naive_previous_week,14,693,702,10,124.9544385883,131.4291834004,2025-12-03,
20261008,730,670,60,rolling_horizon,naive_previous_week,14,693,703,11,123.0392046882,117.2375226637,2025-12-04,
20261008,730,670,60,rolling_horizon,naive_previous_week,14,693,704,12,112.0375299996,104.4585069656,2025-12-05,
20261008,730,670,60,rolling_horizon,naive_previous_week,14,693,705,13,94.7981017475,101.0512216839,2025-12-06,
20261008,730,670,60,rolling_horizon,naive_previous_week,14,693,706,14,97.1541570139,106.7080803311,2025-12-07,
20261008,730,670,60,rolling_horizon,naive_previous_week,14,694,694,1,141.7294464397,116.1333607552,2025-11-25,
20261008,730,670,60,rolling_horizon,naive_previous_week,14,694,695,2,130.7468418113,131.4291834004,2025-11-26,
20261008,730,670,60,rolling_horizon,naive_previous_week,14,694,696,3,128.4356754052,117.2375226637,2025-11-27,
20261008,730,670,60,rolling_horizon,naive_previous_week,14,694,697,4,106.0560514778,104.4585069656,2025-11-28,
20261008,730,670,60,rolling_horizon,naive_previous_week,14,694,698,5,87.0788274448,101.0512216839,2025-11-29,
20261008,730,670,60,rolling_horizon,naive_previous_week,14,694,699,6,103.140705212,106.7080803311,2025-11-30,
20261008,730,670,60,rolling_horizon,naive_previous_week,14,694,700,7,113.8373914368,104.8566719454,2025-12-01,
20261008,730,670,60,rolling_horizon,naive_previous_week,14,694,701,8,128.6959921408,116.1333607552,2025-12-02,
20261008,730,670,60,rolling_horizon,naive_previous_week,14,694,702,9,124.9544385883,131.4291834004,2025-12-03,
20261008,730,670,60,rolling_horizon,naive_previous_week,14,694,703,10,123.0392046882,117.2375226637,2025-12-04,
20261008,730,670,60,rolling_horizon,naive_previous_week,14,694,704,11,112.0375299996,104.4585069656,2025-12-05,
20261008,730,670,60,rolling_horizon,naive_previous_week,14,694,705,12,94.7981017475,101.0512216839,2025-12-06,
20261008,730,670,60,rolling_horizon,naive_previous_week,14,694,706,13,97.1541570139,106.7080803311,2025-12-07,
20261008,730,670,60,rolling_horizon,naive_previous_week,14,694,707,14,116.0552552441,104.8566719454,2025-12-08,
20261008,730,670,60,rolling_horizon,naive_previous_week,14,695,695,1,130.7468418113,131.4291834004,2025-11-26,
20261008,730,670,60,rolling_horizon,naive_previous_week,14,695,696,2,128.4356754052,117.2375226637,2025-11-27,
20261008,730,670,60,rolling_horizon,naive_previous_week,14,695,697,3,106.0560514778,104.4585069656,2025-11-28,
20261008,730,670,60,rolling_horizon,naive_previous_week,14,695,698,4,87.0788274448,101.0512216839,2025-11-29,
20261008,730,670,60,rolling_horizon,naive_previous_week,14,695,699,5,103.140705212,106.7080803311,2025-11-30,
20261008,730,670,60,rolling_horizon,naive_previous_week,14,695,700,6,113.8373914368,104.8566719454,2025-12-01,
20261008,730,670,60,rolling_horizon,naive_previous_week,14,695,701,7,128.6959921408,141.7294464397,2025-12-02,
20261008,730,670,60,rolling_horizon,naive_previous_week,14,695,702,8,124.9544385883,131.4291834004,2025-12-03,
20261008,730,670,60,rolling_horizon,naive_previous_week,14,695,703,9,123.0392046882,117.2375226637,2025-12-04,
20261008,730,670,60,rolling_horizon,naive_previous_week,14,695,704,10,112.0375299996,104.4585069656,2025-12-05,
20261008,730,670,60,rolling_horizon,naive_previous_week,14,695,705,11,94.7981017475,101.0512216839,2025-12-06,
20261008,730,670,60,rolling_horizon,naive_previous_week,14,695,706,12,97.1541570139,106.7080803311,2025-12-07,
20261008,730,670,60,rolling_horizon,naive_previous_week,14,695,707,13,116.0552552441,104.8566719454,2025-12-08,
20261008,730,670,60,rolling_horizon,naive_previous_week,14,695,708,14,124.9869441925,141.7294464397,2025-12-09,
20261008,730,670,60,rolling_horizon,naive_previous_week,14,696,696,1,128.4356754052,117.2375226637,2025-11-27,
20261008,730,670,60,rolling_horizon,naive_previous_week,14,696,697,2,106.0560514778,104.4585069656,2025-11-28,
20261008,730,670,60,rolling_horizon,naive_previous_week,14,696,698,3,87.0788274448,101.0512216839,2025-11-29,
20261008,730,670,60,rolling_horizon,naive_previous_week,14,696,699,4,103.140705212,106.7080803311,2025-11-30,
20261008,730,670,60,rolling_horizon,naive_previous_week,14,696,700,5,113.8373914368,104.8566719454,2025-12-01,
20261008,730,670,60,rolling_horizon,naive_previous_week,14,696,701,6,128.6959921408,141.7294464397,2025-12-02,
20261008,730,670,60,rolling_horizon,naive_previous_week,14,696,702,7,124.9544385883,130.7468418113,2025-12-03,
20261008,730,670,60,rolling_horizon,naive_previous_week,14,696,703,8,123.0392046882,117.2375226637,2025-12-04,
20261008,730,670,60,rolling_horizon,naive_previous_week,14,696,704,9,112.0375299996,104.4585069656,2025-12-05,
20261008,730,670,60,rolling_horizon,naive_previous_week,14,696,705,10,94.7981017475,101.0512216839,2025-12-06,
20261008,730,670,60,rolling_horizon,naive_previous_week,14,696,706,11,97.1541570139,106.7080803311,2025-12-07,
20261008,730,670,60,rolling_horizon,naive_previous_week,14,696,707,12,116.0552552441,104.8566719454,2025-12-08,
20261008,730,670,60,rolling_horizon,naive_previous_week,14,696,708,13,124.9869441925,141.7294464397,2025-12-09,
20261008,730,670,60,rolling_horizon,naive_previous_week,14,696,709,14,133.985128528,130.7468418113,2025-12-10,
20261008,730,670,60,rolling_horizon,naive_previous_week,14,697,697,1,106.0560514778,104.4585069656,2025-11-28,
20261008,730,670,60,rolling_horizon,naive_previous_week,14,697,698,2,87.0788274448,101.0512216839,2025-11-29,
20261008,730,670,60,rolling_horizon,naive_previous_week,14,697,699,3,103.140705212,106.7080803311,2025-11-30,
20261008,730,670,60,rolling_horizon,naive_previous_week,14,697,700,4,113.8373914368,104.8566719454,2025-12-01,
20261008,730,670,60,rolling_horizon,naive_previous_week,14,697,701,5,128.6959921408,141.7294464397,2025-12-02,
20261008,730,670,60,rolling_horizon,naive_previous_week,14,697,702,6,124.9544385883,130.7468418113,2025-12-03,
20261008,730,670,60,rolling_horizon,naive_previous_week,14,697,703,7,123.0392046882,128.4356754052,2025-12-04,
20261008,730,670,60,rolling_horizon,naive_previous_week,14,697,704,8,112.0375299996,104.4585069656,2025-12-05,
20261008,730,670,60,rolling_horizon,naive_previous_week,14,697,705,9,94.7981017475,101.0512216839,2025-12-06,
20261008,730,670,60,rolling_horizon,naive_previous_week,14,697,706,10,97.1541570139,106.7080803311,2025-12-07,
20261008,730,670,60,rolling_horizon,naive_previous_week,14,697,707,11,116.0552552441,104.8566719454,2025-12-08,
20261008,730,670,60,rolling_horizon,naive_previous_week,14,697,708,12,124.9869441925,141.7294464397,2025-12-09,
20261008,730,670,60,rolling_horizon,naive_previous_week,14,697,709,13,133.985128528,130.7468418113,2025-12-10,
20261008,730,670,60,rolling_horizon,naive_previous_week,14,697,710,14,129.1625511456,128.4356754052,2025-12-11,
20261008,730,670,60,rolling_horizon,naive_previous_week,14,698,698,1,87.0788274448,101.0512216839,2025-11-29,
20261008,730,670,60,rolling_horizon,naive_previous_week,14,698,699,2,103.140705212,106.7080803311,2025-11-30,
20261008,730,670,60,rolling_horizon,naive_previous_week,14,698,700,3,113.8373914368,104.8566719454,2025-12-01,
20261008,730,670,60,rolling_horizon,naive_previous_week,14,698,701,4,128.6959921408,141.7294464397,2025-12-02,
20261008,730,670,60,rolling_horizon,naive_previous_week,14,698,702,5,124.9544385883,130.7468418113,2025-12-03,
20261008,730,670,60,rolling_horizon,naive_previous_week,14,698,703,6,123.0392046882,128.4356754052,2025-12-04,
20261008,730,670,60,rolling_horizon,naive_previous_week,14,698,704,7,112.0375299996,106.0560514778,2025-12-05,
20261008,730,670,60,rolling_horizon,naive_previous_week,14,698,705,8,94.7981017475,101.0512216839,2025-12-06,
20261008,730,670,60,rolling_horizon,naive_previous_week,14,698,706,9,97.1541570139,106.7080803311,2025-12-07,
20261008,730,670,60,rolling_horizon,naive_previous_week,14,698,707,10,116.0552552441,104.8566719454,2025-12-08,
20261008,730,670,60,rolling_horizon,naive_previous_week,14,698,708,11,124.9869441925,141.7294464397,2025-12-09,
20261008,730,670,60,rolling_horizon,naive_previous_week,14,698,709,12,133.985128528,130.7468418113,2025-12-10,
20261008,730,670,60,rolling_horizon,naive_previous_week,14,698,710,13,129.1625511456,128.4356754052,2025-12-11,
20261008,730,670,60,rolling_horizon,naive_previous_week,14,698,711,14,102.4427018659,106.0560514778,2025-12-12,
20261008,730,670,60,rolling_horizon,naive_previous_week,14,699,699,1,103.140705212,106.7080803311,2025-11-30,
20261008,730,670,60,rolling_horizon,naive_previous_week,14,699,700,2,113.8373914368,104.8566719454,2025-12-01,
20261008,730,670,60,rolling_horizon,naive_previous_week,14,699,701,3,128.6959921408,141.7294464397,2025-12-02,
20261008,730,670,60,rolling_horizon,naive_previous_week,14,699,702,4,124.9544385883,130.7468418113,2025-12-03,
20261008,730,670,60,rolling_horizon,naive_previous_week,14,699,703,5,123.0392046882,128.4356754052,2025-12-04,
20261008,730,670,60,rolling_horizon,naive_previous_week,14,699,704,6,112.0375299996,106.0560514778,2025-12-05,
20261008,730,670,60,rolling_horizon,naive_previous_week,14,699,705,7,94.7981017475,87.0788274448,2025-12-06,
20261008,730,670,60,rolling_horizon,naive_previous_week,14,699,706,8,97.1541570139,106.7080803311,2025-12-07,
20261008,730,670,60,rolling_horizon,naive_previous_week,14,699,707,9,116.0552552441,104.8566719454,2025-12-08,
20261008,730,670,60,rolling_horizon,naive_previous_week,14,699,708,10,124.9869441925,141.7294464397,2025-12-09,
20261008,730,670,60,rolling_horizon,naive_previous_week,14,699,709,11,133.985128528,130.7468418113,2025-12-10,
20261008,730,670,60,rolling_horizon,naive_previous_week,14,699,710,12,129.1625511456,128.4356754052,2025-12-11,
20261008,730,670,60,rolling_horizon,naive_previous_week,14,699,711,13,102.4427018659,106.0560514778,2025-12-12,
20261008,730,670,60,rolling_horizon,naive_previous_week,14,699,712,14,97.2419952584,87.0788274448,2025-12-13,
20261008,730,670,60,rolling_horizon,naive_previous_week,14,700,700,1,113.8373914368,104.8566719454,2025-12-01,
20261008,730,670,60,rolling_horizon,naive_previous_week,14,700,701,2,128.6959921408,141.7294464397,2025-12-02,
20261008,730,670,60,rolling_horizon,naive_previous_week,14,700,702,3,124.9544385883,130.7468418113,2025-12-03,
20261008,730,670,60,rolling_horizon,naive_previous_week,14,700,703,4,123.0392046882,128.4356754052,2025-12-04,
20261008,730,670,60,rolling_horizon,naive_previous_week,14,700,704,5,112.0375299996,106.0560514778,2025-12-05,
20261008,730,670,60,rolling_horizon,naive_previous_week,14,700,705,6,94.7981017475,87.0788274448,2025-12-06,
20261008,730,670,60,rolling_horizon,naive_previous_week,14,700,706,7,97.1541570139,103.140705212,2025-12-07,
20261008,730,670,60,rolling_horizon,naive_previous_week,14,700,707,8,116.0552552441,104.8566719454,2025-12-08,
20261008,730,670,60,rolling_horizon,naive_previous_week,14,700,708,9,124.9869441925,141.7294464397,2025-12-09,
20261008,730,670,60,rolling_horizon,naive_previous_week,14,700,709,10,133.985128528,130.7468418113,2025-12-10,
20261008,730,670,60,rolling_horizon,naive_previous_week,14,700,710,11,129.1625511456,128.4356754052,2025-12-11,
20261008,730,670,60,rolling_horizon,naive_previous_week,14,700,711,12,102.4427018659,106.0560514778,2025-12-12,
20261008,730,670,60,rolling_horizon,naive_previous_week,14,700,712,13,97.2419952584,87.0788274448,2025-12-13,
20261008,730,670,60,rolling_horizon,naive_previous_week,14,700,713,14,114.2274385444,103.140705212,2025-12-14,
20261008,730,670,60,rolling_horizon,naive_previous_week,14,701,701,1,128.6959921408,141.7294464397,2025-12-02,
20261008,730,670,60,rolling_horizon,naive_previous_week,14,701,702,2,124.9544385883,130.7468418113,2025-12-03,
20261008,730,670,60,rolling_horizon,naive_previous_week,14,701,703,3,123.0392046882,128.4356754052,2025-12-04,
20261008,730,670,60,rolling_horizon,naive_previous_week,14,701,704,4,112.0375299996,106.0560514778,2025-12-05,
20261008,730,670,60,rolling_horizon,naive_previous_week,14,701,705,5,94.7981017475,87.0788274448,2025-12-06,
20261008,730,670,60,rolling_horizon,naive_previous_week,14,701,706,6,97.1541570139,103.140705212,2025-12-07,
20261008,730,670,60,rolling_horizon,naive_previous_week,14,701,707,7,116.0552552441,113.8373914368,2025-12-08,
20261008,730,670,60,rolling_horizon,naive_previous_week,14,701,708,8,124.9869441925,141.7294464397,2025-12-09,
20261008,730,670,60,rolling_horizon,naive_previous_week,14,701,709,9,133.985128528,130.7468418113,2025-12-10,
20261008,730,670,60,rolling_horizon,naive_previous_week,14,701,710,10,129.1625511456,128.4356754052,2025-12-11,
20261008,730,670,60,rolling_horizon,naive_previous_week,14,701,711,11,102.4427018659,106.0560514778,2025-12-12,
20261008,730,670,60,rolling_horizon,naive_previous_week,14,701,712,12,97.2419952584,87.0788274448,2025-12-13,
20261008,730,670,60,rolling_horizon,naive_previous_week,14,701,713,13,114.2274385444,103.140705212,2025-12-14,
20261008,730,670,60,rolling_horizon,naive_previous_week,14,701,714,14,124.6821661264,113.8373914368,2025-12-15,
20261008,730,670,60,rolling_horizon,naive_previous_week,14,702,702,1,124.9544385883,130.7468418113,2025-12-03,
20261008,730,670,60,rolling_horizon,naive_previous_week,14,702,703,2,123.0392046882,128.4356754052,2025-12-04,
20261008,730,670,60,rolling_horizon,naive_previous_week,14,702,704,3,112.0375299996,106.0560514778,2025-12-05,
20261008,730,670,60,rolling_horizon,naive_previous_week,14,702,705,4,94.7981017475,87.0788274448,2025-12-06,
20261008,730,670,60,rolling_horizon,naive_previous_week,14,702,706,5,97.1541570139,103.140705212,2025-12-07,
20261008,730,670,60,rolling_horizon,naive_previous_week,14,702,707,6,116.0552552441,113.8373914368,2025-12-08,
20261008,730,670,60,rolling_horizon,naive_previous_week,14,702,708,7,124.9869441925,128.6959921408,2025-12-09,
20261008,730,670,60,rolling_horizon,naive_previous_week,14,702,709,8,133.985128528,130.7468418113,2025-12-10,
20261008,730,670,60,rolling_horizon,naive_previous_week,14,702,710,9,129.1625511456,128.4356754052,2025-12-11,
20261008,730,670,60,rolling_horizon,naive_previous_week,14,702,711,10,102.4427018659,106.0560514778,2025-12-12,
20261008,730,670,60,rolling_horizon,naive_previous_week,14,702,712,11,97.2419952584,87.0788274448,2025-12-13,
20261008,730,670,60,rolling_horizon,naive_previous_week,14,702,713,12,114.2274385444,103.140705212,2025-12-14,
20261008,730,670,60,rolling_horizon,naive_previous_week,14,702,714,13,124.6821661264,113.8373914368,2025-12-15,
20261008,730,670,60,rolling_horizon,naive_previous_week,14,702,715,14,137.1927210045,128.6959921408,2025-12-16,
20261008,730,670,60,rolling_horizon,naive_previous_week,14,703,703,1,123.0392046882,128.4356754052,2025-12-04,
20261008,730,670,60,rolling_horizon,naive_previous_week,14,703,704,2,112.0375299996,106.0560514778,2025-12-05,
20261008,730,670,60,rolling_horizon,naive_previous_week,14,703,705,3,94.7981017475,87.0788274448,2025-12-06,
20261008,730,670,60,rolling_horizon,naive_previous_week,14,703,706,4,97.1541570139,103.140705212,2025-12-07,
20261008,730,670,60,rolling_horizon,naive_previous_week,14,703,707,5,116.0552552441,113.8373914368,2025-12-08,
20261008,730,670,60,rolling_horizon,naive_previous_week,14,703,708,6,124.9869441925,128.6959921408,2025-12-09,
20261008,730,670,60,rolling_horizon,naive_previous_week,14,703,709,7,133.985128528,124.9544385883,2025-12-10,
20261008,730,670,60,rolling_horizon,naive_previous_week,14,703,710,8,129.1625511456,128.4356754052,2025-12-11,
20261008,730,670,60,rolling_horizon,naive_previous_week,14,703,711,9,102.4427018659,106.0560514778,2025-12-12,
20261008,730,670,60,rolling_horizon,naive_previous_week,14,703,712,10,97.2419952584,87.0788274448,2025-12-13,
20261008,730,670,60,rolling_horizon,naive_previous_week,14,703,713,11,114.2274385444,103.140705212,2025-12-14,
20261008,730,670,60,rolling_horizon,naive_previous_week,14,703,714,12,124.6821661264,113.8373914368,2025-12-15,
20261008,730,670,60,rolling_horizon,naive_previous_week,14,703,715,13,137.1927210045,128.6959921408,2025-12-16,
20261008,730,670,60,rolling_horizon,naive_previous_week,14,703,716,14,136.9806933036,124.9544385883,2025-12-17,
20261008,730,670,60,rolling_horizon,naive_previous_week,14,704,704,1,112.0375299996,106.0560514778,2025-12-05,
20261008,730,670,60,rolling_horizon,naive_previous_week,14,704,705,2,94.7981017475,87.0788274448,2025-12-06,
20261008,730,670,60,rolling_horizon,naive_previous_week,14,704,706,3,97.1541570139,103.140705212,2025-12-07,
20261008,730,670,60,rolling_horizon,naive_previous_week,14,704,707,4,116.0552552441,113.8373914368,2025-12-08,
20261008,730,670,60,rolling_horizon,naive_previous_week,14,704,708,5,124.9869441925,128.6959921408,2025-12-09,
20261008,730,670,60,rolling_horizon,naive_previous_week,14,704,709,6,133.985128528,124.9544385883,2025-12-10,
20261008,730,670,60,rolling_horizon,naive_previous_week,14,704,710,7,129.1625511456,123.0392046882,2025-12-11,
20261008,730,670,60,rolling_horizon,naive_previous_week,14,704,711,8,102.4427018659,106.0560514778,2025-12-12,
20261008,730,670,60,rolling_horizon,naive_previous_week,14,704,712,9,97.2419952584,87.0788274448,2025-12-13,
20261008,730,670,60,rolling_horizon,naive_previous_week,14,704,713,10,114.2274385444,103.140705212,2025-12-14,
20261008,730,670,60,rolling_horizon,naive_previous_week,14,704,714,11,124.6821661264,113.8373914368,2025-12-15,
20261008,730,670,60,rolling_horizon,naive_previous_week,14,704,715,12,137.1927210045,128.6959921408,2025-12-16,
20261008,730,670,60,rolling_horizon,naive_previous_week,14,704,716,13,136.9806933036,124.9544385883,2025-12-17,
20261008,730,670,60,rolling_horizon,naive_previous_week,14,704,717,14,137.8994379973,123.0392046882,2025-12-18,
20261008,730,670,60,rolling_horizon,naive_previous_week,14,705,705,1,94.7981017475,87.0788274448,2025-12-06,
20261008,730,670,60,rolling_horizon,naive_previous_week,14,705,706,2,97.1541570139,103.140705212,2025-12-07,
20261008,730,670,60,rolling_horizon,naive_previous_week,14,705,707,3,116.0552552441,113.8373914368,2025-12-08,
20261008,730,670,60,rolling_horizon,naive_previous_week,14,705,708,4,124.9869441925,128.6959921408,2025-12-09,
20261008,730,670,60,rolling_horizon,naive_previous_week,14,705,709,5,133.985128528,124.9544385883,2025-12-10,
20261008,730,670,60,rolling_horizon,naive_previous_week,14,705,710,6,129.1625511456,123.0392046882,2025-12-11,
20261008,730,670,60,rolling_horizon,naive_previous_week,14,705,711,7,102.4427018659,112.0375299996,2025-12-12,
20261008,730,670,60,rolling_horizon,naive_previous_week,14,705,712,8,97.2419952584,87.0788274448,2025-12-13,
20261008,730,670,60,rolling_horizon,naive_previous_week,14,705,713,9,114.2274385444,103.140705212,2025-12-14,
20261008,730,670,60,rolling_horizon,naive_previous_week,14,705,714,10,124.6821661264,113.8373914368,2025-12-15,
20261008,730,670,60,rolling_horizon,naive_previous_week,14,705,715,11,137.1927210045,128.6959921408,2025-12-16,
20261008,730,670,60,rolling_horizon,naive_previous_week,14,705,716,12,136.9806933036,124.9544385883,2025-12-17,
20261008,730,670,60,rolling_horizon,naive_previous_week,14,705,717,13,137.8994379973,123.0392046882,2025-12-18,
20261008,730,670,60,rolling_horizon,naive_previous_week,14,705,718,14,119.7019547049,112.0375299996,2025-12-19,
20261008,730,670,60,rolling_horizon,naive_previous_week,14,706,706,1,97.1541570139,103.140705212,2025-12-07,
20261008,730,670,60,rolling_horizon,naive_previous_week,14,706,707,2,116.0552552441,113.8373914368,2025-12-08,
20261008,730,670,60,rolling_horizon,naive_previous_week,14,706,708,3,124.9869441925,128.6959921408,2025-12-09,
20261008,730,670,60,rolling_horizon,naive_previous_week,14,706,709,4,133.985128528,124.9544385883,2025-12-10,
20261008,730,670,60,rolling_horizon,naive_previous_week,14,706,710,5,129.1625511456,123.0392046882,2025-12-11,
20261008,730,670,60,rolling_horizon,naive_previous_week,14,706,711,6,102.4427018659,112.0375299996,2025-12-12,
20261008,730,670,60,rolling_horizon,naive_previous_week,14,706,712,7,97.2419952584,94.7981017475,2025-12-13,
20261008,730,670,60,rolling_horizon,naive_previous_week,14,706,713,8,114.2274385444,103.140705212,2025-12-14,
20261008,730,670,60,rolling_horizon,naive_previous_week,14,706,714,9,124.6821661264,113.8373914368,2025-12-15,
20261008,730,670,60,rolling_horizon,naive_previous_week,14,706,715,10,137.1927210045,128.6959921408,2025-12-16,
20261008,730,670,60,rolling_horizon,naive_previous_week,14,706,716,11,136.9806933036,124.9544385883,2025-12-17,
20261008,730,670,60,rolling_horizon,naive_previous_week,14,706,717,12,137.8994379973,123.0392046882,2025-12-18,
20261008,730,670,60,rolling_horizon,naive_previous_week,14,706,718,13,119.7019547049,112.0375299996,2025-12-19,
20261008,730,670,60,rolling_horizon,naive_previous_week,14,706,719,14,108.3331542232,94.7981017475,2025-12-20,
20261008,730,670,60,rolling_horizon,naive_previous_week,14,707,707,1,116.0552552441,113.8373914368,2025-12-08,
20261008,730,670,60,rolling_horizon,naive_previous_week,14,707,708,2,124.9869441925,128.6959921408,2025-12-09,
20261008,730,670,60,rolling_horizon,naive_previous_week,14,707,709,3,133.985128528,124.9544385883,2025-12-10,
20261008,730,670,60,rolling_horizon,naive_previous_week,14,707,710,4,129.1625511456,123.0392046882,2025-12-11,
20261008,730,670,60,rolling_horizon,naive_previous_week,14,707,711,5,102.4427018659,112.0375299996,2025-12-12,
20261008,730,670,60,rolling_horizon,naive_previous_week,14,707,712,6,97.2419952584,94.7981017475,2025-12-13,
20261008,730,670,60,rolling_horizon,naive_previous_week,14,707,713,7,114.2274385444,97.1541570139,2025-12-14,
20261008,730,670,60,rolling_horizon,naive_previous_week,14,707,714,8,124.6821661264,113.8373914368,2025-12-15,
20261008,730,670,60,rolling_horizon,naive_previous_week,14,707,715,9,137.1927210045,128.6959921408,2025-12-16,
20261008,730,670,60,rolling_horizon,naive_previous_week,14,707,716,10,136.9806933036,124.9544385883,2025-12-17,
20261008,730,670,60,rolling_horizon,naive_previous_week,14,707,717,11,137.8994379973,123.0392046882,2025-12-18,
20261008,730,670,60,rolling_horizon,naive_previous_week,14,707,718,12,119.7019547049,112.0375299996,2025-12-19,
20261008,730,670,60,rolling_horizon,naive_previous_week,14,707,719,13,108.3331542232,94.7981017475,2025-12-20,
20261008,730,670,60,rolling_horizon,naive_previous_week,14,707,720,14,108.8625518294,97.1541570139,2025-12-21,
20261008,730,670,60,rolling_horizon,naive_previous_week,14,708,708,1,124.9869441925,128.6959921408,2025-12-09,
20261008,730,670,60,rolling_horizon,naive_previous_week,14,708,709,2,133.985128528,124.9544385883,2025-12-10,
20261008,730,670,60,rolling_horizon,naive_previous_week,14,708,710,3,129.1625511456,123.0392046882,2025-12-11,
20261008,730,670,60,rolling_horizon,naive_previous_week,14,708,711,4,102.4427018659,112.0375299996,2025-12-12,
20261008,730,670,60,rolling_horizon,naive_previous_week,14,708,712,5,97.2419952584,94.7981017475,2025-12-13,
20261008,730,670,60,rolling_horizon,naive_previous_week,14,708,713,6,114.2274385444,97.1541570139,2025-12-14,
20261008,730,670,60,rolling_horizon,naive_previous_week,14,708,714,7,124.6821661264,116.0552552441,2025-12-15,
20261008,730,670,60,rolling_horizon,naive_previous_week,14,708,715,8,137.1927210045,128.6959921408,2025-12-16,
20261008,730,670,60,rolling_horizon,naive_previous_week,14,708,716,9,136.9806933036,124.9544385883,2025-12-17,
20261008,730,670,60,rolling_horizon,naive_previous_week,14,708,717,10,137.8994379973,123.0392046882,2025-12-18,
20261008,730,670,60,rolling_horizon,naive_previous_week,14,708,718,11,119.7019547049,112.0375299996,2025-12-19,
20261008,730,670,60,rolling_horizon,naive_previous_week,14,708,719,12,108.3331542232,94.7981017475,2025-12-20,
20261008,730,670,60,rolling_horizon,naive_previous_week,14,708,720,13,108.8625518294,97.1541570139,2025-12-21,
20261008,730,670,60,rolling_horizon,naive_previous_week,14,708,721,14,120.5254118304,116.0552552441,2025-12-22,
20261008,730,670,60,rolling_horizon,naive_previous_week,14,709,709,1,133.985128528,124.9544385883,2025-12-10,
20261008,730,670,60,rolling_horizon,naive_previous_week,14,709,710,2,129.1625511456,123.0392046882,2025-12-11,
20261008,730,670,60,rolling_horizon,naive_previous_week,14,709,711,3,102.4427018659,112.0375299996,2025-12-12,
20261008,730,670,60,rolling_horizon,naive_previous_week,14,709,712,4,97.2419952584,94.7981017475,2025-12-13,
20261008,730,670,60,rolling_horizon,naive_previous_week,14,709,713,5,114.2274385444,97.1541570139,2025-12-14,
20261008,730,670,60,rolling_horizon,naive_previous_week,14,709,714,6,124.6821661264,116.0552552441,2025-12-15,
20261008,730,670,60,rolling_horizon,naive_previous_week,14,709,715,7,137.1927210045,124.9869441925,2025-12-16,
20261008,730,670,60,rolling_horizon,naive_previous_week,14,709,716,8,136.9806933036,124.9544385883,2025-12-17,
20261008,730,670,60,rolling_horizon,naive_previous_week,14,709,717,9,137.8994379973,123.0392046882,2025-12-18,
20261008,730,670,60,rolling_horizon,naive_previous_week,14,709,718,10,119.7019547049,112.0375299996,2025-12-19,
20261008,730,670,60,rolling_horizon,naive_previous_week,14,709,719,11,108.3331542232,94.7981017475,2025-12-20,
20261008,730,670,60,rolling_horizon,naive_previous_week,14,709,720,12,108.8625518294,97.1541570139,2025-12-21,
20261008,730,670,60,rolling_horizon,naive_previous_week,14,709,721,13,120.5254118304,116.0552552441,2025-12-22,
20261008,730,670,60,rolling_horizon,naive_previous_week,14,709,722,14,139.3049085557,124.9869441925,2025-12-23,
20261008,730,670,60,rolling_horizon,naive_previous_week,14,710,710,1,129.1625511456,123.0392046882,2025-12-11,
20261008,730,670,60,rolling_horizon,naive_previous_week,14,710,711,2,102.4427018659,112.0375299996,2025-12-12,
20261008,730,670,60,rolling_horizon,naive_previous_week,14,710,712,3,97.2419952584,94.7981017475,2025-12-13,
20261008,730,670,60,rolling_horizon,naive_previous_week,14,710,713,4,114.2274385444,97.1541570139,2025-12-14,
20261008,730,670,60,rolling_horizon,naive_previous_week,14,710,714,5,124.6821661264,116.0552552441,2025-12-15,
20261008,730,670,60,rolling_horizon,naive_previous_week,14,710,715,6,137.1927210045,124.9869441925,2025-12-16,
20261008,730,670,60,rolling_horizon,naive_previous_week,14,710,716,7,136.9806933036,133.985128528,2025-12-17,
20261008,730,670,60,rolling_horizon,naive_previous_week,14,710,717,8,137.8994379973,123.0392046882,2025-12-18,
20261008,730,670,60,rolling_horizon,naive_previous_week,14,710,718,9,119.7019547049,112.0375299996,2025-12-19,
20261008,730,670,60,rolling_horizon,naive_previous_week,14,710,719,10,108.3331542232,94.7981017475,2025-12-20,
20261008,730,670,60,rolling_horizon,naive_previous_week,14,710,720,11,108.8625518294,97.1541570139,2025-12-21,
20261008,730,670,60,rolling_horizon,naive_previous_week,14,710,721,12,120.5254118304,116.0552552441,2025-12-22,
20261008,730,670,60,rolling_horizon,naive_previous_week,14,710,722,13,139.3049085557,124.9869441925,2025-12-23,
20261008,730,670,60,rolling_horizon,naive_previous_week,14,710,723,14,143.880104289,133.985128528,2025-12-24,
20261008,730,670,60,rolling_horizon,naive_previous_week,14,711,711,1,102.4427018659,112.0375299996,2025-12-12,
20261008,730,670,60,rolling_horizon,naive_previous_week,14,711,712,2,97.2419952584,94.7981017475,2025-12-13,
20261008,730,670,60,rolling_horizon,naive_previous_week,14,711,713,3,114.2274385444,97.1541570139,2025-12-14,
20261008,730,670,60,rolling_horizon,naive_previous_week,14,711,714,4,124.6821661264,116.0552552441,2025-12-15,
20261008,730,670,60,rolling_horizon,naive_previous_week,14,711,715,5,137.1927210045,124.9869441925,2025-12-16,
20261008,730,670,60,rolling_horizon,naive_previous_week,14,711,716,6,136.9806933036,133.985128528,2025-12-17,
20261008,730,670,60,rolling_horizon,naive_previous_week,14,711,717,7,137.8994379973,129.1625511456,2025-12-18,
20261008,730,670,60,rolling_horizon,naive_previous_week,14,711,718,8,119.7019547049,112.0375299996,2025-12-19,
20261008,730,670,60,rolling_horizon,naive_previous_week,14,711,719,9,108.3331542232,94.7981017475,2025-12-20,
20261008,730,670,60,rolling_horizon,naive_previous_week,14,711,720,10,108.8625518294,97.1541570139,2025-12-21,
20261008,730,670,60,rolling_horizon,naive_previous_week,14,711,721,11,120.5254118304,116.0552552441,2025-12-22,
20261008,730,670,60,rolling_horizon,naive_previous_week,14,711,722,12,139.3049085557,124.9869441925,2025-12-23,
20261008,730,670,60,rolling_horizon,naive_previous_week,14,711,723,13,143.880104289,133.985128528,2025-12-24,
20261008,730,670,60,rolling_horizon,naive_previous_week,14,711,724,14,126.2461868417,129.1625511456,2025-12-25,
20261008,730,670,60,rolling_horizon,naive_previous_week,14,712,712,1,97.2419952584,94.7981017475,2025-12-13,
20261008,730,670,60,rolling_horizon,naive_previous_week,14,712,713,2,114.2274385444,97.1541570139,2025-12-14,
20261008,730,670,60,rolling_horizon,naive_previous_week,14,712,714,3,124.6821661264,116.0552552441,2025-12-15,
20261008,730,670,60,rolling_horizon,naive_previous_week,14,712,715,4,137.1927210045,124.9869441925,2025-12-16,
20261008,730,670,60,rolling_horizon,naive_previous_week,14,712,716,5,136.9806933036,133.985128528,2025-12-17,
20261008,730,670,60,rolling_horizon,naive_previous_week,14,712,717,6,137.8994379973,129.1625511456,2025-12-18,
20261008,730,670,60,rolling_horizon,naive_previous_week,14,712,718,7,119.7019547049,102.4427018659,2025-12-19,
20261008,730,670,60,rolling_horizon,naive_previous_week,14,712,719,8,108.3331542232,94.7981017475,2025-12-20,
20261008,730,670,60,rolling_horizon,naive_previous_week,14,712,720,9,108.8625518294,97.1541570139,2025-12-21,
20261008,730,670,60,rolling_horizon,naive_previous_week,14,712,721,10,120.5254118304,116.0552552441,2025-12-22,
20261008,730,670,60,rolling_horizon,naive_previous_week,14,712,722,11,139.3049085557,124.9869441925,2025-12-23,
20261008,730,670,60,rolling_horizon,naive_previous_week,14,712,723,12,143.880104289,133.985128528,2025-12-24,
20261008,730,670,60,rolling_horizon,naive_previous_week,14,712,724,13,126.2461868417,129.1625511456,2025-12-25,
20261008,730,670,60,rolling_horizon,naive_previous_week,14,712,725,14,107.3164425454,102.4427018659,2025-12-26,
20261008,730,670,60,rolling_horizon,naive_previous_week,14,713,713,1,114.2274385444,97.1541570139,2025-12-14,
20261008,730,670,60,rolling_horizon,naive_previous_week,14,713,714,2,124.6821661264,116.0552552441,2025-12-15,
20261008,730,670,60,rolling_horizon,naive_previous_week,14,713,715,3,137.1927210045,124.9869441925,2025-12-16,
20261008,730,670,60,rolling_horizon,naive_previous_week,14,713,716,4,136.9806933036,133.985128528,2025-12-17,
20261008,730,670,60,rolling_horizon,naive_previous_week,14,713,717,5,137.8994379973,129.1625511456,2025-12-18,
20261008,730,670,60,rolling_horizon,naive_previous_week,14,713,718,6,119.7019547049,102.4427018659,2025-12-19,
20261008,730,670,60,rolling_horizon,naive_previous_week,14,713,719,7,108.3331542232,97.2419952584,2025-12-20,
20261008,730,670,60,rolling_horizon,naive_previous_week,14,713,720,8,108.8625518294,97.1541570139,2025-12-21,
20261008,730,670,60,rolling_horizon,naive_previous_week,14,713,721,9,120.5254118304,116.0552552441,2025-12-22,
20261008,730,670,60,rolling_horizon,naive_previous_week,14,713,722,10,139.3049085557,124.9869441925,2025-12-23,
20261008,730,670,60,rolling_horizon,naive_previous_week,14,713,723,11,143.880104289,133.985128528,2025-12-24,
20261008,730,670,60,rolling_horizon,naive_previous_week,14,713,724,12,126.2461868417,129.1625511456,2025-12-25,
20261008,730,670,60,rolling_horizon,naive_previous_week,14,713,725,13,107.3164425454,102.4427018659,2025-12-26,
20261008,730,670,60,rolling_horizon,naive_previous_week,14,713,726,14,118.4815108613,97.2419952584,2025-12-27,
20261008,730,670,60,rolling_horizon,naive_previous_week,14,714,714,1,124.6821661264,116.0552552441,2025-12-15,
20261008,730,670,60,rolling_horizon,naive_previous_week,14,714,715,2,137.1927210045,124.9869441925,2025-12-16,
20261008,730,670,60,rolling_horizon,naive_previous_week,14,714,716,3,136.9806933036,133.985128528,2025-12-17,
20261008,730,670,60,rolling_horizon,naive_previous_week,14,714,717,4,137.8994379973,129.1625511456,2025-12-18,
20261008,730,670,60,rolling_horizon,naive_previous_week,14,714,718,5,119.7019547049,102.4427018659,2025-12-19,
20261008,730,670,60,rolling_horizon,naive_previous_week,14,714,719,6,108.3331542232,97.2419952584,2025-12-20,
20261008,730,670,60,rolling_horizon,naive_previous_week,14,714,720,7,108.8625518294,114.2274385444,2025-12-21,
20261008,730,670,60,rolling_horizon,naive_previous_week,14,714,721,8,120.5254118304,116.0552552441,2025-12-22,
20261008,730,670,60,rolling_horizon,naive_previous_week,14,714,722,9,139.3049085557,124.9869441925,2025-12-23,
20261008,730,670,60,rolling_horizon,naive_previous_week,14,714,723,10,143.880104289,133.985128528,2025-12-24,
20261008,730,670,60,rolling_horizon,naive_previous_week,14,714,724,11,126.2461868417,129.1625511456,2025-12-25,
20261008,730,670,60,rolling_horizon,naive_previous_week,14,714,725,12,107.3164425454,102.4427018659,2025-12-26,
20261008,730,670,60,rolling_horizon,naive_previous_week,14,714,726,13,118.4815108613,97.2419952584,2025-12-27,
20261008,730,670,60,rolling_horizon,naive_previous_week,14,714,727,14,115.7158276032,114.2274385444,2025-12-28,
20261008,730,670,60,rolling_horizon,naive_previous_week,14,715,715,1,137.1927210045,124.9869441925,2025-12-16,
20261008,730,670,60,rolling_horizon,naive_previous_week,14,715,716,2,136.9806933036,133.985128528,2025-12-17,
20261008,730,670,60,rolling_horizon,naive_previous_week,14,715,717,3,137.8994379973,129.1625511456,2025-12-18,
20261008,730,670,60,rolling_horizon,naive_previous_week,14,715,718,4,119.7019547049,102.4427018659,2025-12-19,
20261008,730,670,60,rolling_horizon,naive_previous_week,14,715,719,5,108.3331542232,97.2419952584,2025-12-20,
20261008,730,670,60,rolling_horizon,naive_previous_week,14,715,720,6,108.8625518294,114.2274385444,2025-12-21,
20261008,730,670,60,rolling_horizon,naive_previous_week,14,715,721,7,120.5254118304,124.6821661264,2025-12-22,
20261008,730,670,60,rolling_horizon,naive_previous_week,14,715,722,8,139.3049085557,124.9869441925,2025-12-23,
20261008,730,670,60,rolling_horizon,naive_previous_week,14,715,723,9,143.880104289,133.985128528,2025-12-24,
20261008,730,670,60,rolling_horizon,naive_previous_week,14,715,724,10,126.2461868417,129.1625511456,2025-12-25,
20261008,730,670,60,rolling_horizon,naive_previous_week,14,715,725,11,107.3164425454,102.4427018659,2025-12-26,
20261008,730,670,60,rolling_horizon,naive_previous_week,14,715,726,12,118.4815108613,97.2419952584,2025-12-27,
20261008,730,670,60,rolling_horizon,naive_previous_week,14,715,727,13,115.7158276032,114.2274385444,2025-12-28,
20261008,730,670,60,rolling_horizon,naive_previous_week,14,715,728,14,127.5141535018,124.6821661264,2025-12-29,
20261008,730,670,60,rolling_horizon,naive_previous_week,14,716,716,1,136.9806933036,133.985128528,2025-12-17,
20261008,730,670,60,rolling_horizon,naive_previous_week,14,716,717,2,137.8994379973,129.1625511456,2025-12-18,
20261008,730,670,60,rolling_horizon,naive_previous_week,14,716,718,3,119.7019547049,102.4427018659,2025-12-19,
20261008,730,670,60,rolling_horizon,naive_previous_week,14,716,719,4,108.3331542232,97.2419952584,2025-12-20,
20261008,730,670,60,rolling_horizon,naive_previous_week,14,716,720,5,108.8625518294,114.2274385444,2025-12-21,
20261008,730,670,60,rolling_horizon,naive_previous_week,14,716,721,6,120.5254118304,124.6821661264,2025-12-22,
20261008,730,670,60,rolling_horizon,naive_previous_week,14,716,722,7,139.3049085557,137.1927210045,2025-12-23,
20261008,730,670,60,rolling_horizon,naive_previous_week,14,716,723,8,143.880104289,133.985128528,2025-12-24,
20261008,730,670,60,rolling_horizon,naive_previous_week,14,716,724,9,126.2461868417,129.1625511456,2025-12-25,
20261008,730,670,60,rolling_horizon,naive_previous_week,14,716,725,10,107.3164425454,102.4427018659,2025-12-26,
20261008,730,670,60,rolling_horizon,naive_previous_week,14,716,726,11,118.4815108613,97.2419952584,2025-12-27,
20261008,730,670,60,rolling_horizon,naive_previous_week,14,716,727,12,115.7158276032,114.2274385444,2025-12-28,
20261008,730,670,60,rolling_horizon,naive_previous_week,14,716,728,13,127.5141535018,124.6821661264,2025-12-29,
20261008,730,670,60,rolling_horizon,naive_previous_week,14,716,729,14,135.9980120378,137.1927210045,2025-12-30,
20261008,730,670,60,rolling_horizon,holt_winters_weekly,14,670,670,1,93.6787814212,86.5899468594097,2025-11-01,
20261008,730,670,60,rolling_horizon,holt_winters_weekly,14,670,671,2,88.2360415032,90.31041211153905,2025-11-02,
20261008,730,670,60,rolling_horizon,holt_winters_weekly,14,670,672,3,105.9545255841,102.70458836167451,2025-11-03,
20261008,730,670,60,rolling_horizon,holt_winters_weekly,14,670,673,4,119.7326428272,117.25269130179753,2025-11-04,
20261008,730,670,60,rolling_horizon,holt_winters_weekly,14,670,674,5,122.247387964,118.88818582621644,2025-11-05,
20261008,730,670,60,rolling_horizon,holt_winters_weekly,14,670,675,6,111.0550970756,111.80813946051566,2025-11-06,
20261008,730,670,60,rolling_horizon,holt_winters_weekly,14,670,676,7,102.903983799,93.93103642869553,2025-11-07,
20261008,730,670,60,rolling_horizon,holt_winters_weekly,14,670,677,8,85.6239730153,85.42653940766468,2025-11-08,
20261008,730,670,60,rolling_horizon,holt_winters_weekly,14,670,678,9,88.7840059698,89.14700465979404,2025-11-09,
20261008,730,670,60,rolling_horizon,holt_winters_weekly,14,670,679,10,105.4360307607,101.5411809099295,2025-11-10,
20261008,730,670,60,rolling_horizon,holt_winters_weekly,14,670,680,11,130.1261804302,116.08928385005251,2025-11-11,
20261008,730,670,60,rolling_horizon,holt_winters_weekly,14,670,681,12,120.2341328764,117.72477837447141,2025-11-12,
20261008,730,670,60,rolling_horizon,holt_winters_weekly,14,670,682,13,116.4643974318,110.64473200877065,2025-11-13,
20261008,730,670,60,rolling_horizon,holt_winters_weekly,14,670,683,14,91.643990521,92.76762897695052,2025-11-14,
20261008,730,670,60,rolling_horizon,holt_winters_weekly,14,671,671,1,88.2360415032,92.01173240636874,2025-11-02,
20261008,730,670,60,rolling_horizon,holt_winters_weekly,14,671,672,2,105.9545255841,104.68946203897582,2025-11-03,
20261008,730,670,60,rolling_horizon,holt_winters_weekly,14,671,673,3,119.7326428272,119.52111836157044,2025-11-04,
20261008,730,670,60,rolling_horizon,holt_winters_weekly,14,671,674,4,122.247387964,121.44016626846098,2025-11-05,
20261008,730,670,60,rolling_horizon,holt_winters_weekly,14,671,675,5,111.0550970756,114.64367328523181,2025-11-06,
20261008,730,670,60,rolling_horizon,holt_winters_weekly,14,671,676,6,102.903983799,97.0501236358833,2025-11-07,
20261008,730,670,60,rolling_horizon,holt_winters_weekly,14,671,677,7,85.6239730153,89.96339352721051,2025-11-08,
20261008,730,670,60,rolling_horizon,holt_winters_weekly,14,671,678,8,88.7840059698,92.83319863192503,2025-11-09,
20261008,730,670,60,rolling_horizon,holt_winters_weekly,14,671,679,9,105.4360307607,105.51092826453211,2025-11-10,
20261008,730,670,60,rolling_horizon,holt_winters_weekly,14,671,680,10,130.1261804302,120.34258458712674,2025-11-11,
20261008,730,670,60,rolling_horizon,holt_winters_weekly,14,671,681,11,120.2341328764,122.26163249401725,2025-11-12,
20261008,730,670,60,rolling_horizon,holt_winters_weekly,14,671,682,12,116.4643974318,115.4651395107881,2025-11-13,
20261008,730,670,60,rolling_horizon,holt_winters_weekly,14,671,683,13,91.643990521,97.87158986143959,2025-11-14,
20261008,730,670,60,rolling_horizon,holt_winters_weekly,14,671,684,14,98.2022208221,90.7848597527668,2025-11-15,
20261008,730,670,60,rolling_horizon,holt_winters_weekly,14,672,672,1,105.9545255841,103.78329622221531,2025-11-03,
20261008,730,670,60,rolling_horizon,holt_winters_weekly,14,672,673,2,119.7326428272,118.46392490868318,2025-11-04,
20261008,730,670,60,rolling_horizon,holt_winters_weekly,14,672,674,3,122.247387964,120.23194517944697,2025-11-05,
20261008,730,670,60,rolling_horizon,holt_winters_weekly,14,672,675,4,111.0550970756,113.28442456009105,2025-11-06,
20261008,730,670,60,rolling_horizon,holt_winters_weekly,14,672,676,5,102.903983799,95.5398472746158,2025-11-07,
20261008,730,670,60,rolling_horizon,holt_winters_weekly,14,672,677,6,85.6239730153,88.30208952981624,2025-11-08,
20261008,730,670,60,rolling_horizon,holt_winters_weekly,14,672,678,7,88.7840059698,90.41675645389702,2025-11-09,
20261008,730,670,60,rolling_horizon,holt_winters_weekly,14,672,679,8,105.4360307607,103.54756899488434,2025-11-10,
20261008,730,670,60,rolling_horizon,holt_winters_weekly,14,672,680,9,130.1261804302,118.22819768135223,2025-11-11,
20261008,730,670,60,rolling_horizon,holt_winters_weekly,14,672,681,10,120.2341328764,119.99621795211598,2025-11-12,
20261008,730,670,60,rolling_horizon,holt_winters_weekly,14,672,682,11,116.4643974318,113.04869733276009,2025-11-13,
20261008,730,670,60,rolling_horizon,holt_winters_weekly,14,672,683,12,91.643990521,95.30412004728483,2025-11-14,
20261008,730,670,60,rolling_horizon,holt_winters_weekly,14,672,684,13,98.2022208221,88.06636230248527,2025-11-15,
20261008,730,670,60,rolling_horizon,holt_winters_weekly,14,672,685,14,100.9062127562,90.18102922656605,2025-11-16,
20261008,730,670,60,rolling_horizon,holt_winters_weekly,14,673,673,1,119.7326428272,118.98501995553552,2025-11-04,
20261008,730,670,60,rolling_horizon,holt_winters_weekly,14,673,674,2,122.247387964,120.83988940077467,2025-11-05,
20261008,730,670,60,rolling_horizon,holt_winters_weekly,14,673,675,3,111.0550970756,113.97921795589416,2025-11-06,
20261008,730,670,60,rolling_horizon,holt_winters_weekly,14,673,676,4,102.903983799,96.32148984489427,2025-11-07,
20261008,730,670,60,rolling_horizon,holt_winters_weekly,14,673,677,5,85.6239730153,89.17058127457013,2025-11-08,
20261008,730,670,60,rolling_horizon,holt_winters_weekly,14,673,678,6,88.7840059698,91.37209737312628,2025-11-09,
20261008,730,670,60,rolling_horizon,holt_winters_weekly,14,673,679,7,105.4360307607,104.93715578649055,2025-11-10,
20261008,730,670,60,rolling_horizon,holt_winters_weekly,14,673,680,8,130.1261804302,119.35723694953226,2025-11-11,
20261008,730,670,60,rolling_horizon,holt_winters_weekly,14,673,681,9,120.2341328764,121.21210639477141,2025-11-12,
20261008,730,670,60,rolling_horizon,holt_winters_weekly,14,673,682,10,116.4643974318,114.3514349498909,2025-11-13,
20261008,730,670,60,rolling_horizon,holt_winters_weekly,14,673,683,11,91.643990521,96.69370683889102,2025-11-14,
20261008,730,670,60,rolling_horizon,holt_winters_weekly,14,673,684,12,98.2022208221,89.54279826856687,2025-11-15,
20261008,730,670,60,rolling_horizon,holt_winters_weekly,14,673,685,13,100.9062127562,91.74431436712304,2025-11-16,
20261008,730,670,60,rolling_horizon,holt_winters_weekly,14,673,686,14,106.053250609,105.3093727804873,2025-11-17,
20261008,730,670,60,rolling_horizon,holt_winters_weekly,14,674,674,1,122.247387964,121.01931888997416,2025-11-05,
20261008,730,670,60,rolling_horizon,holt_winters_weekly,14,674,675,2,111.0550970756,114.18855235996023,2025-11-06,
20261008,730,670,60,rolling_horizon,holt_winters_weekly,14,674,676,3,102.903983799,96.56072916382693,2025-11-07,
20261008,730,670,60,rolling_horizon,holt_winters_weekly,14,674,677,4,85.6239730153,89.43972550836935,2025-11-08,
20261008,730,670,60,rolling_horizon,holt_winters_weekly,14,674,678,5,88.7840059698,91.6711465217921,2025-11-09,
20261008,730,670,60,rolling_horizon,holt_winters_weekly,14,674,679,6,105.4360307607,105.26610985002294,2025-11-10,
20261008,730,670,60,rolling_horizon,holt_winters_weekly,14,674,680,7,130.1261804302,119.83571558739754,2025-11-11,
20261008,730,670,60,rolling_horizon,holt_winters_weekly,14,674,681,8,120.2341328764,121.60087028803699,2025-11-12,
20261008,730,670,60,rolling_horizon,holt_winters_weekly,14,674,682,9,116.4643974318,114.77010375802304,2025-11-13,
20261008,730,670,60,rolling_horizon,holt_winters_weekly,14,674,683,10,91.643990521,97.14228056188975,2025-11-14,
20261008,730,670,60,rolling_horizon,holt_winters_weekly,14,674,684,11,98.2022208221,90.02127690643218,2025-11-15,
20261008,730,670,60,rolling_horizon,holt_winters_weekly,14,674,685,12,100.9062127562,92.25269791985491,2025-11-16,
20261008,730,670,60,rolling_horizon,holt_winters_weekly,14,674,686,13,106.053250609,105.84766124808576,2025-11-17,
20261008,730,670,60,rolling_horizon,holt_winters_weekly,14,674,687,14,116.1333607552,120.41726698546036,2025-11-18,
20261008,730,670,60,rolling_horizon,holt_winters_weekly,14,675,675,1,111.0550970756,114.48328893772643,2025-11-06,
20261008,730,670,60,rolling_horizon,holt_winters_weekly,14,675,676,2,102.903983799,96.90458850455417,2025-11-07,
20261008,730,670,60,rolling_horizon,holt_winters_weekly,14,675,677,3,85.6239730153,89.83270761205763,2025-11-08,
20261008,730,670,60,rolling_horizon,holt_winters_weekly,14,675,678,4,88.7840059698,92.11325138844141,2025-11-09,
20261008,730,670,60,rolling_horizon,holt_winters_weekly,14,675,679,5,105.4360307607,105.75733747963328,2025-11-10,
20261008,730,670,60,rolling_horizon,holt_winters_weekly,14,675,680,6,130.1261804302,120.37606597996891,2025-11-11,
20261008,730,670,60,rolling_horizon,holt_winters_weekly,14,675,681,7,120.2341328764,122.38683449541351,2025-11-12,
20261008,730,670,60,rolling_horizon,holt_winters_weekly,14,675,682,8,116.4643974318,115.40869967651648,2025-11-13,
20261008,730,670,60,rolling_horizon,holt_winters_weekly,14,675,683,9,91.643990521,97.82999924334422,2025-11-14,
20261008,730,670,60,rolling_horizon,holt_winters_weekly,14,675,684,10,98.2022208221,90.75811835084768,2025-11-15,
20261008,730,670,60,rolling_horizon,holt_winters_weekly,14,675,685,11,100.9062127562,93.03866212723146,2025-11-16,
20261008,730,670,60,rolling_horizon,holt_winters_weekly,14,675,686,12,106.053250609,106.68274821842334,2025-11-17,
20261008,730,670,60,rolling_horizon,holt_winters_weekly,14,675,687,13,116.1333607552,121.30147671875898,2025-11-18,
20261008,730,670,60,rolling_horizon,holt_winters_weekly,14,675,688,14,131.4291834004,123.31224523420356,2025-11-19,
20261008,730,670,60,rolling_horizon,holt_winters_weekly,14,676,676,1,102.903983799,96.08182245764384,2025-11-07,
20261008,730,670,60,rolling_horizon,holt_winters_weekly,14,676,677,2,85.6239730153,88.87281389066224,2025-11-08,
20261008,730,670,60,rolling_horizon,holt_winters_weekly,14,676,678,3,88.7840059698,91.01622999256097,2025-11-09,
20261008,730,670,60,rolling_horizon,holt_winters_weekly,14,676,679,4,105.4360307607,104.52318840926779,2025-11-10,
20261008,730,670,60,rolling_horizon,holt_winters_weekly,14,676,680,5,130.1261804302,119.00478923511838,2025-11-11,
20261008,730,670,60,rolling_horizon,holt_winters_weekly,14,676,681,6,120.2341328764,120.87843007607792,2025-11-12,
20261008,730,670,60,rolling_horizon,holt_winters_weekly,14,676,682,7,116.4643974318,113.2146568847556,2025-11-13,
20261008,730,670,60,rolling_horizon,holt_winters_weekly,14,676,683,8,91.643990521,96.04733947503851,2025-11-14,
20261008,730,670,60,rolling_horizon,holt_winters_weekly,14,676,684,9,98.2022208221,88.83833090805692,2025-11-15,
20261008,730,670,60,rolling_horizon,holt_winters_weekly,14,676,685,10,100.9062127562,90.98174700995564,2025-11-16,
20261008,730,670,60,rolling_horizon,holt_winters_weekly,14,676,686,11,106.053250609,104.48870542666246,2025-11-17,
20261008,730,670,60,rolling_horizon,holt_winters_weekly,14,676,687,12,116.1333607552,118.97030625251304,2025-11-18,
20261008,730,670,60,rolling_horizon,holt_winters_weekly,14,676,688,13,131.4291834004,120.84394709347258,2025-11-19,
20261008,730,670,60,rolling_horizon,holt_winters_weekly,14,676,689,14,117.2375226637,113.18017390215027,2025-11-20,
20261008,730,670,60,rolling_horizon,holt_winters_weekly,14,677,677,1,85.6239730153,90.51013261258773,2025-11-08,
20261008,730,670,60,rolling_horizon,holt_winters_weekly,14,677,678,2,88.7840059698,92.92643516814069,2025-11-09,
20261008,730,670,60,rolling_horizon,holt_winters_weekly,14,677,679,3,105.4360307607,106.70628003850176,2025-11-10,
20261008,730,670,60,rolling_horizon,holt_winters_weekly,14,677,680,4,130.1261804302,121.46076731800659,2025-11-11,
20261008,730,670,60,rolling_horizon,holt_winters_weekly,14,677,681,5,120.2341328764,123.60729461262036,2025-11-12,
20261008,730,670,60,rolling_horizon,holt_winters_weekly,14,677,682,6,116.4643974318,116.2164078749523,2025-11-13,
20261008,730,670,60,rolling_horizon,holt_winters_weekly,14,677,683,7,91.643990521,100.41352273350645,2025-11-14,
20261008,730,670,60,rolling_horizon,holt_winters_weekly,14,677,684,8,98.2022208221,92.38585480556212,2025-11-15,
20261008,730,670,60,rolling_horizon,holt_winters_weekly,14,677,685,9,100.9062127562,94.80215736111508,2025-11-16,
20261008,730,670,60,rolling_horizon,holt_winters_weekly,14,677,686,10,106.053250609,108.58200223147615,2025-11-17,
20261008,730,670,60,rolling_horizon,holt_winters_weekly,14,677,687,11,116.1333607552,123.33648951098098,2025-11-18,
20261008,730,670,60,rolling_horizon,holt_winters_weekly,14,677,688,12,131.4291834004,125.48301680559476,2025-11-19,
20261008,730,670,60,rolling_horizon,holt_winters_weekly,14,677,689,13,117.2375226637,118.09213006792669,2025-11-20,
20261008,730,670,60,rolling_horizon,holt_winters_weekly,14,677,690,14,104.4585069656,102.28924492648085,2025-11-21,
20261008,730,670,60,rolling_horizon,holt_winters_weekly,14,678,678,1,88.7840059698,91.75375686479165,2025-11-09,
20261008,730,670,60,rolling_horizon,holt_winters_weekly,14,678,679,2,105.4360307607,105.33815535126122,2025-11-10,
20261008,730,670,60,rolling_horizon,holt_winters_weekly,14,678,680,3,130.1261804302,119.89719624687453,2025-11-11,
20261008,730,670,60,rolling_horizon,holt_winters_weekly,14,678,681,4,120.2341328764,121.84827715759681,2025-11-12,
20261008,730,670,60,rolling_horizon,holt_winters_weekly,14,678,682,5,116.4643974318,114.26194403603724,2025-11-13,
20261008,730,670,60,rolling_horizon,holt_winters_weekly,14,678,683,6,91.643990521,98.26361251069989,2025-11-14,
20261008,730,670,60,rolling_horizon,holt_winters_weekly,14,678,684,7,98.2022208221,89.25871266329798,2025-11-15,
20261008,730,670,60,rolling_horizon,holt_winters_weekly,14,678,685,8,100.9062127562,92.2613543705255,2025-11-16,
20261008,730,670,60,rolling_horizon,holt_winters_weekly,14,678,686,9,106.053250609,105.84575285699506,2025-11-17,
20261008,730,670,60,rolling_horizon,holt_winters_weekly,14,678,687,10,116.1333607552,120.40479375260838,2025-11-18,
20261008,730,670,60,rolling_horizon,holt_winters_weekly,14,678,688,11,131.4291834004,122.35587466333065,2025-11-19,
20261008,730,670,60,rolling_horizon,holt_winters_weekly,14,678,689,12,117.2375226637,114.76954154177108,2025-11-20,
20261008,730,670,60,rolling_horizon,holt_winters_weekly,14,678,690,13,104.4585069656,98.77121001643373,2025-11-21,
20261008,730,670,60,rolling_horizon,holt_winters_weekly,14,678,691,14,101.0512216839,89.76631016903184,2025-11-22,
20261008,730,670,60,rolling_horizon,holt_winters_weekly,14,679,679,1,105.4360307607,104.62541513646323,2025-11-10,
20261008,730,670,60,rolling_horizon,holt_winters_weekly,14,679,680,2,130.1261804302,119.06566599627688,2025-11-11,
20261008,730,670,60,rolling_horizon,holt_winters_weekly,14,679,681,3,120.2341328764,120.8979568711995,2025-11-12,
20261008,730,670,60,rolling_horizon,holt_winters_weekly,14,679,682,4,116.4643974318,113.19283371384024,2025-11-13,
20261008,730,670,60,rolling_horizon,holt_winters_weekly,14,679,683,5,91.643990521,97.07571215270323,2025-11-14,
20261008,730,670,60,rolling_horizon,holt_winters_weekly,14,679,684,6,98.2022208221,87.95202226950168,2025-11-15,
20261008,730,670,60,rolling_horizon,holt_winters_weekly,14,679,685,7,100.9062127562,90.36071379773085,2025-11-16,
20261008,730,670,60,rolling_horizon,holt_winters_weekly,14,679,686,8,106.053250609,104.30148239159942,2025-11-17,
20261008,730,670,60,rolling_horizon,holt_winters_weekly,14,679,687,9,116.1333607552,118.74173325141307,2025-11-18,
20261008,730,670,60,rolling_horizon,holt_winters_weekly,14,679,688,10,131.4291834004,120.57402412633569,2025-11-19,
20261008,730,670,60,rolling_horizon,holt_winters_weekly,14,679,689,11,117.2375226637,112.86890096897645,2025-11-20,
20261008,730,670,60,rolling_horizon,holt_winters_weekly,14,679,690,12,104.4585069656,96.75177940783942,2025-11-21,
20261008,730,670,60,rolling_horizon,holt_winters_weekly,14,679,691,13,101.0512216839,87.62808952463787,2025-11-22,
20261008,730,670,60,rolling_horizon,holt_winters_weekly,14,679,692,14,106.7080803311,90.03678105286704,2025-11-23,
20261008,730,670,60,rolling_horizon,holt_winters_weekly,14,680,680,1,130.1261804302,119.26021374609373,2025-11-11,
20261008,730,670,60,rolling_horizon,holt_winters_weekly,14,680,681,2,120.2341328764,121.12492924598583,2025-11-12,
20261008,730,670,60,rolling_horizon,holt_winters_weekly,14,680,682,3,116.4643974318,113.45223071359605,2025-11-13,
20261008,730,670,60,rolling_horizon,holt_winters_weekly,14,680,683,4,91.643990521,97.3675337774285,2025-11-14,
20261008,730,670,60,rolling_horizon,holt_winters_weekly,14,680,684,5,98.2022208221,88.27626851919642,2025-11-15,
20261008,730,670,60,rolling_horizon,holt_winters_weekly,14,680,685,6,100.9062127562,90.71738467239508,2025-11-16,
20261008,730,670,60,rolling_horizon,holt_winters_weekly,14,680,686,7,106.053250609,104.820276391111,2025-11-17,
20261008,730,670,60,rolling_horizon,holt_winters_weekly,14,680,687,8,116.1333607552,119.16325337601624,2025-11-18,
20261008,730,670,60,rolling_horizon,holt_winters_weekly,14,680,688,9,131.4291834004,121.02796887590834,2025-11-19,
20261008,730,670,60,rolling_horizon,holt_winters_weekly,14,680,689,10,117.2375226637,113.35527034351857,2025-11-20,
20261008,730,670,60,rolling_horizon,holt_winters_weekly,14,680,690,11,104.4585069656,97.27057340735102,2025-11-21,
20261008,730,670,60,rolling_horizon,holt_winters_weekly,14,680,691,12,101.0512216839,88.17930814911894,2025-11-22,
20261008,730,670,60,rolling_horizon,holt_winters_weekly,14,680,692,13,106.7080803311,90.6204243023176,2025-11-23,
20261008,730,670,60,rolling_horizon,holt_winters_weekly,14,680,693,14,104.8566719454,104.72331602103351,2025-11-24,
20261008,730,670,60,rolling_horizon,holt_winters_weekly,14,681,681,1,120.2341328764,123.73276125017134,2025-11-12,
20261008,730,670,60,rolling_horizon,holt_winters_weekly,14,681,682,2,116.4643974318,116.49470138514582,2025-11-13,
20261008,730,670,60,rolling_horizon,holt_winters_weekly,14,681,683,3,91.643990521,100.84464311634254,2025-11-14,
20261008,730,670,60,rolling_horizon,holt_winters_weekly,14,681,684,4,98.2022208221,92.18801652547471,2025-11-15,
20261008,730,670,60,rolling_horizon,holt_winters_weekly,14,681,685,5,100.9062127562,95.06377134603761,2025-11-16,
20261008,730,670,60,rolling_horizon,holt_winters_weekly,14,681,686,6,106.053250609,109.60130173211778,2025-11-17,
20261008,730,670,60,rolling_horizon,holt_winters_weekly,14,681,687,7,116.1333607552,126.1174720538443,2025-11-18,
20261008,730,670,60,rolling_horizon,holt_winters_weekly,14,681,688,8,131.4291834004,126.67827155164363,2025-11-19,
20261008,730,670,60,rolling_horizon,holt_winters_weekly,14,681,689,9,117.2375226637,119.44021168661811,2025-11-20,
20261008,730,670,60,rolling_horizon,holt_winters_weekly,14,681,690,10,104.4585069656,103.79015341781482,2025-11-21,
20261008,730,670,60,rolling_horizon,holt_winters_weekly,14,681,691,11,101.0512216839,95.133526826947,2025-11-22,
20261008,730,670,60,rolling_horizon,holt_winters_weekly,14,681,692,12,106.7080803311,98.00928164750991,2025-11-23,
20261008,730,670,60,rolling_horizon,holt_winters_weekly,14,681,693,13,104.8566719454,112.54681203359007,2025-11-24,
20261008,730,670,60,rolling_horizon,holt_winters_weekly,14,681,694,14,141.7294464397,129.0629823553166,2025-11-25,
20261008,730,670,60,rolling_horizon,holt_winters_weekly,14,682,682,1,116.4643974318,115.6550305754407,2025-11-13,
20261008,730,670,60,rolling_horizon,holt_winters_weekly,14,682,683,2,91.643990521,99.86502717168656,2025-11-14,
20261008,730,670,60,rolling_horizon,holt_winters_weekly,14,682,684,3,98.2022208221,91.06845544586788,2025-11-15,
20261008,730,670,60,rolling_horizon,holt_winters_weekly,14,682,685,4,100.9062127562,93.80426513147994,2025-11-16,
20261008,730,670,60,rolling_horizon,holt_winters_weekly,14,682,686,5,106.053250609,108.20185038260925,2025-11-17,
20261008,730,670,60,rolling_horizon,holt_winters_weekly,14,682,687,6,116.1333607552,124.57807556938491,2025-11-18,
20261008,730,670,60,rolling_horizon,holt_winters_weekly,14,682,688,7,131.4291834004,124.43914939242998,2025-11-19,
20261008,730,670,60,rolling_horizon,holt_winters_weekly,14,682,689,8,117.2375226637,117.62092493225703,2025-11-20,
20261008,730,670,60,rolling_horizon,holt_winters_weekly,14,682,690,9,104.4585069656,101.83092152850288,2025-11-21,
20261008,730,670,60,rolling_horizon,holt_winters_weekly,14,682,691,10,101.0512216839,93.0343498026842,2025-11-22,
20261008,730,670,60,rolling_horizon,holt_winters_weekly,14,682,692,11,106.7080803311,95.77015948829626,2025-11-23,
20261008,730,670,60,rolling_horizon,holt_winters_weekly,14,682,693,12,104.8566719454,110.16774473942557,2025-11-24,
20261008,730,670,60,rolling_horizon,holt_winters_weekly,14,682,694,13,141.7294464397,126.54396992620123,2025-11-25,
20261008,730,670,60,rolling_horizon,holt_winters_weekly,14,682,695,14,130.7468418113,126.4050437492463,2025-11-26,
20261008,730,670,60,rolling_horizon,holt_winters_weekly,14,683,683,1,91.643990521,100.0592752172128,2025-11-14,
20261008,730,670,60,rolling_horizon,holt_winters_weekly,14,683,684,2,98.2022208221,91.29507816564849,2025-11-15,
20261008,730,670,60,rolling_horizon,holt_winters_weekly,14,683,685,3,100.9062127562,94.06326252551493,2025-11-16,
20261008,730,670,60,rolling_horizon,holt_winters_weekly,14,683,686,4,106.053250609,108.49322245089861,2025-11-17,
20261008,730,670,60,rolling_horizon,holt_winters_weekly,14,683,687,5,116.1333607552,124.90182231192864,2025-11-18,
20261008,730,670,60,rolling_horizon,holt_winters_weekly,14,683,688,6,131.4291834004,124.79527080922809,2025-11-19,
20261008,730,670,60,rolling_horizon,holt_winters_weekly,14,683,689,7,117.2375226637,118.13891972032698,2025-11-20,
20261008,730,670,60,rolling_horizon,holt_winters_weekly,14,683,690,8,104.4585069656,102.25179229380974,2025-11-21,
20261008,730,670,60,rolling_horizon,holt_winters_weekly,14,683,691,9,101.0512216839,93.48759524224543,2025-11-22,
20261008,730,670,60,rolling_horizon,holt_winters_weekly,14,683,692,10,106.7080803311,96.25577960211186,2025-11-23,
20261008,730,670,60,rolling_horizon,holt_winters_weekly,14,683,693,11,104.8566719454,110.68573952749554,2025-11-24,
20261008,730,670,60,rolling_horizon,holt_winters_weekly,14,683,694,12,141.7294464397,127.09433938852557,2025-11-25,
20261008,730,670,60,rolling_horizon,holt_winters_weekly,14,683,695,13,130.7468418113,126.98778788582501,2025-11-26,
20261008,730,670,60,rolling_horizon,holt_winters_weekly,14,683,696,14,128.4356754052,120.33143679692392,2025-11-27,
20261008,730,670,60,rolling_horizon,holt_winters_weekly,14,684,684,1,98.2022208221,89.27540983855744,2025-11-15,
20261008,730,670,60,rolling_horizon,holt_winters_weekly,14,684,685,2,100.9062127562,91.70698281057535,2025-11-16,
20261008,730,670,60,rolling_horizon,holt_winters_weekly,14,684,686,3,106.053250609,105.80033134811053,2025-11-17,
20261008,730,670,60,rolling_horizon,holt_winters_weekly,14,684,687,4,116.1333607552,121.87231982129205,2025-11-18,
20261008,730,670,60,rolling_horizon,holt_winters_weekly,14,684,688,5,131.4291834004,121.42915693074299,2025-11-19,
20261008,730,670,60,rolling_horizon,holt_winters_weekly,14,684,689,6,117.2375226637,114.43619445399338,2025-11-20,
20261008,730,670,60,rolling_horizon,holt_winters_weekly,14,684,690,7,104.4585069656,96.86601008823357,2025-11-21,
20261008,730,670,60,rolling_horizon,holt_winters_weekly,14,684,691,8,101.0512216839,89.1116472002148,2025-11-22,
20261008,730,670,60,rolling_horizon,holt_winters_weekly,14,684,692,9,106.7080803311,91.54322017223272,2025-11-23,
20261008,730,670,60,rolling_horizon,holt_winters_weekly,14,684,693,10,104.8566719454,105.63656870976789,2025-11-24,
20261008,730,670,60,rolling_horizon,holt_winters_weekly,14,684,694,11,141.7294464397,121.7085571829494,2025-11-25,
20261008,730,670,60,rolling_horizon,holt_winters_weekly,14,684,695,12,130.7468418113,121.26539429240034,2025-11-26,
20261008,730,670,60,rolling_horizon,holt_winters_weekly,14,684,696,13,128.4356754052,114.27243181565073,2025-11-27,
20261008,730,670,60,rolling_horizon,holt_winters_weekly,14,684,697,14,106.0560514778,96.70224744989092,2025-11-28,
20261008,730,670,60,rolling_horizon,holt_winters_weekly,14,685,685,1,100.9062127562,93.84941744662558,2025-11-16,
20261008,730,670,60,rolling_horizon,holt_winters_weekly,14,685,686,2,106.053250609,108.29983842350246,2025-11-17,
20261008,730,670,60,rolling_horizon,holt_winters_weekly,14,685,687,3,116.1333607552,124.72889933602568,2025-11-18,
20261008,730,670,60,rolling_horizon,holt_winters_weekly,14,685,688,4,131.4291834004,124.64280888481832,2025-11-19,
20261008,730,670,60,rolling_horizon,holt_winters_weekly,14,685,689,5,117.2375226637,118.00691884741042,2025-11-20,
20261008,730,670,60,rolling_horizon,holt_winters_weekly,14,685,690,6,104.4585069656,100.79380692099231,2025-11-21,
20261008,730,670,60,rolling_horizon,holt_winters_weekly,14,685,691,7,101.0512216839,94.82480622968205,2025-11-22,
20261008,730,670,60,rolling_horizon,holt_winters_weekly,14,685,692,8,106.7080803311,96.18516188367487,2025-11-23,
20261008,730,670,60,rolling_horizon,holt_winters_weekly,14,685,693,9,104.8566719454,110.63558286055175,2025-11-24,
20261008,730,670,60,rolling_horizon,holt_winters_weekly,14,685,694,10,141.7294464397,127.06464377307498,2025-11-25,
20261008,730,670,60,rolling_horizon,holt_winters_weekly,14,685,695,11,130.7468418113,126.97855332186761,2025-11-26,
20261008,730,670,60,rolling_horizon,holt_winters_weekly,14,685,696,12,128.4356754052,120.3426632844597,2025-11-27,
20261008,730,670,60,rolling_horizon,holt_winters_weekly,14,685,697,13,106.0560514778,103.1295513580416,2025-11-28,
20261008,730,670,60,rolling_horizon,holt_winters_weekly,14,685,698,14,87.0788274448,97.16055066673135,2025-11-29,
20261008,730,670,60,rolling_horizon,holt_winters_weekly,14,686,686,1,106.053250609,109.99346929780033,2025-11-17,
20261008,730,670,60,rolling_horizon,holt_winters_weekly,14,686,687,2,116.1333607552,126.70480202270653,2025-11-18,
20261008,730,670,60,rolling_horizon,holt_winters_weekly,14,686,688,3,131.4291834004,126.90098338388216,2025-11-19,
20261008,730,670,60,rolling_horizon,holt_winters_weekly,14,686,689,4,117.2375226637,120.54736515885723,2025-11-20,
20261008,730,670,60,rolling_horizon,holt_winters_weekly,14,686,690,5,104.4585069656,103.6165250448221,2025-11-21,
20261008,730,670,60,rolling_horizon,holt_winters_weekly,14,686,691,6,101.0512216839,97.92979616589483,2025-11-22,
20261008,730,670,60,rolling_horizon,holt_winters_weekly,14,686,692,7,106.7080803311,100.70151088180252,2025-11-23,
20261008,730,670,60,rolling_horizon,holt_winters_weekly,14,686,693,8,104.8566719454,114.30511642153049,2025-11-24,
20261008,730,670,60,rolling_horizon,holt_winters_weekly,14,686,694,9,141.7294464397,131.01644914643668,2025-11-25,
20261008,730,670,60,rolling_horizon,holt_winters_weekly,14,686,695,10,130.7468418113,131.21263050761232,2025-11-26,
20261008,730,670,60,rolling_horizon,holt_winters_weekly,14,686,696,11,128.4356754052,124.85901228258737,2025-11-27,
20261008,730,670,60,rolling_horizon,holt_winters_weekly,14,686,697,12,106.0560514778,107.92817216855225,2025-11-28,
20261008,730,670,60,rolling_horizon,holt_winters_weekly,14,686,698,13,87.0788274448,102.24144328962498,2025-11-29,
20261008,730,670,60,rolling_horizon,holt_winters_weekly,14,686,699,14,103.140705212,105.01315800553267,2025-11-30,
20261008,730,670,60,rolling_horizon,holt_winters_weekly,14,687,687,1,116.1333607552,125.75914953739446,2025-11-18,
20261008,730,670,60,rolling_horizon,holt_winters_weekly,14,687,688,2,131.4291834004,125.79772215101806,2025-11-19,
20261008,730,670,60,rolling_horizon,holt_winters_weekly,14,687,689,3,117.2375226637,119.28649517844113,2025-11-20,
20261008,730,670,60,rolling_horizon,holt_winters_weekly,14,687,690,4,104.4585069656,102.19804631685398,2025-11-21,
20261008,730,670,60,rolling_horizon,holt_winters_weekly,14,687,691,5,101.0512216839,96.3537086903747,2025-11-22,
20261008,730,670,60,rolling_horizon,holt_winters_weekly,14,687,692,6,106.7080803311,98.96781465873038,2025-11-23,
20261008,730,670,60,rolling_horizon,holt_winters_weekly,14,687,693,7,104.8566719454,111.78337646069826,2025-11-24,
20261008,730,670,60,rolling_horizon,holt_winters_weekly,14,687,694,8,141.7294464397,128.96753542826053,2025-11-25,
20261008,730,670,60,rolling_horizon,holt_winters_weekly,14,687,695,9,130.7468418113,129.00610804188412,2025-11-26,
20261008,730,670,60,rolling_horizon,holt_winters_weekly,14,687,696,10,128.4356754052,122.49488106930718,2025-11-27,
20261008,730,670,60,rolling_horizon,holt_winters_weekly,14,687,697,11,106.0560514778,105.40643220772003,2025-11-28,
20261008,730,670,60,rolling_horizon,holt_winters_weekly,14,687,698,12,87.0788274448,99.56209458124076,2025-11-29,
20261008,730,670,60,rolling_horizon,holt_winters_weekly,14,687,699,13,103.140705212,102.17620054959643,2025-11-30,
20261008,730,670,60,rolling_horizon,holt_winters_weekly,14,687,700,14,113.8373914368,114.99176235156432,2025-12-01,
20261008,730,670,60,rolling_horizon,holt_winters_weekly,14,688,688,1,131.4291834004,123.4875328432914,2025-11-19,
20261008,730,670,60,rolling_horizon,holt_winters_weekly,14,688,689,2,117.2375226637,116.59127431942669,2025-11-20,
20261008,730,670,60,rolling_horizon,holt_winters_weekly,14,688,690,3,104.4585069656,99.11779390655177,2025-11-21,
20261008,730,670,60,rolling_horizon,holt_winters_weekly,14,688,691,4,101.0512216839,92.8884247287847,2025-11-22,
20261008,730,670,60,rolling_horizon,holt_winters_weekly,14,688,692,5,106.7080803311,95.1174991458526,2025-11-23,
20261008,730,670,60,rolling_horizon,holt_winters_weekly,14,688,693,6,104.8566719454,107.54802939653271,2025-11-24,
20261008,730,670,60,rolling_horizon,holt_winters_weekly,14,688,694,7,141.7294464397,122.80703060765607,2025-11-25,
20261008,730,670,60,rolling_horizon,holt_winters_weekly,14,688,695,8,130.7468418113,124.00069787514302,2025-11-26,
20261008,730,670,60,rolling_horizon,holt_winters_weekly,14,688,696,9,128.4356754052,117.1044393512783,2025-11-27,
20261008,730,670,60,rolling_horizon,holt_winters_weekly,14,688,697,10,106.0560514778,99.63095893840338,2025-11-28,
20261008,730,670,60,rolling_horizon,holt_winters_weekly,14,688,698,11,87.0788274448,93.40158976063631,2025-11-29,
20261008,730,670,60,rolling_horizon,holt_winters_weekly,14,688,699,12,103.140705212,95.63066417770422,2025-11-30,
20261008,730,670,60,rolling_horizon,holt_winters_weekly,14,688,700,13,113.8373914368,108.06119442838433,2025-12-01,
20261008,730,670,60,rolling_horizon,holt_winters_weekly,14,688,701,14,128.6959921408,123.32019563950769,2025-12-02,
20261008,730,670,60,rolling_horizon,holt_winters_weekly,14,689,689,1,117.2375226637,118.49727045313276,2025-11-20,
20261008,730,670,60,rolling_horizon,holt_winters_weekly,14,689,690,2,104.4585069656,101.34145606254218,2025-11-21,
20261008,730,670,60,rolling_horizon,holt_winters_weekly,14,689,691,3,101.0512216839,95.42975290705947,2025-11-22,
20261008,730,670,60,rolling_horizon,holt_winters_weekly,14,689,692,4,106.7080803311,97.97649334641171,2025-11-23,
20261008,730,670,60,rolling_horizon,holt_winters_weekly,14,689,693,5,104.8566719454,110.72468961937616,2025-11-24,
20261008,730,670,60,rolling_horizon,holt_winters_weekly,14,689,694,6,141.7294464397,126.30135685278388,2025-11-25,
20261008,730,670,60,rolling_horizon,holt_winters_weekly,14,689,695,7,130.7468418113,129.08335423169254,2025-11-26,
20261008,730,670,60,rolling_horizon,holt_winters_weekly,14,689,696,8,128.4356754052,121.2340976409748,2025-11-27,
20261008,730,670,60,rolling_horizon,holt_winters_weekly,14,689,697,9,106.0560514778,104.07828325038422,2025-11-28,
20261008,730,670,60,rolling_horizon,holt_winters_weekly,14,689,698,10,87.0788274448,98.1665800949015,2025-11-29,
20261008,730,670,60,rolling_horizon,holt_winters_weekly,14,689,699,11,103.140705212,100.71332053425375,2025-11-30,
20261008,730,670,60,rolling_horizon,holt_winters_weekly,14,689,700,12,113.8373914368,113.4615168072182,2025-12-01,
20261008,730,670,60,rolling_horizon,holt_winters_weekly,14,689,701,13,128.6959921408,129.0381840406259,2025-12-02,
20261008,730,670,60,rolling_horizon,holt_winters_weekly,14,689,702,14,124.9544385883,131.82018141953458,2025-12-03,
20261008,730,670,60,rolling_horizon,holt_winters_weekly,14,690,690,1,104.4585069656,101.03911659307832,2025-11-21,
20261008,730,670,60,rolling_horizon,holt_winters_weekly,14,690,691,2,101.0512216839,95.07702352601831,2025-11-22,
20261008,730,670,60,rolling_horizon,holt_winters_weekly,14,690,692,3,106.7080803311,97.57337405379324,2025-11-23,
20261008,730,670,60,rolling_horizon,holt_winters_weekly,14,690,693,4,104.8566719454,110.27118041518038,2025-11-24,
20261008,730,670,60,rolling_horizon,holt_winters_weekly,14,690,694,5,141.7294464397,125.79745773701077,2025-11-25,
20261008,730,670,60,rolling_horizon,holt_winters_weekly,14,690,695,6,130.7468418113,128.52906520434215,2025-11-26,
20261008,730,670,60,rolling_horizon,holt_winters_weekly,14,690,696,7,128.4356754052,120.42785905573784,2025-11-27,
20261008,730,670,60,rolling_horizon,holt_winters_weekly,14,690,697,8,106.0560514778,103.42321439987919,2025-11-28,
20261008,730,670,60,rolling_horizon,holt_winters_weekly,14,690,698,9,87.0788274448,97.46112133281916,2025-11-29,
20261008,730,670,60,rolling_horizon,holt_winters_weekly,14,690,699,10,103.140705212,99.95747186059411,2025-11-30,
20261008,730,670,60,rolling_horizon,holt_winters_weekly,14,690,700,11,113.8373914368,112.65527822198125,2025-12-01,
20261008,730,670,60,rolling_horizon,holt_winters_weekly,14,690,701,12,128.6959921408,128.18155554381164,2025-12-02,
20261008,730,670,60,rolling_horizon,holt_winters_weekly,14,690,702,13,124.9544385883,130.913163011143,2025-12-03,
20261008,730,670,60,rolling_horizon,holt_winters_weekly,14,690,703,14,123.0392046882,122.81195686253871,2025-12-04,
20261008,730,670,60,rolling_horizon,holt_winters_weekly,14,691,691,1,101.0512216839,95.8976772154235,2025-11-22,
20261008,730,670,60,rolling_horizon,holt_winters_weekly,14,691,692,2,106.7080803311,98.5308033580993,2025-11-23,
20261008,730,670,60,rolling_horizon,holt_winters_weekly,14,691,693,3,104.8566719454,111.36538533438731,2025-11-24,
20261008,730,670,60,rolling_horizon,holt_winters_weekly,14,691,694,4,141.7294464397,127.02843827111857,2025-11-25,
20261008,730,670,60,rolling_horizon,holt_winters_weekly,14,691,695,5,130.7468418113,129.8968213533508,2025-11-26,
20261008,730,670,60,rolling_horizon,holt_winters_weekly,14,691,696,6,128.4356754052,121.93239081964737,2025-11-27,
20261008,730,670,60,rolling_horizon,holt_winters_weekly,14,691,697,7,106.0560514778,105.61162423829305,2025-11-28,
20261008,730,670,60,rolling_horizon,holt_winters_weekly,14,691,698,8,87.0788274448,99.23920432653043,2025-11-29,
20261008,730,670,60,rolling_horizon,holt_winters_weekly,14,691,699,9,103.140705212,101.87233046920623,2025-11-30,
20261008,730,670,60,rolling_horizon,holt_winters_weekly,14,691,700,10,113.8373914368,114.70691244549424,2025-12-01,
20261008,730,670,60,rolling_horizon,holt_winters_weekly,14,691,701,11,128.6959921408,130.3699653822255,2025-12-02,
20261008,730,670,60,rolling_horizon,holt_winters_weekly,14,691,702,12,124.9544385883,133.23834846445772,2025-12-03,
20261008,730,670,60,rolling_horizon,holt_winters_weekly,14,691,703,13,123.0392046882,125.2739179307543,2025-12-04,
20261008,730,670,60,rolling_horizon,holt_winters_weekly,14,691,704,14,112.0375299996,108.95315134939997,2025-12-05,
20261008,730,670,60,rolling_horizon,holt_winters_weekly,14,692,692,1,106.7080803311,99.76765403053368,2025-11-23,
20261008,730,670,60,rolling_horizon,holt_winters_weekly,14,692,693,2,104.8566719454,112.80837778556074,2025-11-24,
20261008,730,670,60,rolling_horizon,holt_winters_weekly,14,692,694,3,141.7294464397,128.67757250103108,2025-11-25,
20261008,730,670,60,rolling_horizon,holt_winters_weekly,14,692,695,4,130.7468418113,131.75209736200233,2025-11-26,
20261008,730,670,60,rolling_horizon,holt_winters_weekly,14,692,696,5,128.4356754052,123.99380860703798,2025-11-27,
20261008,730,670,60,rolling_horizon,holt_winters_weekly,14,692,697,6,106.0560514778,107.87918380442272,2025-11-28,
20261008,730,670,60,rolling_horizon,holt_winters_weekly,14,692,698,7,87.0788274448,102.5374727863554,2025-11-29,
20261008,730,670,60,rolling_horizon,holt_winters_weekly,14,692,699,8,103.140705212,104.55217359281403,2025-11-30,
20261008,730,670,60,rolling_horizon,holt_winters_weekly,14,692,700,9,113.8373914368,117.5928973478411,2025-12-01,
20261008,730,670,60,rolling_horizon,holt_winters_weekly,14,692,701,10,128.6959921408,133.46209206331142,2025-12-02,
20261008,730,670,60,rolling_horizon,holt_winters_weekly,14,692,702,11,124.9544385883,136.5366169242827,2025-12-03,
20261008,730,670,60,rolling_horizon,holt_winters_weekly,14,692,703,12,123.0392046882,128.7783281693183,2025-12-04,
20261008,730,670,60,rolling_horizon,holt_winters_weekly,14,692,704,13,112.0375299996,112.66370336670307,2025-12-05,
20261008,730,670,60,rolling_horizon,holt_winters_weekly,14,692,705,14,94.7981017475,107.32199234863576,2025-12-06,
20261008,730,670,60,rolling_horizon,holt_winters_weekly,14,693,693,1,104.8566719454,114.47408009769669,2025-11-24,
20261008,730,670,60,rolling_horizon,holt_winters_weekly,14,693,694,2,141.7294464397,130.62089186518966,2025-11-25,
20261008,730,670,60,rolling_horizon,holt_winters_weekly,14,693,695,3,130.7468418113,133.9730337781836,2025-11-26,
20261008,730,670,60,rolling_horizon,holt_winters_weekly,14,693,696,4,128.4356754052,126.4923620752419,2025-11-27,
20261008,730,670,60,rolling_horizon,holt_winters_weekly,14,693,697,5,106.0560514778,110.6553543246493,2025-11-28,
20261008,730,670,60,rolling_horizon,holt_winters_weekly,14,693,698,6,87.0788274448,105.59126035860464,2025-11-29,
20261008,730,670,60,rolling_horizon,holt_winters_weekly,14,693,699,7,103.140705212,108.99404642517653,2025-11-30,
20261008,730,670,60,rolling_horizon,holt_winters_weekly,14,693,700,8,113.8373914368,121.20191902413565,2025-12-01,
20261008,730,670,60,rolling_horizon,holt_winters_weekly,14,693,701,9,128.6959921408,137.34873079162864,2025-12-02,
20261008,730,670,60,rolling_horizon,holt_winters_weekly,14,693,702,10,124.9544385883,140.70087270462258,2025-12-03,
20261008,730,670,60,rolling_horizon,holt_winters_weekly,14,693,703,11,123.0392046882,133.22020100168086,2025-12-04,
20261008,730,670,60,rolling_horizon,holt_winters_weekly,14,693,704,12,112.0375299996,117.38319325108827,2025-12-05,
20261008,730,670,60,rolling_horizon,holt_winters_weekly,14,693,705,13,94.7981017475,112.3190992850436,2025-12-06,
20261008,730,670,60,rolling_horizon,holt_winters_weekly,14,693,706,14,97.1541570139,115.7218853516155,2025-12-07,
20261008,730,670,60,rolling_horizon,holt_winters_weekly,14,694,694,1,141.7294464397,128.31271390863844,2025-11-25,
20261008,730,670,60,rolling_horizon,holt_winters_weekly,14,694,695,2,130.7468418113,131.28015949554054,2025-11-26,
20261008,730,670,60,rolling_horizon,holt_winters_weekly,14,694,696,3,128.4356754052,123.41479146650695,2025-11-27,
20261008,730,670,60,rolling_horizon,holt_winters_weekly,14,694,697,4,106.0560514778,107.1930873898225,2025-11-28,
20261008,730,670,60,rolling_horizon,holt_winters_weekly,14,694,698,5,87.0788274448,101.74429709768596,2025-11-29,
20261008,730,670,60,rolling_horizon,holt_winters_weekly,14,694,699,6,103.140705212,104.762386838166,2025-11-30,
20261008,730,670,60,rolling_horizon,holt_winters_weekly,14,694,700,7,113.8373914368,115.04677780666577,2025-12-01,
20261008,730,670,60,rolling_horizon,holt_winters_weekly,14,694,701,8,128.6959921408,132.34767855243436,2025-12-02,
20261008,730,670,60,rolling_horizon,holt_winters_weekly,14,694,702,9,124.9544385883,135.31512413933643,2025-12-03,
20261008,730,670,60,rolling_horizon,holt_winters_weekly,14,694,703,10,123.0392046882,127.44975611030284,2025-12-04,
20261008,730,670,60,rolling_horizon,holt_winters_weekly,14,694,704,11,112.0375299996,111.22805203361838,2025-12-05,
20261008,730,670,60,rolling_horizon,holt_winters_weekly,14,694,705,12,94.7981017475,105.77926174148185,2025-12-06,
20261008,730,670,60,rolling_horizon,holt_winters_weekly,14,694,706,13,97.1541570139,108.79735148196188,2025-12-07,
20261008,730,670,60,rolling_horizon,holt_winters_weekly,14,694,707,14,116.0552552441,119.08174245046166,2025-12-08,
20261008,730,670,60,rolling_horizon,holt_winters_weekly,14,695,695,1,130.7468418113,134.5001753029953,2025-11-26,
20261008,730,670,60,rolling_horizon,holt_winters_weekly,14,695,696,2,128.4356754052,127.1714765752042,2025-11-27,
20261008,730,670,60,rolling_horizon,holt_winters_weekly,14,695,697,3,106.0560514778,111.48644179976219,2025-11-28,
20261008,730,670,60,rolling_horizon,holt_winters_weekly,14,695,698,4,87.0788274448,106.57432080886812,2025-11-29,
20261008,730,670,60,rolling_horizon,holt_winters_weekly,14,695,699,5,103.140705212,110.12907985059061,2025-11-30,
20261008,730,670,60,rolling_horizon,holt_winters_weekly,14,695,700,6,113.8373914368,120.95014012033286,2025-12-01,
20261008,730,670,60,rolling_horizon,holt_winters_weekly,14,695,701,7,128.6959921408,140.93438737231375,2025-12-02,
20261008,730,670,60,rolling_horizon,holt_winters_weekly,14,695,702,8,124.9544385883,142.29182505548843,2025-12-03,
20261008,730,670,60,rolling_horizon,holt_winters_weekly,14,695,703,9,123.0392046882,134.96312632769732,2025-12-04,
20261008,730,670,60,rolling_horizon,holt_winters_weekly,14,695,704,10,112.0375299996,119.27809155225532,2025-12-05,
20261008,730,670,60,rolling_horizon,holt_winters_weekly,14,695,705,11,94.7981017475,114.36597056136125,2025-12-06,
20261008,730,670,60,rolling_horizon,holt_winters_weekly,14,695,706,12,97.1541570139,117.92072960308374,2025-12-07,
20261008,730,670,60,rolling_horizon,holt_winters_weekly,14,695,707,13,116.0552552441,128.741789872826,2025-12-08,
20261008,730,670,60,rolling_horizon,holt_winters_weekly,14,695,708,14,124.9869441925,148.72603712480688,2025-12-09,
20261008,730,670,60,rolling_horizon,holt_winters_weekly,14,696,696,1,128.4356754052,126.27067653719732,2025-11-27,
20261008,730,670,60,rolling_horizon,holt_winters_weekly,14,696,697,2,106.0560514778,110.43550842208751,2025-11-28,
20261008,730,670,60,rolling_horizon,holt_winters_weekly,14,696,698,3,87.0788274448,105.37325409152562,2025-11-29,
20261008,730,670,60,rolling_horizon,holt_winters_weekly,14,696,699,4,103.140705212,108.7778797935803,2025-11-30,
20261008,730,670,60,rolling_horizon,holt_winters_weekly,14,696,700,5,113.8373914368,119.44880672365474,2025-12-01,
20261008,730,670,60,rolling_horizon,holt_winters_weekly,14,696,701,6,128.6959921408,139.2829206359678,2025-12-02,
20261008,730,670,60,rolling_horizon,holt_winters_weekly,14,696,702,7,124.9544385883,139.88969162080343,2025-12-03,
20261008,730,670,60,rolling_horizon,holt_winters_weekly,14,696,703,8,123.0392046882,133.01139291201576,2025-12-04,
20261008,730,670,60,rolling_horizon,holt_winters_weekly,14,696,704,9,112.0375299996,117.17622479690594,2025-12-05,
20261008,730,670,60,rolling_horizon,holt_winters_weekly,14,696,705,10,94.7981017475,112.11397046634407,2025-12-06,
20261008,730,670,60,rolling_horizon,holt_winters_weekly,14,696,706,11,97.1541570139,115.51859616839874,2025-12-07,
20261008,730,670,60,rolling_horizon,holt_winters_weekly,14,696,707,12,116.0552552441,126.18952309847319,2025-12-08,
20261008,730,670,60,rolling_horizon,holt_winters_weekly,14,696,708,13,124.9869441925,146.02363701078625,2025-12-09,
20261008,730,670,60,rolling_horizon,holt_winters_weekly,14,696,709,14,133.985128528,146.63040799562188,2025-12-10,
20261008,730,670,60,rolling_horizon,holt_winters_weekly,14,697,697,1,106.0560514778,110.95510815040815,2025-11-28,
20261008,730,670,60,rolling_horizon,holt_winters_weekly,14,697,698,2,87.0788274448,105.97945377456638,2025-11-29,
20261008,730,670,60,rolling_horizon,holt_winters_weekly,14,697,699,3,103.140705212,109.47067943134117,2025-11-30,
20261008,730,670,60,rolling_horizon,holt_winters_weekly,14,697,700,4,113.8373914368,120.22820631613571,2025-12-01,
20261008,730,670,60,rolling_horizon,holt_winters_weekly,14,697,701,5,128.6959921408,140.14892018316888,2025-12-02,
20261008,730,670,60,rolling_horizon,holt_winters_weekly,14,697,702,6,124.9544385883,140.84229112272462,2025-12-03,
20261008,730,670,60,rolling_horizon,holt_winters_weekly,14,697,703,7,123.0392046882,134.39699218753748,2025-12-04,
20261008,730,670,60,rolling_horizon,holt_winters_weekly,14,697,704,8,112.0375299996,118.30202420826734,2025-12-05,
20261008,730,670,60,rolling_horizon,holt_winters_weekly,14,697,705,9,94.7981017475,113.32636983242557,2025-12-06,
20261008,730,670,60,rolling_horizon,holt_winters_weekly,14,697,706,10,97.1541570139,116.81759548920036,2025-12-07,
20261008,730,670,60,rolling_horizon,holt_winters_weekly,14,697,707,11,116.0552552441,127.5751223739949,2025-12-08,
20261008,730,670,60,rolling_horizon,holt_winters_weekly,14,697,708,12,124.9869441925,147.4958362410281,2025-12-09,
20261008,730,670,60,rolling_horizon,holt_winters_weekly,14,697,709,13,133.985128528,148.18920718058382,2025-12-10,
20261008,730,670,60,rolling_horizon,holt_winters_weekly,14,697,710,14,129.1625511456,141.74390824539668,2025-12-11,
20261008,730,670,60,rolling_horizon,holt_winters_weekly,14,698,698,1,87.0788274448,104.80368017314045,2025-11-29,
20261008,730,670,60,rolling_horizon,holt_winters_weekly,14,698,699,2,103.140705212,108.0989435630109,2025-11-30,
20261008,730,670,60,rolling_horizon,holt_winters_weekly,14,698,700,3,113.8373914368,118.66050818090113,2025-12-01,
20261008,730,670,60,rolling_horizon,holt_winters_weekly,14,698,701,4,128.6959921408,138.38525978103,2025-12-02,
20261008,730,670,60,rolling_horizon,holt_winters_weekly,14,698,702,5,124.9544385883,138.8826684536814,2025-12-03,
20261008,730,670,60,rolling_horizon,holt_winters_weekly,14,698,703,6,123.0392046882,132.24140725158992,2025-12-04,
20261008,730,670,60,rolling_horizon,holt_winters_weekly,14,698,704,7,112.0375299996,115.16662793779818,2025-12-05,
20261008,730,670,60,rolling_horizon,holt_winters_weekly,14,698,705,8,94.7981017475,110.77886036266938,2025-12-06,
20261008,730,670,60,rolling_horizon,holt_winters_weekly,14,698,706,9,97.1541570139,114.07412375253985,2025-12-07,
20261008,730,670,60,rolling_horizon,holt_winters_weekly,14,698,707,10,116.0552552441,124.63568837043006,2025-12-08,
20261008,730,670,60,rolling_horizon,holt_winters_weekly,14,698,708,11,124.9869441925,144.36043997055893,2025-12-09,
20261008,730,670,60,rolling_horizon,holt_winters_weekly,14,698,709,12,133.985128528,144.85784864321033,2025-12-10,
20261008,730,670,60,rolling_horizon,holt_winters_weekly,14,698,710,13,129.1625511456,138.21658744111886,2025-12-11,
20261008,730,670,60,rolling_horizon,holt_winters_weekly,14,698,711,14,102.4427018659,121.14180812732712,2025-12-12,
20261008,730,670,60,rolling_horizon,holt_winters_weekly,14,699,699,1,103.140705212,103.8449789082092,2025-11-30,
20261008,730,670,60,rolling_horizon,holt_winters_weekly,14,699,700,2,113.8373914368,113.6975494169658,2025-12-01,
20261008,730,670,60,rolling_horizon,holt_winters_weekly,14,699,701,3,128.6959921408,132.71330690796106,2025-12-02,
20261008,730,670,60,rolling_horizon,holt_winters_weekly,14,699,702,4,124.9544385883,132.50172147147885,2025-12-03,
20261008,730,670,60,rolling_horizon,holt_winters_weekly,14,699,703,5,123.0392046882,125.15146616025376,2025-12-04,
20261008,730,670,60,rolling_horizon,holt_winters_weekly,14,699,704,6,112.0375299996,107.36769273732838,2025-12-05,
20261008,730,670,60,rolling_horizon,holt_winters_weekly,14,699,705,7,94.7981017475,99.43495461653148,2025-12-06,
20261008,730,670,60,rolling_horizon,holt_winters_weekly,14,699,706,8,97.1541570139,104.85720033380282,2025-12-07,
20261008,730,670,60,rolling_horizon,holt_winters_weekly,14,699,707,9,116.0552552441,114.70977084255942,2025-12-08,
20261008,730,670,60,rolling_horizon,holt_winters_weekly,14,699,708,10,124.9869441925,133.72552833355468,2025-12-09,
20261008,730,670,60,rolling_horizon,holt_winters_weekly,14,699,709,11,133.985128528,133.51394289707247,2025-12-10,
20261008,730,670,60,rolling_horizon,holt_winters_weekly,14,699,710,12,129.1625511456,126.16368758584738,2025-12-11,
20261008,730,670,60,rolling_horizon,holt_winters_weekly,14,699,711,13,102.4427018659,108.379914162922,2025-12-12,
20261008,730,670,60,rolling_horizon,holt_winters_weekly,14,699,712,14,97.2419952584,100.44717604212511,2025-12-13,
20261008,730,670,60,rolling_horizon,holt_winters_weekly,14,700,700,1,113.8373914368,113.5285237298756,2025-12-01,
20261008,730,670,60,rolling_horizon,holt_winters_weekly,14,700,701,2,128.6959921408,132.5161102730225,2025-12-02,
20261008,730,670,60,rolling_horizon,holt_winters_weekly,14,700,702,3,124.9544385883,132.27635388869192,2025-12-03,
20261008,730,670,60,rolling_horizon,holt_winters_weekly,14,700,703,4,123.0392046882,124.89792762961847,2025-12-04,
20261008,730,670,60,rolling_horizon,holt_winters_weekly,14,700,704,5,112.0375299996,107.08598325884472,2025-12-05,
20261008,730,670,60,rolling_horizon,holt_winters_weekly,14,700,705,6,94.7981017475,99.12507419019946,2025-12-06,
20261008,730,670,60,rolling_horizon,holt_winters_weekly,14,700,706,7,97.1541570139,104.40646516822893,2025-12-07,
20261008,730,670,60,rolling_horizon,holt_winters_weekly,14,700,707,8,116.0552552441,114.34354852053065,2025-12-08,
20261008,730,670,60,rolling_horizon,holt_winters_weekly,14,700,708,9,124.9869441925,133.33113506367755,2025-12-09,
20261008,730,670,60,rolling_horizon,holt_winters_weekly,14,700,709,10,133.985128528,133.09137867934697,2025-12-10,
20261008,730,670,60,rolling_horizon,holt_winters_weekly,14,700,710,11,129.1625511456,125.71295242027351,2025-12-11,
20261008,730,670,60,rolling_horizon,holt_winters_weekly,14,700,711,12,102.4427018659,107.90100804949975,2025-12-12,
20261008,730,670,60,rolling_horizon,holt_winters_weekly,14,700,712,13,97.2419952584,99.94009898085451,2025-12-13,
20261008,730,670,60,rolling_horizon,holt_winters_weekly,14,700,713,14,114.2274385444,105.22148995888398,2025-12-14,
20261008,730,670,60,rolling_horizon,holt_winters_weekly,14,701,701,1,128.6959921408,132.59023852268433,2025-12-02,
20261008,730,670,60,rolling_horizon,holt_winters_weekly,14,701,702,2,124.9544385883,132.36283684663073,2025-12-03,
20261008,730,670,60,rolling_horizon,holt_winters_weekly,14,701,703,3,123.0392046882,124.99676529583427,2025-12-04,
20261008,730,670,60,rolling_horizon,holt_winters_weekly,14,701,704,4,112.0375299996,107.19717563333748,2025-12-05,
20261008,730,670,60,rolling_horizon,holt_winters_weekly,14,701,705,5,94.7981017475,99.24862127296922,2025-12-06,
20261008,730,670,60,rolling_horizon,holt_winters_weekly,14,701,706,6,97.1541570139,104.54236695927567,2025-12-07,
20261008,730,670,60,rolling_horizon,holt_winters_weekly,14,701,707,7,116.0552552441,114.54122385296226,2025-12-08,
20261008,730,670,60,rolling_horizon,holt_winters_weekly,14,701,708,8,124.9869441925,133.4917462712782,2025-12-09,
20261008,730,670,60,rolling_horizon,holt_winters_weekly,14,701,709,9,133.985128528,133.2643445952246,2025-12-10,
20261008,730,670,60,rolling_horizon,holt_winters_weekly,14,701,710,10,129.1625511456,125.89827304442814,2025-12-11,
20261008,730,670,60,rolling_horizon,holt_winters_weekly,14,701,711,11,102.4427018659,108.09868338193138,2025-12-12,
20261008,730,670,60,rolling_horizon,holt_winters_weekly,14,701,712,12,97.2419952584,100.15012902156309,2025-12-13,
20261008,730,670,60,rolling_horizon,holt_winters_weekly,14,701,713,13,114.2274385444,105.44387470786954,2025-12-14,
20261008,730,670,60,rolling_horizon,holt_winters_weekly,14,701,714,14,124.6821661264,115.44273160155615,2025-12-15,
20261008,730,670,60,rolling_horizon,holt_winters_weekly,14,702,702,1,124.9544385883,131.4282177149785,2025-12-03,
20261008,730,670,60,rolling_horizon,holt_winters_weekly,14,702,703,2,123.0392046882,123.90637630890666,2025-12-04,
20261008,730,670,60,rolling_horizon,holt_winters_weekly,14,702,704,3,112.0375299996,105.95101679113452,2025-12-05,
20261008,730,670,60,rolling_horizon,holt_winters_weekly,14,702,705,4,94.7981017475,97.84669257549086,2025-12-06,
20261008,730,670,60,rolling_horizon,holt_winters_weekly,14,702,706,5,97.1541570139,102.98466840652193,2025-12-07,
20261008,730,670,60,rolling_horizon,holt_winters_weekly,14,702,707,6,116.0552552441,112.82775544493316,2025-12-08,
20261008,730,670,60,rolling_horizon,holt_winters_weekly,14,702,708,7,124.9869441925,130.99942858687223,2025-12-09,
20261008,730,670,60,rolling_horizon,holt_winters_weekly,14,702,709,8,133.985128528,131.23933647664478,2025-12-10,
20261008,730,670,60,rolling_horizon,holt_winters_weekly,14,702,710,9,129.1625511456,123.71749507057292,2025-12-11,
20261008,730,670,60,rolling_horizon,holt_winters_weekly,14,702,711,10,102.4427018659,105.76213555280077,2025-12-12,
20261008,730,670,60,rolling_horizon,holt_winters_weekly,14,702,712,11,97.2419952584,97.65781133715714,2025-12-13,
20261008,730,670,60,rolling_horizon,holt_winters_weekly,14,702,713,12,114.2274385444,102.7957871681882,2025-12-14,
20261008,730,670,60,rolling_horizon,holt_winters_weekly,14,702,714,13,124.6821661264,112.63887420659943,2025-12-15,
20261008,730,670,60,rolling_horizon,holt_winters_weekly,14,702,715,14,137.1927210045,130.8105473485385,2025-12-16,
20261008,730,670,60,rolling_horizon,holt_winters_weekly,14,703,703,1,123.0392046882,122.35266931850381,2025-12-04,
20261008,730,670,60,rolling_horizon,holt_winters_weekly,14,703,704,2,112.0375299996,104.13835863566453,2025-12-05,
20261008,730,670,60,rolling_horizon,holt_winters_weekly,14,703,705,3,94.7981017475,95.77508325495376,2025-12-06,
20261008,730,670,60,rolling_horizon,holt_winters_weekly,14,703,706,4,97.1541570139,100.65410792091768,2025-12-07,
20261008,730,670,60,rolling_horizon,holt_winters_weekly,14,703,707,5,116.0552552441,110.23824379426176,2025-12-08,
20261008,730,670,60,rolling_horizon,holt_winters_weekly,14,703,708,6,124.9869441925,128.1509657711337,2025-12-09,
20261008,730,670,60,rolling_horizon,holt_winters_weekly,14,703,709,7,133.985128528,127.09611783557054,2025-12-10,
20261008,730,670,60,rolling_horizon,holt_winters_weekly,14,703,710,8,129.1625511456,120.3511299247001,2025-12-11,
20261008,730,670,60,rolling_horizon,holt_winters_weekly,14,703,711,9,102.4427018659,102.13681924186082,2025-12-12,
20261008,730,670,60,rolling_horizon,holt_winters_weekly,14,703,712,10,97.2419952584,93.77354386115005,2025-12-13,
20261008,730,670,60,rolling_horizon,holt_winters_weekly,14,703,713,11,114.2274385444,98.65256852711397,2025-12-14,
20261008,730,670,60,rolling_horizon,holt_winters_weekly,14,703,714,12,124.6821661264,108.23670440045807,2025-12-15,
20261008,730,670,60,rolling_horizon,holt_winters_weekly,14,703,715,13,137.1927210045,126.14942637733,2025-12-16,
20261008,730,670,60,rolling_horizon,holt_winters_weekly,14,703,716,14,136.9806933036,125.09457844176683,2025-12-17,
20261008,730,670,60,rolling_horizon,holt_winters_weekly,14,704,704,1,112.0375299996,104.30312712439161,2025-12-05,
20261008,730,670,60,rolling_horizon,holt_winters_weekly,14,704,705,2,94.7981017475,95.96731315846867,2025-12-06,
20261008,730,670,60,rolling_horizon,holt_winters_weekly,14,704,706,3,97.1541570139,100.87379923922046,2025-12-07,
20261008,730,670,60,rolling_horizon,holt_winters_weekly,14,704,707,4,116.0552552441,110.48539652735239,2025-12-08,
20261008,730,670,60,rolling_horizon,holt_winters_weekly,14,704,708,5,124.9869441925,128.4255799190122,2025-12-09,
20261008,730,670,60,rolling_horizon,holt_winters_weekly,14,704,709,6,133.985128528,127.39819339823686,2025-12-10,
20261008,730,670,60,rolling_horizon,holt_winters_weekly,14,704,710,7,129.1625511456,120.79051256130566,2025-12-11,
20261008,730,670,60,rolling_horizon,holt_winters_weekly,14,704,711,8,102.4427018659,102.49381763410284,2025-12-12,
20261008,730,670,60,rolling_horizon,holt_winters_weekly,14,704,712,9,97.2419952584,94.1580036681799,2025-12-13,
20261008,730,670,60,rolling_horizon,holt_winters_weekly,14,704,713,10,114.2274385444,99.06448974893168,2025-12-14,
20261008,730,670,60,rolling_horizon,holt_winters_weekly,14,704,714,11,124.6821661264,108.67608703706361,2025-12-15,
20261008,730,670,60,rolling_horizon,holt_winters_weekly,14,704,715,12,137.1927210045,126.6162704287234,2025-12-16,
20261008,730,670,60,rolling_horizon,holt_winters_weekly,14,704,716,13,136.9806933036,125.58888390794809,2025-12-17,
20261008,730,670,60,rolling_horizon,holt_winters_weekly,14,704,717,14,137.8994379973,118.98120307101689,2025-12-18,
20261008,730,670,60,rolling_horizon,holt_winters_weekly,14,705,705,1,94.7981017475,97.8235698485187,2025-12-06,
20261008,730,670,60,rolling_horizon,holt_winters_weekly,14,705,706,2,97.1541570139,103.03943204427881,2025-12-07,
20261008,730,670,60,rolling_horizon,holt_winters_weekly,14,705,707,3,116.0552552441,112.96040544741909,2025-12-08,
20261008,730,670,60,rolling_horizon,holt_winters_weekly,14,705,708,4,124.9869441925,131.2099649540872,2025-12-09,
20261008,730,670,60,rolling_horizon,holt_winters_weekly,14,705,709,5,133.985128528,130.49195454832022,2025-12-10,
20261008,730,670,60,rolling_horizon,holt_winters_weekly,14,705,710,6,129.1625511456,124.19364982639736,2025-12-11,
20261008,730,670,60,rolling_horizon,holt_winters_weekly,14,705,711,7,102.4427018659,107.44383547423622,2025-12-12,
20261008,730,670,60,rolling_horizon,holt_winters_weekly,14,705,712,8,97.2419952584,98.17989316328828,2025-12-13,
20261008,730,670,60,rolling_horizon,holt_winters_weekly,14,705,713,9,114.2274385444,103.3957553590484,2025-12-14,
20261008,730,670,60,rolling_horizon,holt_winters_weekly,14,705,714,10,124.6821661264,113.31672876218866,2025-12-15,
20261008,730,670,60,rolling_horizon,holt_winters_weekly,14,705,715,11,137.1927210045,131.5662882688568,2025-12-16,
20261008,730,670,60,rolling_horizon,holt_winters_weekly,14,705,716,12,136.9806933036,130.8482778630898,2025-12-17,
20261008,730,670,60,rolling_horizon,holt_winters_weekly,14,705,717,13,137.8994379973,124.54997314116694,2025-12-18,
20261008,730,670,60,rolling_horizon,holt_winters_weekly,14,705,718,14,119.7019547049,107.80015878900579,2025-12-19,
20261008,730,670,60,rolling_horizon,holt_winters_weekly,14,706,706,1,97.1541570139,102.31331970003434,2025-12-07,
20261008,730,670,60,rolling_horizon,holt_winters_weekly,14,706,707,2,116.0552552441,112.11327437913386,2025-12-08,
20261008,730,670,60,rolling_horizon,holt_winters_weekly,14,706,708,3,124.9869441925,130.24181516176122,2025-12-09,
20261008,730,670,60,rolling_horizon,holt_winters_weekly,14,706,709,4,133.985128528,129.4027860319535,2025-12-10,
20261008,730,670,60,rolling_horizon,holt_winters_weekly,14,706,710,5,129.1625511456,122.9834625859899,2025-12-11,
20261008,730,670,60,rolling_horizon,holt_winters_weekly,14,706,711,6,102.4427018659,106.11262950978801,2025-12-12,
20261008,730,670,60,rolling_horizon,holt_winters_weekly,14,706,712,7,97.2419952584,96.24359357863631,2025-12-13,
20261008,730,670,60,rolling_horizon,holt_winters_weekly,14,706,713,8,114.2274385444,101.82251194651869,2025-12-14,
20261008,730,670,60,rolling_horizon,holt_winters_weekly,14,706,714,9,124.6821661264,111.6224666256182,2025-12-15,
20261008,730,670,60,rolling_horizon,holt_winters_weekly,14,706,715,10,137.1927210045,129.75100740824558,2025-12-16,
20261008,730,670,60,rolling_horizon,holt_winters_weekly,14,706,716,11,136.9806933036,128.91197827843783,2025-12-17,
20261008,730,670,60,rolling_horizon,holt_winters_weekly,14,706,717,12,137.8994379973,122.49265483247424,2025-12-18,
20261008,730,670,60,rolling_horizon,holt_winters_weekly,14,706,718,13,119.7019547049,105.62182175627235,2025-12-19,
20261008,730,670,60,rolling_horizon,holt_winters_weekly,14,706,719,14,108.3331542232,95.75278582512067,2025-12-20,
20261008,730,670,60,rolling_horizon,holt_winters_weekly,14,707,707,1,116.0552552441,110.87507533446163,2025-12-08,
20261008,730,670,60,rolling_horizon,holt_winters_weekly,14,707,708,2,124.9869441925,128.79724960964364,2025-12-09,
20261008,730,670,60,rolling_horizon,holt_winters_weekly,14,707,709,3,133.985128528,127.75185397239053,2025-12-10,
20261008,730,670,60,rolling_horizon,holt_winters_weekly,14,707,710,4,129.1625511456,121.12616401898156,2025-12-11,
20261008,730,670,60,rolling_horizon,holt_winters_weekly,14,707,711,5,102.4427018659,104.04896443533428,2025-12-12,
20261008,730,670,60,rolling_horizon,holt_winters_weekly,14,707,712,6,97.2419952584,93.97356199673723,2025-12-13,
20261008,730,670,60,rolling_horizon,holt_winters_weekly,14,707,713,7,114.2274385444,98.52064782739274,2025-12-14,
20261008,730,670,60,rolling_horizon,holt_winters_weekly,14,707,714,8,124.6821661264,108.93970202882838,2025-12-15,
20261008,730,670,60,rolling_horizon,holt_winters_weekly,14,707,715,9,137.1927210045,126.86187630401038,2025-12-16,
20261008,730,670,60,rolling_horizon,holt_winters_weekly,14,707,716,10,136.9806933036,125.81648066675729,2025-12-17,
20261008,730,670,60,rolling_horizon,holt_winters_weekly,14,707,717,11,137.8994379973,119.1907907133483,2025-12-18,
20261008,730,670,60,rolling_horizon,holt_winters_weekly,14,707,718,12,119.7019547049,102.11359112970104,2025-12-19,
20261008,730,670,60,rolling_horizon,holt_winters_weekly,14,707,719,13,108.3331542232,92.03818869110398,2025-12-20,
20261008,730,670,60,rolling_horizon,holt_winters_weekly,14,707,720,14,108.8625518294,96.58527452175949,2025-12-21,
20261008,730,670,60,rolling_horizon,holt_winters_weekly,14,708,708,1,124.9869441925,130.04049278795685,2025-12-09,
20261008,730,670,60,rolling_horizon,holt_winters_weekly,14,708,709,2,133.985128528,129.20230434708927,2025-12-10,
20261008,730,670,60,rolling_horizon,holt_winters_weekly,14,708,710,3,129.1625511456,122.78382159006584,2025-12-11,
20261008,730,670,60,rolling_horizon,holt_winters_weekly,14,708,711,4,102.4427018659,105.91382920280411,2025-12-12,
20261008,730,670,60,rolling_horizon,holt_winters_weekly,14,708,712,5,97.2419952584,96.0456339605926,2025-12-13,
20261008,730,670,60,rolling_horizon,holt_winters_weekly,14,708,713,6,114.2274385444,100.79992698763363,2025-12-14,
20261008,730,670,60,rolling_horizon,holt_winters_weekly,14,708,714,7,124.6821661264,112.25501717099694,2025-12-15,
20261008,730,670,60,rolling_horizon,holt_winters_weekly,14,708,715,8,137.1927210045,129.55556985702236,2025-12-16,
20261008,730,670,60,rolling_horizon,holt_winters_weekly,14,708,716,9,136.9806933036,128.71738141615478,2025-12-17,
20261008,730,670,60,rolling_horizon,holt_winters_weekly,14,708,717,10,137.8994379973,122.29889865913134,2025-12-18,
20261008,730,670,60,rolling_horizon,holt_winters_weekly,14,708,718,11,119.7019547049,105.42890627186961,2025-12-19,
20261008,730,670,60,rolling_horizon,holt_winters_weekly,14,708,719,12,108.3331542232,95.56071102965808,2025-12-20,
20261008,730,670,60,rolling_horizon,holt_winters_weekly,14,708,720,13,108.8625518294,100.31500405669912,2025-12-21,
20261008,730,670,60,rolling_horizon,holt_winters_weekly,14,708,721,14,120.5254118304,111.77009424006243,2025-12-22,
20261008,730,670,60,rolling_horizon,holt_winters_weekly,14,709,709,1,133.985128528,127.98945268417964,2025-12-10,
20261008,730,670,60,rolling_horizon,holt_winters_weekly,14,709,710,2,129.1625511456,121.36882798333792,2025-12-11,
20261008,730,670,60,rolling_horizon,holt_winters_weekly,14,709,711,3,102.4427018659,104.29669365225793,2025-12-12,
20261008,730,670,60,rolling_horizon,holt_winters_weekly,14,709,712,4,97.2419952584,94.22635646622814,2025-12-13,
20261008,730,670,60,rolling_horizon,holt_winters_weekly,14,709,713,5,114.2274385444,98.7785075494509,2025-12-14,
20261008,730,670,60,rolling_horizon,holt_winters_weekly,14,709,714,6,124.6821661264,110.03145578899593,2025-12-15,
20261008,730,670,60,rolling_horizon,holt_winters_weekly,14,709,715,7,137.1927210045,126.32129875592997,2025-12-16,
20261008,730,670,60,rolling_horizon,holt_winters_weekly,14,709,716,8,136.9806933036,126.08953614651722,2025-12-17,
20261008,730,670,60,rolling_horizon,holt_winters_weekly,14,709,717,9,137.8994379973,119.46891144567552,2025-12-18,
20261008,730,670,60,rolling_horizon,holt_winters_weekly,14,709,718,10,119.7019547049,102.39677711459551,2025-12-19,
20261008,730,670,60,rolling_horizon,holt_winters_weekly,14,709,719,11,108.3331542232,92.32643992856572,2025-12-20,
20261008,730,670,60,rolling_horizon,holt_winters_weekly,14,709,720,12,108.8625518294,96.87859101178849,2025-12-21,
20261008,730,670,60,rolling_horizon,holt_winters_weekly,14,709,721,13,120.5254118304,108.13153925133352,2025-12-22,
20261008,730,670,60,rolling_horizon,holt_winters_weekly,14,709,722,14,139.3049085557,124.42138221826757,2025-12-23,
20261008,730,670,60,rolling_horizon,holt_winters_weekly,14,710,710,1,129.1625511456,122.80779018585481,2025-12-11,
20261008,730,670,60,rolling_horizon,holt_winters_weekly,14,710,711,2,102.4427018659,105.97548288852762,2025-12-12,
20261008,730,670,60,rolling_horizon,holt_winters_weekly,14,710,712,3,97.2419952584,96.14497273625065,2025-12-13,
20261008,730,670,60,rolling_horizon,holt_winters_weekly,14,710,713,4,114.2274385444,100.93695085322622,2025-12-14,
20261008,730,670,60,rolling_horizon,holt_winters_weekly,14,710,714,5,124.6821661264,112.42972612652407,2025-12-15,
20261008,730,670,60,rolling_horizon,holt_winters_weekly,14,710,715,6,137.1927210045,128.95939612721094,2025-12-16,
20261008,730,670,60,rolling_horizon,holt_winters_weekly,14,710,716,7,136.9806933036,129.92676868656224,2025-12-17,
20261008,730,670,60,rolling_horizon,holt_winters_weekly,14,710,717,8,137.8994379973,122.5866628844621,2025-12-18,
20261008,730,670,60,rolling_horizon,holt_winters_weekly,14,710,718,9,119.7019547049,105.75435558713491,2025-12-19,
20261008,730,670,60,rolling_horizon,holt_winters_weekly,14,710,719,10,108.3331542232,95.92384543485792,2025-12-20,
20261008,730,670,60,rolling_horizon,holt_winters_weekly,14,710,720,11,108.8625518294,100.71582355183351,2025-12-21,
20261008,730,670,60,rolling_horizon,holt_winters_weekly,14,710,721,12,120.5254118304,112.20859882513136,2025-12-22,
20261008,730,670,60,rolling_horizon,holt_winters_weekly,14,710,722,13,139.3049085557,128.7382688258182,2025-12-23,
20261008,730,670,60,rolling_horizon,holt_winters_weekly,14,710,723,14,143.880104289,129.70564138516954,2025-12-24,
20261008,730,670,60,rolling_horizon,holt_winters_weekly,14,711,711,1,102.4427018659,107.50062551886647,2025-12-12,
20261008,730,670,60,rolling_horizon,holt_winters_weekly,14,711,712,2,97.2419952584,97.9243058049793,2025-12-13,
20261008,730,670,60,rolling_horizon,holt_winters_weekly,14,711,713,3,114.2274385444,102.97047436034468,2025-12-14,
20261008,730,670,60,rolling_horizon,holt_winters_weekly,14,711,714,4,124.6821661264,114.71744007203233,2025-12-15,
20261008,730,670,60,rolling_horizon,holt_winters_weekly,14,711,715,5,137.1927210045,131.501300511109,2025-12-16,
20261008,730,670,60,rolling_horizon,holt_winters_weekly,14,711,716,6,136.9806933036,132.7228635088501,2025-12-17,
20261008,730,670,60,rolling_horizon,holt_winters_weekly,14,711,717,7,137.8994379973,126.653709898699,2025-12-18,
20261008,730,670,60,rolling_horizon,holt_winters_weekly,14,711,718,8,119.7019547049,109.0588312862024,2025-12-19,
20261008,730,670,60,rolling_horizon,holt_winters_weekly,14,711,719,9,108.3331542232,99.48251157231522,2025-12-20,
20261008,730,670,60,rolling_horizon,holt_winters_weekly,14,711,720,10,108.8625518294,104.52868012768062,2025-12-21,
20261008,730,670,60,rolling_horizon,holt_winters_weekly,14,711,721,11,120.5254118304,116.27564583936827,2025-12-22,
20261008,730,670,60,rolling_horizon,holt_winters_weekly,14,711,722,12,139.3049085557,133.05950627844493,2025-12-23,
20261008,730,670,60,rolling_horizon,holt_winters_weekly,14,711,723,13,143.880104289,134.28106927618606,2025-12-24,
20261008,730,670,60,rolling_horizon,holt_winters_weekly,14,711,724,14,126.2461868417,128.21191566603494,2025-12-25,
20261008,730,670,60,rolling_horizon,holt_winters_weekly,14,712,712,1,97.2419952584,96.71040412826736,2025-12-13,
20261008,730,670,60,rolling_horizon,holt_winters_weekly,14,712,713,2,114.2274385444,101.55425573751408,2025-12-14,
20261008,730,670,60,rolling_horizon,holt_winters_weekly,14,712,714,3,124.6821661264,113.09890450308309,2025-12-15,
20261008,730,670,60,rolling_horizon,holt_winters_weekly,14,712,715,4,137.1927210045,129.6804479960411,2025-12-16,
20261008,730,670,60,rolling_horizon,holt_winters_weekly,14,712,716,5,136.9806933036,130.69969404766357,2025-12-17,
20261008,730,670,60,rolling_horizon,holt_winters_weekly,14,712,717,6,137.8994379973,124.4282234913938,2025-12-18,
20261008,730,670,60,rolling_horizon,holt_winters_weekly,14,712,718,7,119.7019547049,105.8217601483039,2025-12-19,
20261008,730,670,60,rolling_horizon,holt_winters_weekly,14,712,719,8,108.3331542232,96.8523912727727,2025-12-20,
20261008,730,670,60,rolling_horizon,holt_winters_weekly,14,712,720,9,108.8625518294,101.69624288201943,2025-12-21,
20261008,730,670,60,rolling_horizon,holt_winters_weekly,14,712,721,10,120.5254118304,113.24089164758844,2025-12-22,
20261008,730,670,60,rolling_horizon,holt_winters_weekly,14,712,722,11,139.3049085557,129.82243514054645,2025-12-23,
20261008,730,670,60,rolling_horizon,holt_winters_weekly,14,712,723,12,143.880104289,130.84168119216892,2025-12-24,
20261008,730,670,60,rolling_horizon,holt_winters_weekly,14,712,724,13,126.2461868417,124.57021063589914,2025-12-25,
20261008,730,670,60,rolling_horizon,holt_winters_weekly,14,712,725,14,107.3164425454,105.96374729280923,2025-12-26,
20261008,730,670,60,rolling_horizon,holt_winters_weekly,14,713,713,1,114.2274385444,101.68183760874594,2025-12-14,
20261008,730,670,60,rolling_horizon,holt_winters_weekly,14,713,714,2,124.6821661264,113.24775001952024,2025-12-15,
20261008,730,670,60,rolling_horizon,holt_winters_weekly,14,713,715,3,137.1927210045,129.85055715768357,2025-12-16,
20261008,730,670,60,rolling_horizon,holt_winters_weekly,14,713,716,4,136.9806933036,130.89106685451134,2025-12-17,
20261008,730,670,60,rolling_horizon,holt_winters_weekly,14,713,717,5,137.8994379973,124.64085994344687,2025-12-18,
20261008,730,670,60,rolling_horizon,holt_winters_weekly,14,713,718,6,119.7019547049,106.05566024556227,2025-12-19,
20261008,730,670,60,rolling_horizon,holt_winters_weekly,14,713,719,7,108.3331542232,97.19260959605761,2025-12-20,
20261008,730,670,60,rolling_horizon,holt_winters_weekly,14,713,720,8,108.8625518294,101.97267026968842,2025-12-21,
20261008,730,670,60,rolling_horizon,holt_winters_weekly,14,713,721,9,120.5254118304,113.53858268046274,2025-12-22,
20261008,730,670,60,rolling_horizon,holt_winters_weekly,14,713,722,10,139.3049085557,130.14138981862604,2025-12-23,
20261008,730,670,60,rolling_horizon,holt_winters_weekly,14,713,723,11,143.880104289,131.18189951545384,2025-12-24,
20261008,730,670,60,rolling_horizon,holt_winters_weekly,14,713,724,12,126.2461868417,124.93169260438935,2025-12-25,
20261008,730,670,60,rolling_horizon,holt_winters_weekly,14,713,725,13,107.3164425454,106.34649290650476,2025-12-26,
20261008,730,670,60,rolling_horizon,holt_winters_weekly,14,713,726,14,118.4815108613,97.48344225700009,2025-12-27,
20261008,730,670,60,rolling_horizon,holt_winters_weekly,14,714,714,1,124.6821661264,116.25869424407725,2025-12-15,
20261008,730,670,60,rolling_horizon,holt_winters_weekly,14,714,715,2,137.1927210045,133.36332541966672,2025-12-16,
20261008,730,670,60,rolling_horizon,holt_winters_weekly,14,714,716,3,136.9806933036,134.90565915392068,2025-12-17,
20261008,730,670,60,rolling_horizon,holt_winters_weekly,14,714,717,4,137.8994379973,129.1572762802824,2025-12-18,
20261008,730,670,60,rolling_horizon,holt_winters_weekly,14,714,718,5,119.7019547049,111.07390061982395,2025-12-19,
20261008,730,670,60,rolling_horizon,holt_winters_weekly,14,714,719,6,108.3331542232,102.71267400774545,2025-12-20,
20261008,730,670,60,rolling_horizon,holt_winters_weekly,14,714,720,7,108.8625518294,110.00185486850708,2025-12-21,
20261008,730,670,60,rolling_horizon,holt_winters_weekly,14,714,721,8,120.5254118304,120.06229516700292,2025-12-22,
20261008,730,670,60,rolling_horizon,holt_winters_weekly,14,714,722,9,139.3049085557,137.1669263425924,2025-12-23,
20261008,730,670,60,rolling_horizon,holt_winters_weekly,14,714,723,10,143.880104289,138.70926007684633,2025-12-24,
20261008,730,670,60,rolling_horizon,holt_winters_weekly,14,714,724,11,126.2461868417,132.96087720320804,2025-12-25,
20261008,730,670,60,rolling_horizon,holt_winters_weekly,14,714,725,12,107.3164425454,114.87750154274961,2025-12-26,
20261008,730,670,60,rolling_horizon,holt_winters_weekly,14,714,726,13,118.4815108613,106.51627493067112,2025-12-27,
20261008,730,670,60,rolling_horizon,holt_winters_weekly,14,714,727,14,115.7158276032,113.80545579143275,2025-12-28,
20261008,730,670,60,rolling_horizon,holt_winters_weekly,14,715,715,1,137.1927210045,135.3849586714242,2025-12-16,
20261008,730,670,60,rolling_horizon,holt_winters_weekly,14,715,716,2,136.9806933036,137.26423128097105,2025-12-17,
20261008,730,670,60,rolling_horizon,holt_winters_weekly,14,715,717,3,137.8994379973,131.85278728262566,2025-12-18,
20261008,730,670,60,rolling_horizon,holt_winters_weekly,14,715,718,4,119.7019547049,114.10635049746013,2025-12-19,
20261008,730,670,60,rolling_horizon,holt_winters_weekly,14,715,719,5,108.3331542232,106.08206276067455,2025-12-20,
20261008,730,670,60,rolling_horizon,holt_winters_weekly,14,715,720,6,108.8625518294,113.7081824967291,2025-12-21,
20261008,730,670,60,rolling_horizon,holt_winters_weekly,14,715,721,7,120.5254118304,125.45331717168948,2025-12-22,
20261008,730,670,60,rolling_horizon,holt_winters_weekly,14,715,722,8,139.3049085557,141.54713172140023,2025-12-23,
20261008,730,670,60,rolling_horizon,holt_winters_weekly,14,715,723,9,143.880104289,143.4264043309471,2025-12-24,
20261008,730,670,60,rolling_horizon,holt_winters_weekly,14,715,724,10,126.2461868417,138.0149603326017,2025-12-25,
20261008,730,670,60,rolling_horizon,holt_winters_weekly,14,715,725,11,107.3164425454,120.26852354743617,2025-12-26,
20261008,730,670,60,rolling_horizon,holt_winters_weekly,14,715,726,12,118.4815108613,112.2442358106506,2025-12-27,
20261008,730,670,60,rolling_horizon,holt_winters_weekly,14,715,727,13,115.7158276032,119.87035554670514,2025-12-28,
20261008,730,670,60,rolling_horizon,holt_winters_weekly,14,715,728,14,127.5141535018,131.6154902216655,2025-12-29,
20261008,730,670,60,rolling_horizon,holt_winters_weekly,14,716,716,1,136.9806933036,137.69809424090926,2025-12-17,
20261008,730,670,60,rolling_horizon,holt_winters_weekly,14,716,717,2,137.8994379973,132.3589607358869,2025-12-18,
20261008,730,670,60,rolling_horizon,holt_winters_weekly,14,716,718,3,119.7019547049,114.68483444404441,2025-12-19,
20261008,730,670,60,rolling_horizon,holt_winters_weekly,14,716,719,4,108.3331542232,106.73285720058186,2025-12-20,
20261008,730,670,60,rolling_horizon,holt_winters_weekly,14,716,720,5,108.8625518294,114.43128742995943,2025-12-21,
20261008,730,670,60,rolling_horizon,holt_winters_weekly,14,716,721,6,120.5254118304,126.24873259824285,2025-12-22,
20261008,730,670,60,rolling_horizon,holt_winters_weekly,14,716,722,7,139.3049085557,142.70409961456875,2025-12-23,
20261008,730,670,60,rolling_horizon,holt_winters_weekly,14,716,723,8,143.880104289,144.36644074414653,2025-12-24,
20261008,730,670,60,rolling_horizon,holt_winters_weekly,14,716,724,9,126.2461868417,139.02730723912418,2025-12-25,
20261008,730,670,60,rolling_horizon,holt_winters_weekly,14,716,725,10,107.3164425454,121.3531809472817,2025-12-26,
20261008,730,670,60,rolling_horizon,holt_winters_weekly,14,716,726,11,118.4815108613,113.40120370381914,2025-12-27,
20261008,730,670,60,rolling_horizon,holt_winters_weekly,14,716,727,12,115.7158276032,121.0996339331967,2025-12-28,
20261008,730,670,60,rolling_horizon,holt_winters_weekly,14,716,728,13,127.5141535018,132.91707910148014,2025-12-29,
20261008,730,670,60,rolling_horizon,holt_winters_weekly,14,716,729,14,135.9980120378,149.37244611780602,2025-12-30,
20261008,730,670,60,rolling_horizon,seasonal_linear_regression,14,670,670,1,93.6787814212,86.84672073580487,2025-11-01,
20261008,730,670,60,rolling_horizon,seasonal_linear_regression,14,670,671,2,88.2360415032,91.73558625859096,2025-11-02,
20261008,730,670,60,rolling_horizon,seasonal_linear_regression,14,670,672,3,105.9545255841,102.8483693792673,2025-11-03,
20261008,730,670,60,rolling_horizon,seasonal_linear_regression,14,670,673,4,119.7326428272,120.85903778406964,2025-11-04,
20261008,730,670,60,rolling_horizon,seasonal_linear_regression,14,670,674,5,122.247387964,122.64208568306594,2025-11-05,
20261008,730,670,60,rolling_horizon,seasonal_linear_regression,14,670,675,6,111.0550970756,114.1263220169626,2025-11-06,
20261008,730,670,60,rolling_horizon,seasonal_linear_regression,14,670,676,7,102.903983799,100.00373114048443,2025-11-07,
20261008,730,670,60,rolling_horizon,seasonal_linear_regression,14,670,677,8,85.6239730153,88.66157457798272,2025-11-08,
20261008,730,670,60,rolling_horizon,seasonal_linear_regression,14,670,678,9,88.7840059698,94.12603178683275,2025-11-09,
20261008,730,670,60,rolling_horizon,seasonal_linear_regression,14,670,679,10,105.4360307607,106.02141571317725,2025-11-10,
20261008,730,670,60,rolling_horizon,seasonal_linear_regression,14,670,680,11,130.1261804302,121.04339299335061,2025-11-11,
20261008,730,670,60,rolling_horizon,seasonal_linear_regression,14,670,681,12,120.2341328764,125.11628152932917,2025-11-12,
20261008,730,670,60,rolling_horizon,seasonal_linear_regression,14,670,682,13,116.4643974318,116.20754955673192,2025-11-13,
20261008,730,670,60,rolling_horizon,seasonal_linear_regression,14,670,683,14,91.643990521,101.80114088076925,2025-11-14,
20261008,730,670,60,rolling_horizon,seasonal_linear_regression,14,671,671,1,88.2360415032,91.92253821889881,2025-11-02,
20261008,730,670,60,rolling_horizon,seasonal_linear_regression,14,671,672,2,105.9545255841,103.09012281519017,2025-11-03,
20261008,730,670,60,rolling_horizon,seasonal_linear_regression,14,671,673,3,119.7326428272,121.05143329341126,2025-11-04,
20261008,730,670,60,rolling_horizon,seasonal_linear_regression,14,671,674,4,122.247387964,122.90108871512393,2025-11-05,
20261008,730,670,60,rolling_horizon,seasonal_linear_regression,14,671,675,5,111.0550970756,114.38705573354673,2025-11-06,
20261008,730,670,60,rolling_horizon,seasonal_linear_regression,14,671,676,6,102.903983799,100.2655208021556,2025-11-07,
20261008,730,670,60,rolling_horizon,seasonal_linear_regression,14,671,677,7,85.6239730153,89.03711755640506,2025-11-08,
20261008,730,670,60,rolling_horizon,seasonal_linear_regression,14,671,678,8,88.7840059698,94.25148189316451,2025-11-09,
20261008,730,670,60,rolling_horizon,seasonal_linear_regression,14,671,679,9,105.4360307607,106.13621533675905,2025-11-10,
20261008,730,670,60,rolling_horizon,seasonal_linear_regression,14,671,680,10,130.1261804302,121.19343941926445,2025-11-11,
20261008,730,670,60,rolling_horizon,seasonal_linear_regression,14,671,681,11,120.2341328764,125.23497031303987,2025-11-12,
20261008,730,670,60,rolling_horizon,seasonal_linear_regression,14,671,682,12,116.4643974318,116.34530089771988,2025-11-13,
20261008,730,670,60,rolling_horizon,seasonal_linear_regression,14,671,683,13,91.643990521,101.94244990540801,2025-11-14,
20261008,730,670,60,rolling_horizon,seasonal_linear_regression,14,671,684,14,98.2022208221,92.12233114703258,2025-11-15,
20261008,730,670,60,rolling_horizon,seasonal_linear_regression,14,672,672,1,105.9545255841,103.05301964834098,2025-11-03,
20261008,730,670,60,rolling_horizon,seasonal_linear_regression,14,672,673,2,119.7326428272,120.89534352891133,2025-11-04,
20261008,730,670,60,rolling_horizon,seasonal_linear_regression,14,672,674,3,122.247387964,122.78112760141812,2025-11-05,
20261008,730,670,60,rolling_horizon,seasonal_linear_regression,14,672,675,4,111.0550970756,114.28562417193643,2025-11-06,
20261008,730,670,60,rolling_horizon,seasonal_linear_regression,14,672,676,5,102.903983799,100.15763641397598,2025-11-07,
20261008,730,670,60,rolling_horizon,seasonal_linear_regression,14,672,677,6,85.6239730153,88.90434295600744,2025-11-08,
20261008,730,670,60,rolling_horizon,seasonal_linear_regression,14,672,678,7,88.7840059698,94.03827225370287,2025-11-09,
20261008,730,670,60,rolling_horizon,seasonal_linear_regression,14,672,679,8,105.4360307607,106.09040347614973,2025-11-10,
20261008,730,670,60,rolling_horizon,seasonal_linear_regression,14,672,680,9,130.1261804302,121.12688245161735,2025-11-11,
20261008,730,670,60,rolling_horizon,seasonal_linear_regression,14,672,681,10,120.2341328764,125.1742830039284,2025-11-12,
20261008,730,670,60,rolling_horizon,seasonal_linear_regression,14,672,682,11,116.4643974318,116.3135538222391,2025-11-13,
20261008,730,670,60,rolling_horizon,seasonal_linear_regression,14,672,683,12,91.643990521,101.89273168365071,2025-11-14,
20261008,730,670,60,rolling_horizon,seasonal_linear_regression,14,672,684,13,98.2022208221,92.03064448482655,2025-11-15,
20261008,730,670,60,rolling_horizon,seasonal_linear_regression,14,672,685,14,100.9062127562,95.27498414644151,2025-11-16,
20261008,730,670,60,rolling_horizon,seasonal_linear_regression,14,673,673,1,119.7326428272,120.88454113016087,2025-11-04,
20261008,730,670,60,rolling_horizon,seasonal_linear_regression,14,673,674,2,122.247387964,122.89331304771576,2025-11-05,
20261008,730,670,60,rolling_horizon,seasonal_linear_regression,14,673,675,3,111.0550970756,114.41951640744355,2025-11-06,
20261008,730,670,60,rolling_horizon,seasonal_linear_regression,14,673,676,4,102.903983799,100.2591202312542,2025-11-07,
20261008,730,670,60,rolling_horizon,seasonal_linear_regression,14,673,677,5,85.6239730153,89.01116122956773,2025-11-08,
20261008,730,670,60,rolling_horizon,seasonal_linear_regression,14,673,678,6,88.7840059698,94.12110968067418,2025-11-09,
20261008,730,670,60,rolling_horizon,seasonal_linear_regression,14,673,679,7,105.4360307607,106.24854679836744,2025-11-10,
20261008,730,670,60,rolling_horizon,seasonal_linear_regression,14,673,680,8,130.1261804302,121.19696783423115,2025-11-11,
20261008,730,670,60,rolling_horizon,seasonal_linear_regression,14,673,681,9,120.2341328764,125.21575215206576,2025-11-12,
20261008,730,670,60,rolling_horizon,seasonal_linear_regression,14,673,682,10,116.4643974318,116.40789508304943,2025-11-13,
20261008,730,670,60,rolling_horizon,seasonal_linear_regression,14,673,683,11,91.643990521,101.96391182407797,2025-11-14,
20261008,730,670,60,rolling_horizon,seasonal_linear_regression,14,673,684,12,98.2022208221,92.07790531019828,2025-11-15,
20261008,730,670,60,rolling_horizon,seasonal_linear_regression,14,673,685,13,100.9062127562,95.3509261049503,2025-11-16,
20261008,730,670,60,rolling_horizon,seasonal_linear_regression,14,673,686,14,106.053250609,109.58972085442792,2025-11-17,
20261008,730,670,60,rolling_horizon,seasonal_linear_regression,14,674,674,1,122.247387964,122.8781103312349,2025-11-05,
20261008,730,670,60,rolling_horizon,seasonal_linear_regression,14,674,675,2,111.0550970756,114.39961368877948,2025-11-06,
20261008,730,670,60,rolling_horizon,seasonal_linear_regression,14,674,676,3,102.903983799,100.22772378690343,2025-11-07,
20261008,730,670,60,rolling_horizon,seasonal_linear_regression,14,674,677,4,85.6239730153,88.96975323775223,2025-11-08,
20261008,730,670,60,rolling_horizon,seasonal_linear_regression,14,674,678,5,88.7840059698,94.08287937046225,2025-11-09,
20261008,730,670,60,rolling_horizon,seasonal_linear_regression,14,674,679,6,105.4360307607,106.20493327117947,2025-11-10,
20261008,730,670,60,rolling_horizon,seasonal_linear_regression,14,674,680,7,130.1261804302,121.16174754238409,2025-11-11,
20261008,730,670,60,rolling_horizon,seasonal_linear_regression,14,674,681,8,120.2341328764,125.19163383885461,2025-11-12,
20261008,730,670,60,rolling_horizon,seasonal_linear_regression,14,674,682,9,116.4643974318,116.39992334254976,2025-11-13,
20261008,730,670,60,rolling_horizon,seasonal_linear_regression,14,674,683,10,91.643990521,101.9453598229752,2025-11-14,
20261008,730,670,60,rolling_horizon,seasonal_linear_regression,14,674,684,11,98.2022208221,92.06146151613439,2025-11-15,
20261008,730,670,60,rolling_horizon,seasonal_linear_regression,14,674,685,12,100.9062127562,95.3327047626426,2025-11-16,
20261008,730,670,60,rolling_horizon,seasonal_linear_regression,14,674,686,13,106.053250609,109.56726035758538,2025-11-17,
20261008,730,670,60,rolling_horizon,seasonal_linear_regression,14,674,687,14,116.1333607552,125.05258585379443,2025-11-18,
20261008,730,670,60,rolling_horizon,seasonal_linear_regression,14,675,675,1,111.0550970756,114.38208774106624,2025-11-06,
20261008,730,670,60,rolling_horizon,seasonal_linear_regression,14,675,676,2,102.903983799,100.20453829561029,2025-11-07,
20261008,730,670,60,rolling_horizon,seasonal_linear_regression,14,675,677,3,85.6239730153,88.95361402565595,2025-11-08,
20261008,730,670,60,rolling_horizon,seasonal_linear_regression,14,675,678,4,88.7840059698,94.05936993610067,2025-11-09,
20261008,730,670,60,rolling_horizon,seasonal_linear_regression,14,675,679,5,105.4360307607,106.1862149148933,2025-11-10,
20261008,730,670,60,rolling_horizon,seasonal_linear_regression,14,675,680,6,130.1261804302,121.13764100431717,2025-11-11,
20261008,730,670,60,rolling_horizon,seasonal_linear_regression,14,675,681,7,120.2341328764,125.16445844916097,2025-11-12,
20261008,730,670,60,rolling_horizon,seasonal_linear_regression,14,675,682,8,116.4643974318,116.38958564863242,2025-11-13,
20261008,730,670,60,rolling_horizon,seasonal_linear_regression,14,675,683,9,91.643990521,101.93633756282361,2025-11-14,
20261008,730,670,60,rolling_horizon,seasonal_linear_regression,14,675,684,10,98.2022208221,92.05092437671419,2025-11-15,
20261008,730,670,60,rolling_horizon,seasonal_linear_regression,14,675,685,11,100.9062127562,95.32371328084037,2025-11-16,
20261008,730,670,60,rolling_horizon,seasonal_linear_regression,14,675,686,12,106.053250609,109.55660907562333,2025-11-17,
20261008,730,670,60,rolling_horizon,seasonal_linear_regression,14,675,687,13,116.1333607552,125.04127449845919,2025-11-18,
20261008,730,670,60,rolling_horizon,seasonal_linear_regression,14,675,688,14,131.4291834004,127.23218510561765,2025-11-19,
20261008,730,670,60,rolling_horizon,seasonal_linear_regression,14,676,676,1,102.903983799,100.12899990328606,2025-11-07,
20261008,730,670,60,rolling_horizon,seasonal_linear_regression,14,676,677,2,85.6239730153,88.85416376757121,2025-11-08,
20261008,730,670,60,rolling_horizon,seasonal_linear_regression,14,676,678,3,88.7840059698,93.96324954822148,2025-11-09,
20261008,730,670,60,rolling_horizon,seasonal_linear_regression,14,676,679,4,105.4360307607,106.08317777833918,2025-11-10,
20261008,730,670,60,rolling_horizon,seasonal_linear_regression,14,676,680,5,130.1261804302,121.01034276023802,2025-11-11,
20261008,730,670,60,rolling_horizon,seasonal_linear_regression,14,676,681,6,120.2341328764,125.06571630292365,2025-11-12,
20261008,730,670,60,rolling_horizon,seasonal_linear_regression,14,676,682,7,116.4643974318,116.21856503607205,2025-11-13,
20261008,730,670,60,rolling_horizon,seasonal_linear_regression,14,676,683,8,91.643990521,101.89046067693516,2025-11-14,
20261008,730,670,60,rolling_horizon,seasonal_linear_regression,14,676,684,9,98.2022208221,92.00833110321628,2025-11-15,
20261008,730,670,60,rolling_horizon,seasonal_linear_regression,14,676,685,10,100.9062127562,95.27132628135541,2025-11-16,
20261008,730,670,60,rolling_horizon,seasonal_linear_regression,14,676,686,11,106.053250609,109.51416862583255,2025-11-17,
20261008,730,670,60,rolling_horizon,seasonal_linear_regression,14,676,687,12,116.1333607552,125.00977685112002,2025-11-18,
20261008,730,670,60,rolling_horizon,seasonal_linear_regression,14,676,688,13,131.4291834004,127.18728179293839,2025-11-19,
20261008,730,670,60,rolling_horizon,seasonal_linear_regression,14,676,689,14,117.2375226637,118.1791382369347,2025-11-20,
20261008,730,670,60,rolling_horizon,seasonal_linear_regression,14,677,677,1,85.6239730153,88.88000448298408,2025-11-08,
20261008,730,670,60,rolling_horizon,seasonal_linear_regression,14,677,678,2,88.7840059698,94.05197064767799,2025-11-09,
20261008,730,670,60,rolling_horizon,seasonal_linear_regression,14,677,679,3,105.4360307607,106.1474901910251,2025-11-10,
20261008,730,670,60,rolling_horizon,seasonal_linear_regression,14,677,680,4,130.1261804302,121.07205902387341,2025-11-11,
20261008,730,670,60,rolling_horizon,seasonal_linear_regression,14,677,681,5,120.2341328764,125.14548923459188,2025-11-12,
20261008,730,670,60,rolling_horizon,seasonal_linear_regression,14,677,682,6,116.4643974318,116.32158395586748,2025-11-13,
20261008,730,670,60,rolling_horizon,seasonal_linear_regression,14,677,683,7,91.643990521,102.01227884327909,2025-11-14,
20261008,730,670,60,rolling_horizon,seasonal_linear_regression,14,677,684,8,98.2022208221,92.01917225033276,2025-11-15,
20261008,730,670,60,rolling_horizon,seasonal_linear_regression,14,677,685,9,100.9062127562,95.28791454851262,2025-11-16,
20261008,730,670,60,rolling_horizon,seasonal_linear_regression,14,677,686,10,106.053250609,109.54110710117675,2025-11-17,
20261008,730,670,60,rolling_horizon,seasonal_linear_regression,14,677,687,11,116.1333607552,125.04778481138828,2025-11-18,
20261008,730,670,60,rolling_horizon,seasonal_linear_regression,14,677,688,12,131.4291834004,127.20267238622318,2025-11-19,
20261008,730,670,60,rolling_horizon,seasonal_linear_regression,14,677,689,13,117.2375226637,118.21003888523819,2025-11-20,
20261008,730,670,60,rolling_horizon,seasonal_linear_regression,14,677,690,14,104.4585069656,103.6459984802882,2025-11-21,
20261008,730,670,60,rolling_horizon,seasonal_linear_regression,14,678,678,1,88.7840059698,94.0200755898577,2025-11-09,
20261008,730,670,60,rolling_horizon,seasonal_linear_regression,14,678,679,2,105.4360307607,106.02535109594191,2025-11-10,
20261008,730,670,60,rolling_horizon,seasonal_linear_regression,14,678,680,3,130.1261804302,120.97295088847977,2025-11-11,
20261008,730,670,60,rolling_horizon,seasonal_linear_regression,14,678,681,4,120.2341328764,125.0474206578233,2025-11-12,
20261008,730,670,60,rolling_horizon,seasonal_linear_regression,14,678,682,5,116.4643974318,116.23080147611608,2025-11-13,
20261008,730,670,60,rolling_horizon,seasonal_linear_regression,14,678,683,6,91.643990521,101.89724066473991,2025-11-14,
20261008,730,670,60,rolling_horizon,seasonal_linear_regression,14,678,684,7,98.2022208221,91.88958436471376,2025-11-15,
20261008,730,670,60,rolling_horizon,seasonal_linear_regression,14,678,685,8,100.9062127562,95.23329234639868,2025-11-16,
20261008,730,670,60,rolling_horizon,seasonal_linear_regression,14,678,686,9,106.053250609,109.51077123531104,2025-11-17,
20261008,730,670,60,rolling_horizon,seasonal_linear_regression,14,678,687,10,116.1333607552,125.02904685817111,2025-11-18,
20261008,730,670,60,rolling_horizon,seasonal_linear_regression,14,678,688,11,131.4291834004,127.15532433330009,2025-11-19,
20261008,730,670,60,rolling_horizon,seasonal_linear_regression,14,678,689,12,117.2375226637,118.16386520482092,2025-11-20,
20261008,730,670,60,rolling_horizon,seasonal_linear_regression,14,678,690,13,104.4585069656,103.61515305121111,2025-11-21,
20261008,730,670,60,rolling_horizon,seasonal_linear_regression,14,678,691,14,101.0512216839,92.82335853543555,2025-11-22,
20261008,730,670,60,rolling_horizon,seasonal_linear_regression,14,679,679,1,105.4360307607,105.95348643479474,2025-11-10,
20261008,730,670,60,rolling_horizon,seasonal_linear_regression,14,679,680,2,130.1261804302,120.82780688180355,2025-11-11,
20261008,730,670,60,rolling_horizon,seasonal_linear_regression,14,679,681,3,120.2341328764,124.9003524269142,2025-11-12,
20261008,730,670,60,rolling_horizon,seasonal_linear_regression,14,679,682,4,116.4643974318,116.11593386857112,2025-11-13,
20261008,730,670,60,rolling_horizon,seasonal_linear_regression,14,679,683,5,91.643990521,101.7751304001099,2025-11-14,
20261008,730,670,60,rolling_horizon,seasonal_linear_regression,14,679,684,6,98.2022208221,91.70231191271023,2025-11-15,
20261008,730,670,60,rolling_horizon,seasonal_linear_regression,14,679,685,7,100.9062127562,95.05367483474356,2025-11-16,
20261008,730,670,60,rolling_horizon,seasonal_linear_regression,14,679,686,8,106.053250609,109.4623010066307,2025-11-17,
20261008,730,670,60,rolling_horizon,seasonal_linear_regression,14,679,687,9,116.1333607552,124.95274385296216,2025-11-18,
20261008,730,670,60,rolling_horizon,seasonal_linear_regression,14,679,688,10,131.4291834004,127.10257324341637,2025-11-19,
20261008,730,670,60,rolling_horizon,seasonal_linear_regression,14,679,689,11,117.2375226637,118.14171059949786,2025-11-20,
20261008,730,670,60,rolling_horizon,seasonal_linear_regression,14,679,690,12,104.4585069656,103.55582576759707,2025-11-21,
20261008,730,670,60,rolling_horizon,seasonal_linear_regression,14,679,691,13,101.0512216839,92.8014203372727,2025-11-22,
20261008,730,670,60,rolling_horizon,seasonal_linear_regression,14,679,692,14,106.7080803311,97.22908005036152,2025-11-23,
20261008,730,670,60,rolling_horizon,seasonal_linear_regression,14,680,680,1,130.1261804302,120.8208626798696,2025-11-11,
20261008,730,670,60,rolling_horizon,seasonal_linear_regression,14,680,681,2,120.2341328764,124.88139314837417,2025-11-12,
20261008,730,670,60,rolling_horizon,seasonal_linear_regression,14,680,682,3,116.4643974318,116.10102217188069,2025-11-13,
20261008,730,670,60,rolling_horizon,seasonal_linear_regression,14,680,683,4,91.643990521,101.7576627286171,2025-11-14,
20261008,730,670,60,rolling_horizon,seasonal_linear_regression,14,680,684,5,98.2022208221,91.68810094008495,2025-11-15,
20261008,730,670,60,rolling_horizon,seasonal_linear_regression,14,680,685,6,100.9062127562,95.03517496434142,2025-11-16,
20261008,730,670,60,rolling_horizon,seasonal_linear_regression,14,680,686,7,106.053250609,109.44166283461846,2025-11-17,
20261008,730,670,60,rolling_horizon,seasonal_linear_regression,14,680,687,8,116.1333607552,124.94932101852191,2025-11-18,
20261008,730,670,60,rolling_horizon,seasonal_linear_regression,14,680,688,9,131.4291834004,127.09528790781769,2025-11-19,
20261008,730,670,60,rolling_horizon,seasonal_linear_regression,14,680,689,10,117.2375226637,118.13425863931934,2025-11-20,
20261008,730,670,60,rolling_horizon,seasonal_linear_regression,14,680,690,11,104.4585069656,103.55213921740096,2025-11-21,
20261008,730,670,60,rolling_horizon,seasonal_linear_regression,14,680,691,12,101.0512216839,92.79524598723947,2025-11-22,
20261008,730,670,60,rolling_horizon,seasonal_linear_regression,14,680,692,13,106.7080803311,97.2193082768872,2025-11-23,
20261008,730,670,60,rolling_horizon,seasonal_linear_regression,14,680,693,14,104.8566719454,112.21127355103636,2025-11-24,
20261008,730,670,60,rolling_horizon,seasonal_linear_regression,14,681,681,1,120.2341328764,124.97838508601035,2025-11-12,
20261008,730,670,60,rolling_horizon,seasonal_linear_regression,14,681,682,2,116.4643974318,116.32048140059851,2025-11-13,
20261008,730,670,60,rolling_horizon,seasonal_linear_regression,14,681,683,3,91.643990521,101.96204161137484,2025-11-14,
20261008,730,670,60,rolling_horizon,seasonal_linear_regression,14,681,684,4,98.2022208221,92.02585941720372,2025-11-15,
20261008,730,670,60,rolling_horizon,seasonal_linear_regression,14,681,685,5,100.9062127562,95.29244841004629,2025-11-16,
20261008,730,670,60,rolling_horizon,seasonal_linear_regression,14,681,686,6,106.053250609,109.69649918898267,2025-11-17,
20261008,730,670,60,rolling_horizon,seasonal_linear_regression,14,681,687,7,116.1333607552,125.25182302968506,2025-11-18,
20261008,730,670,60,rolling_horizon,seasonal_linear_regression,14,681,688,8,131.4291834004,127.16911082035631,2025-11-19,
20261008,730,670,60,rolling_horizon,seasonal_linear_regression,14,681,689,9,117.2375226637,118.20352251290797,2025-11-20,
20261008,730,670,60,rolling_horizon,seasonal_linear_regression,14,681,690,10,104.4585069656,103.68640718403913,2025-11-21,
20261008,730,670,60,rolling_horizon,seasonal_linear_regression,14,681,691,11,101.0512216839,92.87879220840205,2025-11-22,
20261008,730,670,60,rolling_horizon,seasonal_linear_regression,14,681,692,12,106.7080803311,97.3352893181841,2025-11-23,
20261008,730,670,60,rolling_horizon,seasonal_linear_regression,14,681,693,13,104.8566719454,112.26918016884338,2025-11-24,
20261008,730,670,60,rolling_horizon,seasonal_linear_regression,14,681,694,14,141.7294464397,126.97994223883961,2025-11-25,
20261008,730,670,60,rolling_horizon,seasonal_linear_regression,14,682,682,1,116.4643974318,116.26848395496245,2025-11-13,
20261008,730,670,60,rolling_horizon,seasonal_linear_regression,14,682,683,2,91.643990521,101.84206263353099,2025-11-14,
20261008,730,670,60,rolling_horizon,seasonal_linear_regression,14,682,684,3,98.2022208221,91.92015017003541,2025-11-15,
20261008,730,670,60,rolling_horizon,seasonal_linear_regression,14,682,685,4,100.9062127562,95.15310942212,2025-11-16,
20261008,730,670,60,rolling_horizon,seasonal_linear_regression,14,682,686,5,106.053250609,109.5752571321882,2025-11-17,
20261008,730,670,60,rolling_horizon,seasonal_linear_regression,14,682,687,6,116.1333607552,125.10782554603384,2025-11-18,
20261008,730,670,60,rolling_horizon,seasonal_linear_regression,14,682,688,7,131.4291834004,126.94746931548207,2025-11-19,
20261008,730,670,60,rolling_horizon,seasonal_linear_regression,14,682,689,8,117.2375226637,118.1465682870471,2025-11-20,
20261008,730,670,60,rolling_horizon,seasonal_linear_regression,14,682,690,9,104.4585069656,103.65230227833763,2025-11-21,
20261008,730,670,60,rolling_horizon,seasonal_linear_regression,14,682,691,10,101.0512216839,92.82342320537919,2025-11-22,
20261008,730,670,60,rolling_horizon,seasonal_linear_regression,14,682,692,11,106.7080803311,97.26490728759836,2025-11-23,
20261008,730,670,60,rolling_horizon,seasonal_linear_regression,14,682,693,12,104.8566719454,112.20839644391208,2025-11-24,
20261008,730,670,60,rolling_horizon,seasonal_linear_regression,14,682,694,13,141.7294464397,126.92077680528018,2025-11-25,
20261008,730,670,60,rolling_horizon,seasonal_linear_regression,14,682,695,14,130.7468418113,130.20510739695828,2025-11-26,
20261008,730,670,60,rolling_horizon,seasonal_linear_regression,14,683,683,1,91.643990521,101.84516710195794,2025-11-14,
20261008,730,670,60,rolling_horizon,seasonal_linear_regression,14,683,684,2,98.2022208221,91.9230662210457,2025-11-15,
20261008,730,670,60,rolling_horizon,seasonal_linear_regression,14,683,685,3,100.9062127562,95.15870846050848,2025-11-16,
20261008,730,670,60,rolling_horizon,seasonal_linear_regression,14,683,686,4,106.053250609,109.57930581199389,2025-11-17,
20261008,730,670,60,rolling_horizon,seasonal_linear_regression,14,683,687,5,116.1333607552,125.1106151987733,2025-11-18,
20261008,730,670,60,rolling_horizon,seasonal_linear_regression,14,683,688,6,131.4291834004,126.95190799088004,2025-11-19,
20261008,730,670,60,rolling_horizon,seasonal_linear_regression,14,683,689,7,117.2375226637,118.15546875408108,2025-11-20,
20261008,730,670,60,rolling_horizon,seasonal_linear_regression,14,683,690,8,104.4585069656,103.65311821829619,2025-11-21,
20261008,730,670,60,rolling_horizon,seasonal_linear_regression,14,683,691,9,101.0512216839,92.8271888825775,2025-11-22,
20261008,730,670,60,rolling_horizon,seasonal_linear_regression,14,683,692,10,106.7080803311,97.26764293616588,2025-11-23,
20261008,730,670,60,rolling_horizon,seasonal_linear_regression,14,683,693,11,104.8566719454,112.21056840142592,2025-11-24,
20261008,730,670,60,rolling_horizon,seasonal_linear_regression,14,683,694,12,141.7294464397,126.91985632345359,2025-11-25,
20261008,730,670,60,rolling_horizon,seasonal_linear_regression,14,683,695,13,130.7468418113,130.2076879776664,2025-11-26,
20261008,730,670,60,rolling_horizon,seasonal_linear_regression,14,683,696,14,128.4356754052,121.67240235664576,2025-11-27,
20261008,730,670,60,rolling_horizon,seasonal_linear_regression,14,684,684,1,98.2022208221,91.90160362081906,2025-11-15,
20261008,730,670,60,rolling_horizon,seasonal_linear_regression,14,684,685,2,100.9062127562,94.89778545846957,2025-11-16,
20261008,730,670,60,rolling_horizon,seasonal_linear_regression,14,684,686,3,106.053250609,109.36268462851694,2025-11-17,
20261008,730,670,60,rolling_horizon,seasonal_linear_regression,14,684,687,4,116.1333607552,124.84468948574022,2025-11-18,
20261008,730,670,60,rolling_horizon,seasonal_linear_regression,14,684,688,5,131.4291834004,126.73337720222571,2025-11-19,
20261008,730,670,60,rolling_horizon,seasonal_linear_regression,14,684,689,6,117.2375226637,117.84825300499688,2025-11-20,
20261008,730,670,60,rolling_horizon,seasonal_linear_regression,14,684,690,7,104.4585069656,103.35462137297691,2025-11-21,
20261008,730,670,60,rolling_horizon,seasonal_linear_regression,14,684,691,8,101.0512216839,92.72333159603022,2025-11-22,
20261008,730,670,60,rolling_horizon,seasonal_linear_regression,14,684,692,9,106.7080803311,97.17095235618126,2025-11-23,
20261008,730,670,60,rolling_horizon,seasonal_linear_regression,14,684,693,10,104.8566719454,112.12921091256794,2025-11-24,
20261008,730,670,60,rolling_horizon,seasonal_linear_regression,14,684,694,11,141.7294464397,126.93270656930054,2025-11-25,
20261008,730,670,60,rolling_horizon,seasonal_linear_regression,14,684,695,12,130.7468418113,130.10632869783603,2025-11-26,
20261008,730,670,60,rolling_horizon,seasonal_linear_regression,14,684,696,13,128.4356754052,121.55431247614752,2025-11-27,
20261008,730,670,60,rolling_horizon,seasonal_linear_regression,14,684,697,14,106.0560514778,106.24283889002572,2025-11-28,
20261008,730,670,60,rolling_horizon,seasonal_linear_regression,14,685,685,1,100.9062127562,94.90845525957684,2025-11-16,
20261008,730,670,60,rolling_horizon,seasonal_linear_regression,14,685,686,2,106.053250609,109.53993571201181,2025-11-17,
20261008,730,670,60,rolling_horizon,seasonal_linear_regression,14,685,687,3,116.1333607552,124.98829392063226,2025-11-18,
20261008,730,670,60,rolling_horizon,seasonal_linear_regression,14,685,688,4,131.4291834004,126.92768736749258,2025-11-19,
20261008,730,670,60,rolling_horizon,seasonal_linear_regression,14,685,689,5,117.2375226637,117.98180981802125,2025-11-20,
20261008,730,670,60,rolling_horizon,seasonal_linear_regression,14,685,690,6,104.4585069656,103.57017751789772,2025-11-21,
20261008,730,670,60,rolling_horizon,seasonal_linear_regression,14,685,691,7,101.0512216839,92.84751445763914,2025-11-22,
20261008,730,670,60,rolling_horizon,seasonal_linear_regression,14,685,692,8,106.7080803311,97.18028453128181,2025-11-23,
20261008,730,670,60,rolling_horizon,seasonal_linear_regression,14,685,693,9,104.8566719454,112.14042671939978,2025-11-24,
20261008,730,670,60,rolling_horizon,seasonal_linear_regression,14,685,694,10,141.7294464397,127.0620063141887,2025-11-25,
20261008,730,670,60,rolling_horizon,seasonal_linear_regression,14,685,695,11,130.7468418113,130.11688081337434,2025-11-26,
20261008,730,670,60,rolling_horizon,seasonal_linear_regression,14,685,696,12,128.4356754052,121.57112705034297,2025-11-27,
20261008,730,670,60,rolling_horizon,seasonal_linear_regression,14,685,697,13,106.0560514778,106.22042339589052,2025-11-28,
20261008,730,670,60,rolling_horizon,seasonal_linear_regression,14,685,698,14,87.0788274448,96.69742769138111,2025-11-29,
20261008,730,670,60,rolling_horizon,seasonal_linear_regression,14,686,686,1,106.053250609,109.57399657248698,2025-11-17,
20261008,730,670,60,rolling_horizon,seasonal_linear_regression,14,686,687,2,116.1333607552,125.08061440030133,2025-11-18,
20261008,730,670,60,rolling_horizon,seasonal_linear_regression,14,686,688,3,131.4291834004,127.09916857387134,2025-11-19,
20261008,730,670,60,rolling_horizon,seasonal_linear_regression,14,686,689,4,117.2375226637,118.14890010838644,2025-11-20,
20261008,730,670,60,rolling_horizon,seasonal_linear_regression,14,686,690,5,104.4585069656,103.72056106949549,2025-11-21,
20261008,730,670,60,rolling_horizon,seasonal_linear_regression,14,686,691,6,101.0512216839,92.9893894775314,2025-11-22,
20261008,730,670,60,rolling_horizon,seasonal_linear_regression,14,686,692,7,106.7080803311,97.36991351366487,2025-11-23,
20261008,730,670,60,rolling_horizon,seasonal_linear_regression,14,686,693,8,104.8566719454,112.13621516893318,2025-11-24,
20261008,730,670,60,rolling_horizon,seasonal_linear_regression,14,686,694,9,141.7294464397,127.10795907689635,2025-11-25,
20261008,730,670,60,rolling_horizon,seasonal_linear_regression,14,686,695,10,130.7468418113,130.14645241139078,2025-11-26,
20261008,730,670,60,rolling_horizon,seasonal_linear_regression,14,686,696,11,128.4356754052,121.61620736165605,2025-11-27,
20261008,730,670,60,rolling_horizon,seasonal_linear_regression,14,686,697,12,106.0560514778,106.28544258784268,2025-11-28,
20261008,730,670,60,rolling_horizon,seasonal_linear_regression,14,686,698,13,87.0788274448,96.76200500789764,2025-11-29,
20261008,730,670,60,rolling_horizon,seasonal_linear_regression,14,686,699,14,103.140705212,101.72594746218692,2025-11-30,
20261008,730,670,60,rolling_horizon,seasonal_linear_regression,14,687,687,1,116.1333607552,125.0625877965931,2025-11-18,
20261008,730,670,60,rolling_horizon,seasonal_linear_regression,14,687,688,2,131.4291834004,127.00510479668446,2025-11-19,
20261008,730,670,60,rolling_horizon,seasonal_linear_regression,14,687,689,3,117.2375226637,118.0689054451027,2025-11-20,
20261008,730,670,60,rolling_horizon,seasonal_linear_regression,14,687,690,4,104.4585069656,103.62797892447816,2025-11-21,
20261008,730,670,60,rolling_horizon,seasonal_linear_regression,14,687,691,5,101.0512216839,92.91621154054292,2025-11-22,
20261008,730,670,60,rolling_horizon,seasonal_linear_regression,14,687,692,6,106.7080803311,97.28707134925025,2025-11-23,
20261008,730,670,60,rolling_horizon,seasonal_linear_regression,14,687,693,7,104.8566719454,112.04662368639629,2025-11-24,
20261008,730,670,60,rolling_horizon,seasonal_linear_regression,14,687,694,8,141.7294464397,127.07412315315969,2025-11-25,
20261008,730,670,60,rolling_horizon,seasonal_linear_regression,14,687,695,9,130.7468418113,130.12167158826924,2025-11-26,
20261008,730,670,60,rolling_horizon,seasonal_linear_regression,14,687,696,10,128.4356754052,121.59629759506697,2025-11-27,
20261008,730,670,60,rolling_horizon,seasonal_linear_regression,14,687,697,11,106.0560514778,106.27195447909344,2025-11-28,
20261008,730,670,60,rolling_horizon,seasonal_linear_regression,14,687,698,12,87.0788274448,96.7291713990694,2025-11-29,
20261008,730,670,60,rolling_horizon,seasonal_linear_regression,14,687,699,13,103.140705212,101.69086534568805,2025-11-30,
20261008,730,670,60,rolling_horizon,seasonal_linear_regression,14,687,700,14,113.8373914368,114.4838280044628,2025-12-01,
20261008,730,670,60,rolling_horizon,seasonal_linear_regression,14,688,688,1,131.4291834004,126.93303785938497,2025-11-19,
20261008,730,670,60,rolling_horizon,seasonal_linear_regression,14,688,689,2,117.2375226637,117.87403732975827,2025-11-20,
20261008,730,670,60,rolling_horizon,seasonal_linear_regression,14,688,690,3,104.4585069656,103.4772558553268,2025-11-21,
20261008,730,670,60,rolling_horizon,seasonal_linear_regression,14,688,691,4,101.0512216839,92.66419162689454,2025-11-22,
20261008,730,670,60,rolling_horizon,seasonal_linear_regression,14,688,692,5,106.7080803311,97.0383892560958,2025-11-23,
20261008,730,670,60,rolling_horizon,seasonal_linear_regression,14,688,693,6,104.8566719454,111.80361224018407,2025-11-24,
20261008,730,670,60,rolling_horizon,seasonal_linear_regression,14,688,694,7,141.7294464397,126.89056983559749,2025-11-25,
20261008,730,670,60,rolling_horizon,seasonal_linear_regression,14,688,695,8,130.7468418113,130.00082085083613,2025-11-26,
20261008,730,670,60,rolling_horizon,seasonal_linear_regression,14,688,696,9,128.4356754052,121.5524614347978,2025-11-27,
20261008,730,670,60,rolling_horizon,seasonal_linear_regression,14,688,697,10,106.0560514778,106.21780865690835,2025-11-28,
20261008,730,670,60,rolling_horizon,seasonal_linear_regression,14,688,698,11,87.0788274448,96.70820835686209,2025-11-29,
20261008,730,670,60,rolling_horizon,seasonal_linear_regression,14,688,699,12,103.140705212,101.59451745397519,2025-11-30,
20261008,730,670,60,rolling_horizon,seasonal_linear_regression,14,688,700,13,113.8373914368,114.40251631211731,2025-12-01,
20261008,730,670,60,rolling_horizon,seasonal_linear_regression,14,688,701,14,128.6959921408,129.65325606432725,2025-12-02,
20261008,730,670,60,rolling_horizon,seasonal_linear_regression,14,689,689,1,117.2375226637,117.90612555728694,2025-11-20,
20261008,730,670,60,rolling_horizon,seasonal_linear_regression,14,689,690,2,104.4585069656,103.62489399434344,2025-11-21,
20261008,730,670,60,rolling_horizon,seasonal_linear_regression,14,689,691,3,101.0512216839,92.73008720941243,2025-11-22,
20261008,730,670,60,rolling_horizon,seasonal_linear_regression,14,689,692,4,106.7080803311,97.14267106841407,2025-11-23,
20261008,730,670,60,rolling_horizon,seasonal_linear_regression,14,689,693,5,104.8566719454,111.91483873584411,2025-11-24,
20261008,730,670,60,rolling_horizon,seasonal_linear_regression,14,689,694,6,141.7294464397,127.07449172045835,2025-11-25,
20261008,730,670,60,rolling_horizon,seasonal_linear_regression,14,689,695,7,130.7468418113,130.08504961090193,2025-11-26,
20261008,730,670,60,rolling_horizon,seasonal_linear_regression,14,689,696,8,128.4356754052,121.5642114091479,2025-11-27,
20261008,730,670,60,rolling_horizon,seasonal_linear_regression,14,689,697,9,106.0560514778,106.2262522474648,2025-11-28,
20261008,730,670,60,rolling_horizon,seasonal_linear_regression,14,689,698,10,87.0788274448,96.74518610237465,2025-11-29,
20261008,730,670,60,rolling_horizon,seasonal_linear_regression,14,689,699,11,103.140705212,101.62288343024557,2025-11-30,
20261008,730,670,60,rolling_horizon,seasonal_linear_regression,14,689,700,12,113.8373914368,114.43814045501176,2025-12-01,
20261008,730,670,60,rolling_horizon,seasonal_linear_regression,14,689,701,13,128.6959921408,129.6917027726622,2025-12-02,
20261008,730,670,60,rolling_horizon,seasonal_linear_regression,14,689,702,14,124.9544385883,133.9243076837929,2025-12-03,
20261008,730,670,60,rolling_horizon,seasonal_linear_regression,14,690,690,1,104.4585069656,103.62171136151937,2025-11-21,
20261008,730,670,60,rolling_horizon,seasonal_linear_regression,14,690,691,2,101.0512216839,92.7086292185113,2025-11-22,
20261008,730,670,60,rolling_horizon,seasonal_linear_regression,14,690,692,3,106.7080803311,97.12152472352045,2025-11-23,
20261008,730,670,60,rolling_horizon,seasonal_linear_regression,14,690,693,4,104.8566719454,111.89819087832711,2025-11-24,
20261008,730,670,60,rolling_horizon,seasonal_linear_regression,14,690,694,5,141.7294464397,127.05829750982093,2025-11-25,
20261008,730,670,60,rolling_horizon,seasonal_linear_regression,14,690,695,6,130.7468418113,130.0636865075703,2025-11-26,
20261008,730,670,60,rolling_horizon,seasonal_linear_regression,14,690,696,7,128.4356754052,121.55048889431646,2025-11-27,
20261008,730,670,60,rolling_horizon,seasonal_linear_regression,14,690,697,8,106.0560514778,106.21834469414352,2025-11-28,
20261008,730,670,60,rolling_horizon,seasonal_linear_regression,14,690,698,9,87.0788274448,96.74211424958139,2025-11-29,
20261008,730,670,60,rolling_horizon,seasonal_linear_regression,14,690,699,10,103.140705212,101.62083752411809,2025-11-30,
20261008,730,670,60,rolling_horizon,seasonal_linear_regression,14,690,700,11,113.8373914368,114.43087542761577,2025-12-01,
20261008,730,670,60,rolling_horizon,seasonal_linear_regression,14,690,701,12,128.6959921408,129.68219241485303,2025-12-02,
20261008,730,670,60,rolling_horizon,seasonal_linear_regression,14,690,702,13,124.9544385883,133.91927978392187,2025-12-03,
20261008,730,670,60,rolling_horizon,seasonal_linear_regression,14,690,703,14,123.0392046882,126.32922679260491,2025-12-04,
20261008,730,670,60,rolling_horizon,seasonal_linear_regression,14,691,691,1,101.0512216839,92.70422169448875,2025-11-22,
20261008,730,670,60,rolling_horizon,seasonal_linear_regression,14,691,692,2,106.7080803311,97.13392662058732,2025-11-23,
20261008,730,670,60,rolling_horizon,seasonal_linear_regression,14,691,693,3,104.8566719454,111.91936630918553,2025-11-24,
20261008,730,670,60,rolling_horizon,seasonal_linear_regression,14,691,694,4,141.7294464397,127.09220571451306,2025-11-25,
20261008,730,670,60,rolling_horizon,seasonal_linear_regression,14,691,695,5,130.7468418113,130.08248544259504,2025-11-26,
20261008,730,670,60,rolling_horizon,seasonal_linear_regression,14,691,696,6,128.4356754052,121.57560718467857,2025-11-27,
20261008,730,670,60,rolling_horizon,seasonal_linear_regression,14,691,697,7,106.0560514778,106.22611327712184,2025-11-28,
20261008,730,670,60,rolling_horizon,seasonal_linear_regression,14,691,698,8,87.0788274448,96.74919422216999,2025-11-29,
20261008,730,670,60,rolling_horizon,seasonal_linear_regression,14,691,699,9,103.140705212,101.62811352183326,2025-11-30,
20261008,730,670,60,rolling_horizon,seasonal_linear_regression,14,691,700,10,113.8373914368,114.43460067204205,2025-12-01,
20261008,730,670,60,rolling_horizon,seasonal_linear_regression,14,691,701,11,128.6959921408,129.6849830403612,2025-12-02,
20261008,730,670,60,rolling_horizon,seasonal_linear_regression,14,691,702,12,124.9544385883,133.92653399477695,2025-12-03,
20261008,730,670,60,rolling_horizon,seasonal_linear_regression,14,691,703,13,123.0392046882,126.33597062234503,2025-12-04,
20261008,730,670,60,rolling_horizon,seasonal_linear_regression,14,691,704,14,112.0375299996,109.87284220172751,2025-12-05,
20261008,730,670,60,rolling_horizon,seasonal_linear_regression,14,692,692,1,106.7080803311,97.26754537143506,2025-11-23,
20261008,730,670,60,rolling_horizon,seasonal_linear_regression,14,692,693,2,104.8566719454,112.0971368728051,2025-11-24,
20261008,730,670,60,rolling_horizon,seasonal_linear_regression,14,692,694,3,141.7294464397,127.14003818395486,2025-11-25,
20261008,730,670,60,rolling_horizon,seasonal_linear_regression,14,692,695,4,130.7468418113,130.3563839331141,2025-11-26,
20261008,730,670,60,rolling_horizon,seasonal_linear_regression,14,692,696,5,128.4356754052,121.82767775229468,2025-11-27,
20261008,730,670,60,rolling_horizon,seasonal_linear_regression,14,692,697,6,106.0560514778,106.52874494106845,2025-11-28,
20261008,730,670,60,rolling_horizon,seasonal_linear_regression,14,692,698,7,87.0788274448,96.90161480182951,2025-11-29,
20261008,730,670,60,rolling_horizon,seasonal_linear_regression,14,692,699,8,103.140705212,101.63107768178998,2025-11-30,
20261008,730,670,60,rolling_horizon,seasonal_linear_regression,14,692,700,9,113.8373914368,114.49540573580589,2025-12-01,
20261008,730,670,60,rolling_horizon,seasonal_linear_regression,14,692,701,10,128.6959921408,129.78764543486432,2025-12-02,
20261008,730,670,60,rolling_horizon,seasonal_linear_regression,14,692,702,11,124.9544385883,133.9916370914948,2025-12-03,
20261008,730,670,60,rolling_horizon,seasonal_linear_regression,14,692,703,12,123.0392046882,126.34693792314101,2025-12-04,
20261008,730,670,60,rolling_horizon,seasonal_linear_regression,14,692,704,13,112.0375299996,109.93222389681068,2025-12-05,
20261008,730,670,60,rolling_horizon,seasonal_linear_regression,14,692,705,14,94.7981017475,100.33173872410953,2025-12-06,
20261008,730,670,60,rolling_horizon,seasonal_linear_regression,14,693,693,1,104.8566719454,112.14775946263944,2025-11-24,
20261008,730,670,60,rolling_horizon,seasonal_linear_regression,14,693,694,2,141.7294464397,127.26773193034978,2025-11-25,
20261008,730,670,60,rolling_horizon,seasonal_linear_regression,14,693,695,3,130.7468418113,130.5788949269554,2025-11-26,
20261008,730,670,60,rolling_horizon,seasonal_linear_regression,14,693,696,4,128.4356754052,122.02475671241655,2025-11-27,
20261008,730,670,60,rolling_horizon,seasonal_linear_regression,14,693,697,5,106.0560514778,106.7709843186035,2025-11-28,
20261008,730,670,60,rolling_horizon,seasonal_linear_regression,14,693,698,6,87.0788274448,97.17311417978999,2025-11-29,
20261008,730,670,60,rolling_horizon,seasonal_linear_regression,14,693,699,7,103.140705212,101.84114241927136,2025-11-30,
20261008,730,670,60,rolling_horizon,seasonal_linear_regression,14,693,700,8,113.8373914368,114.54170428462157,2025-12-01,
20261008,730,670,60,rolling_horizon,seasonal_linear_regression,14,693,701,9,128.6959921408,129.8650284028663,2025-12-02,
20261008,730,670,60,rolling_horizon,seasonal_linear_regression,14,693,702,10,124.9544385883,134.016640678552,2025-12-03,
20261008,730,670,60,rolling_horizon,seasonal_linear_regression,14,693,703,11,123.0392046882,126.34748042422461,2025-12-04,
20261008,730,670,60,rolling_horizon,seasonal_linear_regression,14,693,704,12,112.0375299996,110.00941807249455,2025-12-05,
20261008,730,670,60,rolling_horizon,seasonal_linear_regression,14,693,705,13,94.7981017475,100.39004569320377,2025-12-06,
20261008,730,670,60,rolling_horizon,seasonal_linear_regression,14,693,706,14,97.1541570139,106.31870089164977,2025-12-07,
20261008,730,670,60,rolling_horizon,seasonal_linear_regression,14,694,694,1,141.7294464397,127.26984092243129,2025-11-25,
20261008,730,670,60,rolling_horizon,seasonal_linear_regression,14,694,695,2,130.7468418113,130.39316615109328,2025-11-26,
20261008,730,670,60,rolling_horizon,seasonal_linear_regression,14,694,696,3,128.4356754052,121.84410362256449,2025-11-27,
20261008,730,670,60,rolling_horizon,seasonal_linear_regression,14,694,697,4,106.0560514778,106.5894194324901,2025-11-28,
20261008,730,670,60,rolling_horizon,seasonal_linear_regression,14,694,698,5,87.0788274448,97.09153844256298,2025-11-29,
20261008,730,670,60,rolling_horizon,seasonal_linear_regression,14,694,699,6,103.140705212,101.69733035737408,2025-11-30,
20261008,730,670,60,rolling_horizon,seasonal_linear_regression,14,694,700,7,113.8373914368,114.32596049722042,2025-12-01,
20261008,730,670,60,rolling_horizon,seasonal_linear_regression,14,694,701,8,128.6959921408,129.85114580571644,2025-12-02,
20261008,730,670,60,rolling_horizon,seasonal_linear_regression,14,694,702,9,124.9544385883,134.00763461410043,2025-12-03,
20261008,730,670,60,rolling_horizon,seasonal_linear_regression,14,694,703,10,123.0392046882,126.3015746045262,2025-12-04,
20261008,730,670,60,rolling_horizon,seasonal_linear_regression,14,694,704,11,112.0375299996,109.98980045988037,2025-12-05,
20261008,730,670,60,rolling_horizon,seasonal_linear_regression,14,694,705,12,94.7981017475,100.3600149672584,2025-12-06,
20261008,730,670,60,rolling_horizon,seasonal_linear_regression,14,694,706,13,97.1541570139,106.29036021036245,2025-12-07,
20261008,730,670,60,rolling_horizon,seasonal_linear_regression,14,694,707,14,116.0552552441,118.30645669208116,2025-12-08,
20261008,730,670,60,rolling_horizon,seasonal_linear_regression,14,695,695,1,130.7468418113,130.23482106095753,2025-11-26,
20261008,730,670,60,rolling_horizon,seasonal_linear_regression,14,695,696,2,128.4356754052,122.23854982009925,2025-11-27,
20261008,730,670,60,rolling_horizon,seasonal_linear_regression,14,695,697,3,106.0560514778,106.73695776581826,2025-11-28,
20261008,730,670,60,rolling_horizon,seasonal_linear_regression,14,695,698,4,87.0788274448,97.62336609555359,2025-11-29,
20261008,730,670,60,rolling_horizon,seasonal_linear_regression,14,695,699,5,103.140705212,101.9656873788922,2025-11-30,
20261008,730,670,60,rolling_horizon,seasonal_linear_regression,14,695,700,6,113.8373914368,114.74781217523105,2025-12-01,
20261008,730,670,60,rolling_horizon,seasonal_linear_regression,14,695,701,7,128.6959921408,129.917822666976,2025-12-02,
20261008,730,670,60,rolling_horizon,seasonal_linear_regression,14,695,702,8,124.9544385883,133.98834687685303,2025-12-03,
20261008,730,670,60,rolling_horizon,seasonal_linear_regression,14,695,703,9,123.0392046882,126.26675668420921,2025-12-04,
20261008,730,670,60,rolling_horizon,seasonal_linear_regression,14,695,704,10,112.0375299996,110.07221392248266,2025-12-05,
20261008,730,670,60,rolling_horizon,seasonal_linear_regression,14,695,705,11,94.7981017475,100.24752169845851,2025-12-06,
20261008,730,670,60,rolling_horizon,seasonal_linear_regression,14,695,706,12,97.1541570139,106.41099543113751,2025-12-07,
20261008,730,670,60,rolling_horizon,seasonal_linear_regression,14,695,707,13,116.0552552441,118.26875626013862,2025-12-08,
20261008,730,670,60,rolling_horizon,seasonal_linear_regression,14,695,708,14,124.9869441925,134.06720033389183,2025-12-09,
20261008,730,670,60,rolling_horizon,seasonal_linear_regression,14,696,696,1,128.4356754052,122.24138621318343,2025-11-27,
20261008,730,670,60,rolling_horizon,seasonal_linear_regression,14,696,697,2,106.0560514778,106.75727246974884,2025-11-28,
20261008,730,670,60,rolling_horizon,seasonal_linear_regression,14,696,698,3,87.0788274448,97.63654359577185,2025-11-29,
20261008,730,670,60,rolling_horizon,seasonal_linear_regression,14,696,699,4,103.140705212,101.98340013063671,2025-11-30,
20261008,730,670,60,rolling_horizon,seasonal_linear_regression,14,696,700,5,113.8373914368,114.76302354935478,2025-12-01,
20261008,730,670,60,rolling_horizon,seasonal_linear_regression,14,696,701,6,128.6959921408,129.93890401292356,2025-12-02,
20261008,730,670,60,rolling_horizon,seasonal_linear_regression,14,696,702,7,124.9544385883,133.9946316043215,2025-12-03,
20261008,730,670,60,rolling_horizon,seasonal_linear_regression,14,696,703,8,123.0392046882,126.26935216338188,2025-12-04,
20261008,730,670,60,rolling_horizon,seasonal_linear_regression,14,696,704,9,112.0375299996,110.07265674446853,2025-12-05,
20261008,730,670,60,rolling_horizon,seasonal_linear_regression,14,696,705,10,94.7981017475,100.2439338911945,2025-12-06,
20261008,730,670,60,rolling_horizon,seasonal_linear_regression,14,696,706,11,97.1541570139,106.40905631362557,2025-12-07,
20261008,730,670,60,rolling_horizon,seasonal_linear_regression,14,696,707,12,116.0552552441,118.27360253239794,2025-12-08,
20261008,730,670,60,rolling_horizon,seasonal_linear_regression,14,696,708,13,124.9869441925,134.06343221737598,2025-12-09,
20261008,730,670,60,rolling_horizon,seasonal_linear_regression,14,696,709,14,133.985128528,137.087322626267,2025-12-10,
20261008,730,670,60,rolling_horizon,seasonal_linear_regression,14,697,697,1,106.0560514778,106.84074487493126,2025-11-28,
20261008,730,670,60,rolling_horizon,seasonal_linear_regression,14,697,698,2,87.0788274448,97.85666180079716,2025-11-29,
20261008,730,670,60,rolling_horizon,seasonal_linear_regression,14,697,699,3,103.140705212,102.18749203182097,2025-11-30,
20261008,730,670,60,rolling_horizon,seasonal_linear_regression,14,697,700,4,113.8373914368,115.00716199700219,2025-12-01,
20261008,730,670,60,rolling_horizon,seasonal_linear_regression,14,697,701,5,128.6959921408,130.13570435773818,2025-12-02,
20261008,730,670,60,rolling_horizon,seasonal_linear_regression,14,697,702,6,124.9544385883,134.1923688430561,2025-12-03,
20261008,730,670,60,rolling_horizon,seasonal_linear_regression,14,697,703,7,123.0392046882,126.3539183707544,2025-12-04,
20261008,730,670,60,rolling_horizon,seasonal_linear_regression,14,697,704,8,112.0375299996,110.07152823521119,2025-12-05,
20261008,730,670,60,rolling_horizon,seasonal_linear_regression,14,697,705,9,94.7981017475,100.26951804080272,2025-12-06,
20261008,730,670,60,rolling_horizon,seasonal_linear_regression,14,697,706,10,97.1541570139,106.3620827615805,2025-12-07,
20261008,730,670,60,rolling_horizon,seasonal_linear_regression,14,697,707,11,116.0552552441,118.25097698372383,2025-12-08,
20261008,730,670,60,rolling_horizon,seasonal_linear_regression,14,697,708,12,124.9869441925,134.06181097358558,2025-12-09,
20261008,730,670,60,rolling_horizon,seasonal_linear_regression,14,697,709,13,133.985128528,137.1213000630214,2025-12-10,
20261008,730,670,60,rolling_horizon,seasonal_linear_regression,14,697,710,14,129.1625511456,128.73728755576622,2025-12-11,
20261008,730,670,60,rolling_horizon,seasonal_linear_regression,14,698,698,1,87.0788274448,97.8623212624575,2025-11-29,
20261008,730,670,60,rolling_horizon,seasonal_linear_regression,14,698,699,2,103.140705212,102.16415824735213,2025-11-30,
20261008,730,670,60,rolling_horizon,seasonal_linear_regression,14,698,700,3,113.8373914368,114.97540212162676,2025-12-01,
20261008,730,670,60,rolling_horizon,seasonal_linear_regression,14,698,701,4,128.6959921408,130.10132688462045,2025-12-02,
20261008,730,670,60,rolling_horizon,seasonal_linear_regression,14,698,702,5,124.9544385883,134.17037975279027,2025-12-03,
20261008,730,670,60,rolling_horizon,seasonal_linear_regression,14,698,703,6,123.0392046882,126.33016345832266,2025-12-04,
20261008,730,670,60,rolling_horizon,seasonal_linear_regression,14,698,704,7,112.0375299996,110.0604909045901,2025-12-05,
20261008,730,670,60,rolling_horizon,seasonal_linear_regression,14,698,705,8,94.7981017475,100.27115994483665,2025-12-06,
20261008,730,670,60,rolling_horizon,seasonal_linear_regression,14,698,706,9,97.1541570139,106.37500798400697,2025-12-07,
20261008,730,670,60,rolling_horizon,seasonal_linear_regression,14,698,707,10,116.0552552441,118.24759654739182,2025-12-08,
20261008,730,670,60,rolling_horizon,seasonal_linear_regression,14,698,708,11,124.9869441925,134.0761260351942,2025-12-09,
20261008,730,670,60,rolling_horizon,seasonal_linear_regression,14,698,709,12,133.985128528,137.11765393737733,2025-12-10,
20261008,730,670,60,rolling_horizon,seasonal_linear_regression,14,698,710,13,129.1625511456,128.7374378389659,2025-12-11,
20261008,730,670,60,rolling_horizon,seasonal_linear_regression,14,698,711,14,102.4427018659,113.51284003688352,2025-12-12,
20261008,730,670,60,rolling_horizon,seasonal_linear_regression,14,699,699,1,103.140705212,102.07782419611158,2025-11-30,
20261008,730,670,60,rolling_horizon,seasonal_linear_regression,14,699,700,2,113.8373914368,114.7562765699804,2025-12-01,
20261008,730,670,60,rolling_horizon,seasonal_linear_regression,14,699,701,3,128.6959921408,129.78229131818352,2025-12-02,
20261008,730,670,60,rolling_horizon,seasonal_linear_regression,14,699,702,4,124.9544385883,133.9037417519512,2025-12-03,
20261008,730,670,60,rolling_horizon,seasonal_linear_regression,14,699,703,5,123.0392046882,126.14215975000843,2025-12-04,
20261008,730,670,60,rolling_horizon,seasonal_linear_regression,14,699,704,6,112.0375299996,109.81150062697088,2025-12-05,
20261008,730,670,60,rolling_horizon,seasonal_linear_regression,14,699,705,7,94.7981017475,100.22021251252363,2025-12-06,
20261008,730,670,60,rolling_horizon,seasonal_linear_regression,14,699,706,8,97.1541570139,106.44118465168185,2025-12-07,
20261008,730,670,60,rolling_horizon,seasonal_linear_regression,14,699,707,9,116.0552552441,118.42314670535825,2025-12-08,
20261008,730,670,60,rolling_horizon,seasonal_linear_regression,14,699,708,10,124.9869441925,133.88530778561562,2025-12-09,
20261008,730,670,60,rolling_horizon,seasonal_linear_regression,14,699,709,11,133.985128528,137.18784930657694,2025-12-10,
20261008,730,670,60,rolling_horizon,seasonal_linear_regression,14,699,710,12,129.1625511456,128.69590575214352,2025-12-11,
20261008,730,670,60,rolling_horizon,seasonal_linear_regression,14,699,711,13,102.4427018659,113.66858787393585,2025-12-12,
20261008,730,670,60,rolling_horizon,seasonal_linear_regression,14,699,712,14,97.2419952584,103.7277802710314,2025-12-13,
20261008,730,670,60,rolling_horizon,seasonal_linear_regression,14,700,700,1,113.8373914368,114.73663178602919,2025-12-01,
20261008,730,670,60,rolling_horizon,seasonal_linear_regression,14,700,701,2,128.6959921408,129.8142645673811,2025-12-02,
20261008,730,670,60,rolling_horizon,seasonal_linear_regression,14,700,702,3,124.9544385883,133.92595448381417,2025-12-03,
20261008,730,670,60,rolling_horizon,seasonal_linear_regression,14,700,703,4,123.0392046882,126.1687506205244,2025-12-04,
20261008,730,670,60,rolling_horizon,seasonal_linear_regression,14,700,704,5,112.0375299996,109.82870986478656,2025-12-05,
20261008,730,670,60,rolling_horizon,seasonal_linear_regression,14,700,705,6,94.7981017475,100.23348353316396,2025-12-06,
20261008,730,670,60,rolling_horizon,seasonal_linear_regression,14,700,706,7,97.1541570139,106.4494703446062,2025-12-07,
20261008,730,670,60,rolling_horizon,seasonal_linear_regression,14,700,707,8,116.0552552441,118.41220306568584,2025-12-08,
20261008,730,670,60,rolling_horizon,seasonal_linear_regression,14,700,708,9,124.9869441925,133.88738384860426,2025-12-09,
20261008,730,670,60,rolling_horizon,seasonal_linear_regression,14,700,709,10,133.985128528,137.1897034016397,2025-12-10,
20261008,730,670,60,rolling_horizon,seasonal_linear_regression,14,700,710,11,129.1625511456,128.69710324371954,2025-12-11,
20261008,730,670,60,rolling_horizon,seasonal_linear_regression,14,700,711,12,102.4427018659,113.66472094963137,2025-12-12,
20261008,730,670,60,rolling_horizon,seasonal_linear_regression,14,700,712,13,97.2419952584,103.71029702881151,2025-12-13,
20261008,730,670,60,rolling_horizon,seasonal_linear_regression,14,700,713,14,114.2274385444,109.57317774091553,2025-12-14,
20261008,730,670,60,rolling_horizon,seasonal_linear_regression,14,701,701,1,128.6959921408,129.83110053604696,2025-12-02,
20261008,730,670,60,rolling_horizon,seasonal_linear_regression,14,701,702,2,124.9544385883,133.9095505022433,2025-12-03,
20261008,730,670,60,rolling_horizon,seasonal_linear_regression,14,701,703,3,123.0392046882,126.15574079622957,2025-12-04,
20261008,730,670,60,rolling_horizon,seasonal_linear_regression,14,701,704,4,112.0375299996,109.80918104084458,2025-12-05,
20261008,730,670,60,rolling_horizon,seasonal_linear_regression,14,701,705,5,94.7981017475,100.20985065522336,2025-12-06,
20261008,730,670,60,rolling_horizon,seasonal_linear_regression,14,701,706,6,97.1541570139,106.43735454526859,2025-12-07,
20261008,730,670,60,rolling_horizon,seasonal_linear_regression,14,701,707,7,116.0552552441,118.40703831601422,2025-12-08,
20261008,730,670,60,rolling_horizon,seasonal_linear_regression,14,701,708,8,124.9869441925,133.8942597435962,2025-12-09,
20261008,730,670,60,rolling_horizon,seasonal_linear_regression,14,701,709,9,133.985128528,137.19123622433608,2025-12-10,
20261008,730,670,60,rolling_horizon,seasonal_linear_regression,14,701,710,10,129.1625511456,128.69996798007514,2025-12-11,
20261008,730,670,60,rolling_horizon,seasonal_linear_regression,14,701,711,11,102.4427018659,113.66575352788868,2025-12-12,
20261008,730,670,60,rolling_horizon,seasonal_linear_regression,14,701,712,12,97.2419952584,103.70815352604313,2025-12-13,
20261008,730,670,60,rolling_horizon,seasonal_linear_regression,14,701,713,13,114.2274385444,109.57695981117195,2025-12-14,
20261008,730,670,60,rolling_horizon,seasonal_linear_regression,14,701,714,14,124.6821661264,122.06069839623478,2025-12-15,
20261008,730,670,60,rolling_horizon,seasonal_linear_regression,14,702,702,1,124.9544385883,133.92328533692398,2025-12-03,
20261008,730,670,60,rolling_horizon,seasonal_linear_regression,14,702,703,2,123.0392046882,126.1204976462518,2025-12-04,
20261008,730,670,60,rolling_horizon,seasonal_linear_regression,14,702,704,3,112.0375299996,109.78808283580156,2025-12-05,
20261008,730,670,60,rolling_horizon,seasonal_linear_regression,14,702,705,4,94.7981017475,100.20830911767598,2025-12-06,
20261008,730,670,60,rolling_horizon,seasonal_linear_regression,14,702,706,5,97.1541570139,106.42378301901044,2025-12-07,
20261008,730,670,60,rolling_horizon,seasonal_linear_regression,14,702,707,6,116.0552552441,118.38096777619012,2025-12-08,
20261008,730,670,60,rolling_horizon,seasonal_linear_regression,14,702,708,7,124.9869441925,133.91090741948437,2025-12-09,
20261008,730,670,60,rolling_horizon,seasonal_linear_regression,14,702,709,8,133.985128528,137.1941949744364,2025-12-10,
20261008,730,670,60,rolling_horizon,seasonal_linear_regression,14,702,710,9,129.1625511456,128.70612672136394,2025-12-11,
20261008,730,670,60,rolling_horizon,seasonal_linear_regression,14,702,711,10,102.4427018659,113.66467121497863,2025-12-12,
20261008,730,670,60,rolling_horizon,seasonal_linear_regression,14,702,712,11,97.2419952584,103.70169641224629,2025-12-13,
20261008,730,670,60,rolling_horizon,seasonal_linear_regression,14,702,713,12,114.2274385444,109.58278235726539,2025-12-14,
20261008,730,670,60,rolling_horizon,seasonal_linear_regression,14,702,714,13,124.6821661264,122.05900934986767,2025-12-15,
20261008,730,670,60,rolling_horizon,seasonal_linear_regression,14,702,715,14,137.1927210045,139.1109118559193,2025-12-16,
20261008,730,670,60,rolling_horizon,seasonal_linear_regression,14,703,703,1,123.0392046882,126.20898584623319,2025-12-04,
20261008,730,670,60,rolling_horizon,seasonal_linear_regression,14,703,704,2,112.0375299996,109.57747790149733,2025-12-05,
20261008,730,670,60,rolling_horizon,seasonal_linear_regression,14,703,705,3,94.7981017475,99.9335332052392,2025-12-06,
20261008,730,670,60,rolling_horizon,seasonal_linear_regression,14,703,706,4,97.1541570139,106.22897455999055,2025-12-07,
20261008,730,670,60,rolling_horizon,seasonal_linear_regression,14,703,707,5,116.0552552441,118.24415505888737,2025-12-08,
20261008,730,670,60,rolling_horizon,seasonal_linear_regression,14,703,708,6,124.9869441925,133.67098762208252,2025-12-09,
20261008,730,670,60,rolling_horizon,seasonal_linear_regression,14,703,709,7,133.985128528,137.19490631980852,2025-12-10,
20261008,730,670,60,rolling_horizon,seasonal_linear_regression,14,703,710,8,129.1625511456,128.71030568588185,2025-12-11,
20261008,730,670,60,rolling_horizon,seasonal_linear_regression,14,703,711,9,102.4427018659,113.66076850754007,2025-12-12,
20261008,730,670,60,rolling_horizon,seasonal_linear_regression,14,703,712,10,97.2419952584,103.78625373478872,2025-12-13,
20261008,730,670,60,rolling_horizon,seasonal_linear_regression,14,703,713,11,114.2274385444,109.6505558958811,2025-12-14,
20261008,730,670,60,rolling_horizon,seasonal_linear_regression,14,703,714,12,124.6821661264,122.06449498271377,2025-12-15,
20261008,730,670,60,rolling_horizon,seasonal_linear_regression,14,703,715,13,137.1927210045,139.1459994462566,2025-12-16,
20261008,730,670,60,rolling_horizon,seasonal_linear_regression,14,703,716,14,136.9806933036,141.5135338690484,2025-12-17,
20261008,730,670,60,rolling_horizon,seasonal_linear_regression,14,704,704,1,112.0375299996,109.58614529017086,2025-12-05,
20261008,730,670,60,rolling_horizon,seasonal_linear_regression,14,704,705,2,94.7981017475,99.9069260399092,2025-12-06,
20261008,730,670,60,rolling_horizon,seasonal_linear_regression,14,704,706,3,97.1541570139,106.1315408060118,2025-12-07,
20261008,730,670,60,rolling_horizon,seasonal_linear_regression,14,704,707,4,116.0552552441,118.14230001283886,2025-12-08,
20261008,730,670,60,rolling_horizon,seasonal_linear_regression,14,704,708,5,124.9869441925,133.63242615182844,2025-12-09,
20261008,730,670,60,rolling_horizon,seasonal_linear_regression,14,704,709,6,133.985128528,137.1205194599229,2025-12-10,
20261008,730,670,60,rolling_horizon,seasonal_linear_regression,14,704,710,7,129.1625511456,128.7402907040846,2025-12-11,
20261008,730,670,60,rolling_horizon,seasonal_linear_regression,14,704,711,8,102.4427018659,113.69246910634229,2025-12-12,
20261008,730,670,60,rolling_horizon,seasonal_linear_regression,14,704,712,9,97.2419952584,103.82955716879633,2025-12-13,
20261008,730,670,60,rolling_horizon,seasonal_linear_regression,14,704,713,10,114.2274385444,109.66794846400217,2025-12-14,
20261008,730,670,60,rolling_horizon,seasonal_linear_regression,14,704,714,11,124.6821661264,122.0987597715748,2025-12-15,
20261008,730,670,60,rolling_horizon,seasonal_linear_regression,14,704,715,12,137.1927210045,139.14039604513664,2025-12-16,
20261008,730,670,60,rolling_horizon,seasonal_linear_regression,14,704,716,13,136.9806933036,141.51556234314057,2025-12-17,
20261008,730,670,60,rolling_horizon,seasonal_linear_regression,14,704,717,14,137.8994379973,133.58280162865276,2025-12-18,
20261008,730,670,60,rolling_horizon,seasonal_linear_regression,14,705,705,1,94.7981017475,99.91102968232599,2025-12-06,
20261008,730,670,60,rolling_horizon,seasonal_linear_regression,14,705,706,2,97.1541570139,106.19232268812038,2025-12-07,
20261008,730,670,60,rolling_horizon,seasonal_linear_regression,14,705,707,3,116.0552552441,118.20439658038458,2025-12-08,
20261008,730,670,60,rolling_horizon,seasonal_linear_regression,14,705,708,4,124.9869441925,133.69838712724777,2025-12-09,
20261008,730,670,60,rolling_horizon,seasonal_linear_regression,14,705,709,5,133.985128528,137.17523046471433,2025-12-10,
20261008,730,670,60,rolling_horizon,seasonal_linear_regression,14,705,710,6,129.1625511456,128.79162650172248,2025-12-11,
20261008,730,670,60,rolling_horizon,seasonal_linear_regression,14,705,711,7,102.4427018659,113.67870375531402,2025-12-12,
20261008,730,670,60,rolling_horizon,seasonal_linear_regression,14,705,712,8,97.2419952584,103.8129760093052,2025-12-13,
20261008,730,670,60,rolling_horizon,seasonal_linear_regression,14,705,713,9,114.2274385444,109.65028731741268,2025-12-14,
20261008,730,670,60,rolling_horizon,seasonal_linear_regression,14,705,714,10,124.6821661264,122.08123561589537,2025-12-15,
20261008,730,670,60,rolling_horizon,seasonal_linear_regression,14,705,715,11,137.1927210045,139.12018111259476,2025-12-16,
20261008,730,670,60,rolling_horizon,seasonal_linear_regression,14,705,716,12,136.9806933036,141.50084469358399,2025-12-17,
20261008,730,670,60,rolling_horizon,seasonal_linear_regression,14,705,717,13,137.8994379973,133.5654194764261,2025-12-18,
20261008,730,670,60,rolling_horizon,seasonal_linear_regression,14,705,718,14,119.7019547049,117.07648939090768,2025-12-19,
20261008,730,670,60,rolling_horizon,seasonal_linear_regression,14,706,706,1,97.1541570139,106.2412951286201,2025-12-07,
20261008,730,670,60,rolling_horizon,seasonal_linear_regression,14,706,707,2,116.0552552441,118.15255001308697,2025-12-08,
20261008,730,670,60,rolling_horizon,seasonal_linear_regression,14,706,708,3,124.9869441925,133.5341749155782,2025-12-09,
20261008,730,670,60,rolling_horizon,seasonal_linear_regression,14,706,709,4,133.985128528,137.03699896539501,2025-12-10,
20261008,730,670,60,rolling_horizon,seasonal_linear_regression,14,706,710,5,129.1625511456,128.60980218666327,2025-12-11,
20261008,730,670,60,rolling_horizon,seasonal_linear_regression,14,706,711,6,102.4427018659,113.47311186256456,2025-12-12,
20261008,730,670,60,rolling_horizon,seasonal_linear_regression,14,706,712,7,97.2419952584,103.80937465896432,2025-12-13,
20261008,730,670,60,rolling_horizon,seasonal_linear_regression,14,706,713,8,114.2274385444,109.74629321177599,2025-12-14,
20261008,730,670,60,rolling_horizon,seasonal_linear_regression,14,706,714,9,124.6821661264,122.04790009466251,2025-12-15,
20261008,730,670,60,rolling_horizon,seasonal_linear_regression,14,706,715,10,137.1927210045,139.1546198165306,2025-12-16,
20261008,730,670,60,rolling_horizon,seasonal_linear_regression,14,706,716,11,136.9806933036,141.62268539835213,2025-12-17,
20261008,730,670,60,rolling_horizon,seasonal_linear_regression,14,706,717,12,137.8994379973,133.6714459911782,2025-12-18,
20261008,730,670,60,rolling_horizon,seasonal_linear_regression,14,706,718,13,119.7019547049,117.08201006029685,2025-12-19,
20261008,730,670,60,rolling_horizon,seasonal_linear_regression,14,706,719,14,108.3331542232,107.01567530662169,2025-12-20,
20261008,730,670,60,rolling_horizon,seasonal_linear_regression,14,707,707,1,116.0552552441,118.1586326218926,2025-12-08,
20261008,730,670,60,rolling_horizon,seasonal_linear_regression,14,707,708,2,124.9869441925,133.2240892521363,2025-12-09,
20261008,730,670,60,rolling_horizon,seasonal_linear_regression,14,707,709,3,133.985128528,136.79402151037766,2025-12-10,
20261008,730,670,60,rolling_horizon,seasonal_linear_regression,14,707,710,4,129.1625511456,128.40189341024188,2025-12-11,
20261008,730,670,60,rolling_horizon,seasonal_linear_regression,14,707,711,5,102.4427018659,113.28552113175829,2025-12-12,
20261008,730,670,60,rolling_horizon,seasonal_linear_regression,14,707,712,6,97.2419952584,103.73880733540227,2025-12-13,
20261008,730,670,60,rolling_horizon,seasonal_linear_regression,14,707,713,7,114.2274385444,109.69327672604186,2025-12-14,
20261008,730,670,60,rolling_horizon,seasonal_linear_regression,14,707,714,8,124.6821661264,122.162268016084,2025-12-15,
20261008,730,670,60,rolling_horizon,seasonal_linear_regression,14,707,715,9,137.1927210045,139.16677187376126,2025-12-16,
20261008,730,670,60,rolling_horizon,seasonal_linear_regression,14,707,716,10,136.9806933036,141.7294860584343,2025-12-17,
20261008,730,670,60,rolling_horizon,seasonal_linear_regression,14,707,717,11,137.8994379973,133.69426620214062,2025-12-18,
20261008,730,670,60,rolling_horizon,seasonal_linear_regression,14,707,718,12,119.7019547049,117.17465889479672,2025-12-19,
20261008,730,670,60,rolling_horizon,seasonal_linear_regression,14,707,719,13,108.3331542232,107.12255147665428,2025-12-20,
20261008,730,670,60,rolling_horizon,seasonal_linear_regression,14,707,720,14,108.8625518294,110.68154688994036,2025-12-21,
20261008,730,670,60,rolling_horizon,seasonal_linear_regression,14,708,708,1,124.9869441925,133.24813896074738,2025-12-09,
20261008,730,670,60,rolling_horizon,seasonal_linear_regression,14,708,709,2,133.985128528,136.72012003396503,2025-12-10,
20261008,730,670,60,rolling_horizon,seasonal_linear_regression,14,708,710,3,129.1625511456,128.36592886156086,2025-12-11,
20261008,730,670,60,rolling_horizon,seasonal_linear_regression,14,708,711,4,102.4427018659,113.2353461318421,2025-12-12,
20261008,730,670,60,rolling_horizon,seasonal_linear_regression,14,708,712,5,97.2419952584,103.66811002269105,2025-12-13,
20261008,730,670,60,rolling_horizon,seasonal_linear_regression,14,708,713,6,114.2274385444,109.63122856757536,2025-12-14,
20261008,730,670,60,rolling_horizon,seasonal_linear_regression,14,708,714,7,124.6821661264,122.17067012306825,2025-12-15,
20261008,730,670,60,rolling_horizon,seasonal_linear_regression,14,708,715,8,137.1927210045,139.16842021093453,2025-12-16,
20261008,730,670,60,rolling_horizon,seasonal_linear_regression,14,708,716,9,136.9806933036,141.72016119386808,2025-12-17,
20261008,730,670,60,rolling_horizon,seasonal_linear_regression,14,708,717,10,137.8994379973,133.6918037314772,2025-12-18,
20261008,730,670,60,rolling_horizon,seasonal_linear_regression,14,708,718,11,119.7019547049,117.20622638904388,2025-12-19,
20261008,730,670,60,rolling_horizon,seasonal_linear_regression,14,708,719,12,108.3331542232,107.12601871320521,2025-12-20,
20261008,730,670,60,rolling_horizon,seasonal_linear_regression,14,708,720,13,108.8625518294,110.69295588877912,2025-12-21,
20261008,730,670,60,rolling_horizon,seasonal_linear_regression,14,708,721,14,120.5254118304,124.29117377109424,2025-12-22,
20261008,730,670,60,rolling_horizon,seasonal_linear_regression,14,709,709,1,133.985128528,136.72784910337896,2025-12-10,
20261008,730,670,60,rolling_horizon,seasonal_linear_regression,14,709,710,2,129.1625511456,128.0283765812419,2025-12-11,
20261008,730,670,60,rolling_horizon,seasonal_linear_regression,14,709,711,3,102.4427018659,113.05863049552545,2025-12-12,
20261008,730,670,60,rolling_horizon,seasonal_linear_regression,14,709,712,4,97.2419952584,103.48049613987268,2025-12-13,
20261008,730,670,60,rolling_horizon,seasonal_linear_regression,14,709,713,5,114.2274385444,109.3127464587451,2025-12-14,
20261008,730,670,60,rolling_horizon,seasonal_linear_regression,14,709,714,6,124.6821661264,121.95982993359667,2025-12-15,
20261008,730,670,60,rolling_horizon,seasonal_linear_regression,14,709,715,7,137.1927210045,139.22429625965015,2025-12-16,
20261008,730,670,60,rolling_horizon,seasonal_linear_regression,14,709,716,8,136.9806933036,141.86950467069937,2025-12-17,
20261008,730,670,60,rolling_horizon,seasonal_linear_regression,14,709,717,9,137.8994379973,133.8218822229269,2025-12-18,
20261008,730,670,60,rolling_horizon,seasonal_linear_regression,14,709,718,10,119.7019547049,117.26377547055154,2025-12-19,
20261008,730,670,60,rolling_horizon,seasonal_linear_regression,14,709,719,11,108.3331542232,107.23103444098297,2025-12-20,
20261008,730,670,60,rolling_horizon,seasonal_linear_regression,14,709,720,12,108.8625518294,110.80748155001356,2025-12-21,
20261008,730,670,60,rolling_horizon,seasonal_linear_regression,14,709,721,13,120.5254118304,124.4380339323775,2025-12-22,
20261008,730,670,60,rolling_horizon,seasonal_linear_regression,14,709,722,14,139.3049085557,139.3552580006226,2025-12-23,
20261008,730,670,60,rolling_horizon,seasonal_linear_regression,14,710,710,1,129.1625511456,128.0148750880776,2025-12-11,
20261008,730,670,60,rolling_horizon,seasonal_linear_regression,14,710,711,2,102.4427018659,112.95707467671173,2025-12-12,
20261008,730,670,60,rolling_horizon,seasonal_linear_regression,14,710,712,3,97.2419952584,103.38877833530933,2025-12-13,
20261008,730,670,60,rolling_horizon,seasonal_linear_regression,14,710,713,4,114.2274385444,109.21181828174485,2025-12-14,
20261008,730,670,60,rolling_horizon,seasonal_linear_regression,14,710,714,5,124.6821661264,121.87278604326912,2025-12-15,
20261008,730,670,60,rolling_horizon,seasonal_linear_regression,14,710,715,6,137.1927210045,139.10397929189776,2025-12-16,
20261008,730,670,60,rolling_horizon,seasonal_linear_regression,14,710,716,7,136.9806933036,141.86095605677474,2025-12-17,
20261008,730,670,60,rolling_horizon,seasonal_linear_regression,14,710,717,8,137.8994379973,133.83625922609826,2025-12-18,
20261008,730,670,60,rolling_horizon,seasonal_linear_regression,14,710,718,9,119.7019547049,117.30061539160351,2025-12-19,
20261008,730,670,60,rolling_horizon,seasonal_linear_regression,14,710,719,10,108.3331542232,107.26880865251269,2025-12-20,
20261008,730,670,60,rolling_horizon,seasonal_linear_regression,14,710,720,11,108.8625518294,110.85470374587021,2025-12-21,
20261008,730,670,60,rolling_horizon,seasonal_linear_regression,14,710,721,12,120.5254118304,124.4560409602791,2025-12-22,
20261008,730,670,60,rolling_horizon,seasonal_linear_regression,14,710,722,13,139.3049085557,139.4118236356162,2025-12-23,
20261008,730,670,60,rolling_horizon,seasonal_linear_regression,14,710,723,14,143.880104289,142.9822953618209,2025-12-24,
20261008,730,670,60,rolling_horizon,seasonal_linear_regression,14,711,711,1,102.4427018659,112.97905844518391,2025-12-12,
20261008,730,670,60,rolling_horizon,seasonal_linear_regression,14,711,712,2,97.2419952584,103.43170368413757,2025-12-13,
20261008,730,670,60,rolling_horizon,seasonal_linear_regression,14,711,713,3,114.2274385444,109.2500211026645,2025-12-14,
20261008,730,670,60,rolling_horizon,seasonal_linear_regression,14,711,714,4,124.6821661264,121.91941927168409,2025-12-15,
20261008,730,670,60,rolling_horizon,seasonal_linear_regression,14,711,715,5,137.1927210045,139.14102236014196,2025-12-16,
20261008,730,670,60,rolling_horizon,seasonal_linear_regression,14,711,716,6,136.9806933036,141.88454247495656,2025-12-17,
20261008,730,670,60,rolling_horizon,seasonal_linear_regression,14,711,717,7,137.8994379973,133.83181337471206,2025-12-18,
20261008,730,670,60,rolling_horizon,seasonal_linear_regression,14,711,718,8,119.7019547049,117.29121535839204,2025-12-19,
20261008,730,670,60,rolling_horizon,seasonal_linear_regression,14,711,719,9,108.3331542232,107.2452796719208,2025-12-20,
20261008,730,670,60,rolling_horizon,seasonal_linear_regression,14,711,720,10,108.8625518294,110.83329982198529,2025-12-21,
20261008,730,670,60,rolling_horizon,seasonal_linear_regression,14,711,721,11,120.5254118304,124.44289999466127,2025-12-22,
20261008,730,670,60,rolling_horizon,seasonal_linear_regression,14,711,722,12,139.3049085557,139.39014147272155,2025-12-23,
20261008,730,670,60,rolling_horizon,seasonal_linear_regression,14,711,723,13,143.880104289,142.96720293679437,2025-12-24,
20261008,730,670,60,rolling_horizon,seasonal_linear_regression,14,711,724,14,126.2461868417,134.70883996655675,2025-12-25,
20261008,730,670,60,rolling_horizon,seasonal_linear_regression,14,712,712,1,97.2419952584,103.25316816674967,2025-12-13,
20261008,730,670,60,rolling_horizon,seasonal_linear_regression,14,712,713,2,114.2274385444,108.92965329685921,2025-12-14,
20261008,730,670,60,rolling_horizon,seasonal_linear_regression,14,712,714,3,124.6821661264,121.30824305137776,2025-12-15,
20261008,730,670,60,rolling_horizon,seasonal_linear_regression,14,712,715,4,137.1927210045,138.66770178356,2025-12-16,
20261008,730,670,60,rolling_horizon,seasonal_linear_regression,14,712,716,5,136.9806933036,141.61313825042953,2025-12-17,
20261008,730,670,60,rolling_horizon,seasonal_linear_regression,14,712,717,6,137.8994379973,133.56690886698152,2025-12-18,
20261008,730,670,60,rolling_horizon,seasonal_linear_regression,14,712,718,7,119.7019547049,117.26550536566629,2025-12-19,
20261008,730,670,60,rolling_horizon,seasonal_linear_regression,14,712,719,8,108.3331542232,107.54563882271032,2025-12-20,
20261008,730,670,60,rolling_horizon,seasonal_linear_regression,14,712,720,9,108.8625518294,111.09296340243691,2025-12-21,
20261008,730,670,60,rolling_horizon,seasonal_linear_regression,14,712,721,10,120.5254118304,124.51512164150017,2025-12-22,
20261008,730,670,60,rolling_horizon,seasonal_linear_regression,14,712,722,11,139.3049085557,139.72987047957304,2025-12-23,
20261008,730,670,60,rolling_horizon,seasonal_linear_regression,14,712,723,12,143.880104289,143.173803400181,2025-12-24,
20261008,730,670,60,rolling_horizon,seasonal_linear_regression,14,712,724,13,126.2461868417,135.00029012458162,2025-12-25,
20261008,730,670,60,rolling_horizon,seasonal_linear_regression,14,712,725,14,107.3164425454,118.78827026120962,2025-12-26,
20261008,730,670,60,rolling_horizon,seasonal_linear_regression,14,713,713,1,114.2274385444,108.75667218072886,2025-12-14,
20261008,730,670,60,rolling_horizon,seasonal_linear_regression,14,713,714,2,124.6821661264,120.9438461651107,2025-12-15,
20261008,730,670,60,rolling_horizon,seasonal_linear_regression,14,713,715,3,137.1927210045,138.3259923683072,2025-12-16,
20261008,730,670,60,rolling_horizon,seasonal_linear_regression,14,713,716,4,136.9806933036,141.2321585039581,2025-12-17,
20261008,730,670,60,rolling_horizon,seasonal_linear_regression,14,713,717,5,137.8994379973,133.31687958439989,2025-12-18,
20261008,730,670,60,rolling_horizon,seasonal_linear_regression,14,713,718,6,119.7019547049,116.98307597379198,2025-12-19,
20261008,730,670,60,rolling_horizon,seasonal_linear_regression,14,713,719,7,108.3331542232,107.4464786919525,2025-12-20,
20261008,730,670,60,rolling_horizon,seasonal_linear_regression,14,713,720,8,108.8625518294,111.08456071986984,2025-12-21,
20261008,730,670,60,rolling_horizon,seasonal_linear_regression,14,713,721,9,120.5254118304,124.61361709754101,2025-12-22,
20261008,730,670,60,rolling_horizon,seasonal_linear_regression,14,713,722,10,139.3049085557,139.7053364530866,2025-12-23,
20261008,730,670,60,rolling_horizon,seasonal_linear_regression,14,713,723,11,143.880104289,143.29591942341267,2025-12-24,
20261008,730,670,60,rolling_horizon,seasonal_linear_regression,14,713,724,12,126.2461868417,135.13743090730486,2025-12-25,
20261008,730,670,60,rolling_horizon,seasonal_linear_regression,14,713,725,13,107.3164425454,118.86520237732384,2025-12-26,
20261008,730,670,60,rolling_horizon,seasonal_linear_regression,14,713,726,14,118.4815108613,109.27663942299478,2025-12-27,
20261008,730,670,60,rolling_horizon,seasonal_linear_regression,14,714,714,1,124.6821661264,121.05593585882343,2025-12-15,
20261008,730,670,60,rolling_horizon,seasonal_linear_regression,14,714,715,2,137.1927210045,138.6634056655148,2025-12-16,
20261008,730,670,60,rolling_horizon,seasonal_linear_regression,14,714,716,3,136.9806933036,141.5676806047427,2025-12-17,
20261008,730,670,60,rolling_horizon,seasonal_linear_regression,14,714,717,4,137.8994379973,133.60343739332984,2025-12-18,
20261008,730,670,60,rolling_horizon,seasonal_linear_regression,14,714,718,5,119.7019547049,117.2542506422792,2025-12-19,
20261008,730,670,60,rolling_horizon,seasonal_linear_regression,14,714,719,6,108.3331542232,107.72931679602334,2025-12-20,
20261008,730,670,60,rolling_horizon,seasonal_linear_regression,14,714,720,7,108.8625518294,111.12297049781546,2025-12-21,
20261008,730,670,60,rolling_horizon,seasonal_linear_regression,14,714,721,8,120.5254118304,124.5408340926956,2025-12-22,
20261008,730,670,60,rolling_horizon,seasonal_linear_regression,14,714,722,9,139.3049085557,139.68976605828266,2025-12-23,
20261008,730,670,60,rolling_horizon,seasonal_linear_regression,14,714,723,10,143.880104289,143.22247463602207,2025-12-24,
20261008,730,670,60,rolling_horizon,seasonal_linear_regression,14,714,724,11,126.2461868417,135.06989133400066,2025-12-25,
20261008,730,670,60,rolling_horizon,seasonal_linear_regression,14,714,725,12,107.3164425454,118.73969252411189,2025-12-26,
20261008,730,670,60,rolling_horizon,seasonal_linear_regression,14,714,726,13,118.4815108613,109.13854499745321,2025-12-27,
20261008,730,670,60,rolling_horizon,seasonal_linear_regression,14,714,727,14,115.7158276032,114.26087575296833,2025-12-28,
20261008,730,670,60,rolling_horizon,seasonal_linear_regression,14,715,715,1,137.1927210045,138.75139723512893,2025-12-16,
20261008,730,670,60,rolling_horizon,seasonal_linear_regression,14,715,716,2,136.9806933036,141.7216953983625,2025-12-17,
20261008,730,670,60,rolling_horizon,seasonal_linear_regression,14,715,717,3,137.8994379973,133.73141100469138,2025-12-18,
20261008,730,670,60,rolling_horizon,seasonal_linear_regression,14,715,718,4,119.7019547049,117.39149330352848,2025-12-19,
20261008,730,670,60,rolling_horizon,seasonal_linear_regression,14,715,719,5,108.3331542232,107.81459364535885,2025-12-20,
20261008,730,670,60,rolling_horizon,seasonal_linear_regression,14,715,720,6,108.8625518294,111.21563666268139,2025-12-21,
20261008,730,670,60,rolling_horizon,seasonal_linear_regression,14,715,721,7,120.5254118304,124.53402296859213,2025-12-22,
20261008,730,670,60,rolling_horizon,seasonal_linear_regression,14,715,722,8,139.3049085557,139.61889332699502,2025-12-23,
20261008,730,670,60,rolling_horizon,seasonal_linear_regression,14,715,723,9,143.880104289,143.15126758123142,2025-12-24,
20261008,730,670,60,rolling_horizon,seasonal_linear_regression,14,715,724,10,126.2461868417,134.98648865177574,2025-12-25,
20261008,730,670,60,rolling_horizon,seasonal_linear_regression,14,715,725,11,107.3164425454,118.67499959328643,2025-12-26,
20261008,730,670,60,rolling_horizon,seasonal_linear_regression,14,715,726,12,118.4815108613,109.07868310316417,2025-12-27,
20261008,730,670,60,rolling_horizon,seasonal_linear_regression,14,715,727,13,115.7158276032,114.16720081383937,2025-12-28,
20261008,730,670,60,rolling_horizon,seasonal_linear_regression,14,715,728,14,127.5141535018,126.77062972892918,2025-12-29,
20261008,730,670,60,rolling_horizon,seasonal_linear_regression,14,716,716,1,136.9806933036,141.69151943236193,2025-12-17,
20261008,730,670,60,rolling_horizon,seasonal_linear_regression,14,716,717,2,137.8994379973,133.66347099093628,2025-12-18,
20261008,730,670,60,rolling_horizon,seasonal_linear_regression,14,716,718,3,119.7019547049,117.32520853026199,2025-12-19,
20261008,730,670,60,rolling_horizon,seasonal_linear_regression,14,716,719,4,108.3331542232,107.76117177676952,2025-12-20,
20261008,730,670,60,rolling_horizon,seasonal_linear_regression,14,716,720,5,108.8625518294,111.18768778855019,2025-12-21,
20261008,730,670,60,rolling_horizon,seasonal_linear_regression,14,716,721,6,120.5254118304,124.48775505211916,2025-12-22,
20261008,730,670,60,rolling_horizon,seasonal_linear_regression,14,716,722,7,139.3049085557,139.64115006222482,2025-12-23,
20261008,730,670,60,rolling_horizon,seasonal_linear_regression,14,716,723,8,143.880104289,143.17948219450136,2025-12-24,
20261008,730,670,60,rolling_horizon,seasonal_linear_regression,14,716,724,9,126.2461868417,135.02568165252114,2025-12-25,
20261008,730,670,60,rolling_horizon,seasonal_linear_regression,14,716,725,10,107.3164425454,118.70622444954188,2025-12-26,
20261008,730,670,60,rolling_horizon,seasonal_linear_regression,14,716,726,11,118.4815108613,109.10040454363116,2025-12-27,
20261008,730,670,60,rolling_horizon,seasonal_linear_regression,14,716,727,12,115.7158276032,114.2023533155193,2025-12-28,
20261008,730,670,60,rolling_horizon,seasonal_linear_regression,14,716,728,13,127.5141535018,126.8066796742819,2025-12-29,
20261008,730,670,60,rolling_horizon,seasonal_linear_regression,14,716,729,14,135.9980120378,141.4939616741908,2025-12-30,
20261008,730,670,60,rolling_horizon,naive_previous_week,30,670,670,1,93.6787814212,83.9475429092,2025-11-01,
20261008,730,670,60,rolling_horizon,naive_previous_week,30,670,671,2,88.2360415032,94.7010322375,2025-11-02,
20261008,730,670,60,rolling_horizon,naive_previous_week,30,670,672,3,105.9545255841,97.0254629902,2025-11-03,
20261008,730,670,60,rolling_horizon,naive_previous_week,30,670,673,4,119.7326428272,128.749535473,2025-11-04,
20261008,730,670,60,rolling_horizon,naive_previous_week,30,670,674,5,122.247387964,116.333947168,2025-11-05,
20261008,730,670,60,rolling_horizon,naive_previous_week,30,670,675,6,111.0550970756,110.3990704506,2025-11-06,
20261008,730,670,60,rolling_horizon,naive_previous_week,30,670,676,7,102.903983799,93.5192235959,2025-11-07,
20261008,730,670,60,rolling_horizon,naive_previous_week,30,670,677,8,85.6239730153,83.9475429092,2025-11-08,
20261008,730,670,60,rolling_horizon,naive_previous_week,30,670,678,9,88.7840059698,94.7010322375,2025-11-09,
20261008,730,670,60,rolling_horizon,naive_previous_week,30,670,679,10,105.4360307607,97.0254629902,2025-11-10,
20261008,730,670,60,rolling_horizon,naive_previous_week,30,670,680,11,130.1261804302,128.749535473,2025-11-11,
20261008,730,670,60,rolling_horizon,naive_previous_week,30,670,681,12,120.2341328764,116.333947168,2025-11-12,
20261008,730,670,60,rolling_horizon,naive_previous_week,30,670,682,13,116.4643974318,110.3990704506,2025-11-13,
20261008,730,670,60,rolling_horizon,naive_previous_week,30,670,683,14,91.643990521,93.5192235959,2025-11-14,
20261008,730,670,60,rolling_horizon,naive_previous_week,30,670,684,15,98.2022208221,83.9475429092,2025-11-15,
20261008,730,670,60,rolling_horizon,naive_previous_week,30,670,685,16,100.9062127562,94.7010322375,2025-11-16,
20261008,730,670,60,rolling_horizon,naive_previous_week,30,670,686,17,106.053250609,97.0254629902,2025-11-17,
20261008,730,670,60,rolling_horizon,naive_previous_week,30,670,687,18,116.1333607552,128.749535473,2025-11-18,
20261008,730,670,60,rolling_horizon,naive_previous_week,30,670,688,19,131.4291834004,116.333947168,2025-11-19,
20261008,730,670,60,rolling_horizon,naive_previous_week,30,670,689,20,117.2375226637,110.3990704506,2025-11-20,
20261008,730,670,60,rolling_horizon,naive_previous_week,30,670,690,21,104.4585069656,93.5192235959,2025-11-21,
20261008,730,670,60,rolling_horizon,naive_previous_week,30,670,691,22,101.0512216839,83.9475429092,2025-11-22,
20261008,730,670,60,rolling_horizon,naive_previous_week,30,670,692,23,106.7080803311,94.7010322375,2025-11-23,
20261008,730,670,60,rolling_horizon,naive_previous_week,30,670,693,24,104.8566719454,97.0254629902,2025-11-24,
20261008,730,670,60,rolling_horizon,naive_previous_week,30,670,694,25,141.7294464397,128.749535473,2025-11-25,
20261008,730,670,60,rolling_horizon,naive_previous_week,30,670,695,26,130.7468418113,116.333947168,2025-11-26,
20261008,730,670,60,rolling_horizon,naive_previous_week,30,670,696,27,128.4356754052,110.3990704506,2025-11-27,
20261008,730,670,60,rolling_horizon,naive_previous_week,30,670,697,28,106.0560514778,93.5192235959,2025-11-28,
20261008,730,670,60,rolling_horizon,naive_previous_week,30,670,698,29,87.0788274448,83.9475429092,2025-11-29,
20261008,730,670,60,rolling_horizon,naive_previous_week,30,670,699,30,103.140705212,94.7010322375,2025-11-30,
20261008,730,670,60,rolling_horizon,naive_previous_week,30,671,671,1,88.2360415032,94.7010322375,2025-11-02,
20261008,730,670,60,rolling_horizon,naive_previous_week,30,671,672,2,105.9545255841,97.0254629902,2025-11-03,
20261008,730,670,60,rolling_horizon,naive_previous_week,30,671,673,3,119.7326428272,128.749535473,2025-11-04,
20261008,730,670,60,rolling_horizon,naive_previous_week,30,671,674,4,122.247387964,116.333947168,2025-11-05,
20261008,730,670,60,rolling_horizon,naive_previous_week,30,671,675,5,111.0550970756,110.3990704506,2025-11-06,
20261008,730,670,60,rolling_horizon,naive_previous_week,30,671,676,6,102.903983799,93.5192235959,2025-11-07,
20261008,730,670,60,rolling_horizon,naive_previous_week,30,671,677,7,85.6239730153,93.6787814212,2025-11-08,
20261008,730,670,60,rolling_horizon,naive_previous_week,30,671,678,8,88.7840059698,94.7010322375,2025-11-09,
20261008,730,670,60,rolling_horizon,naive_previous_week,30,671,679,9,105.4360307607,97.0254629902,2025-11-10,
20261008,730,670,60,rolling_horizon,naive_previous_week,30,671,680,10,130.1261804302,128.749535473,2025-11-11,
20261008,730,670,60,rolling_horizon,naive_previous_week,30,671,681,11,120.2341328764,116.333947168,2025-11-12,
20261008,730,670,60,rolling_horizon,naive_previous_week,30,671,682,12,116.4643974318,110.3990704506,2025-11-13,
20261008,730,670,60,rolling_horizon,naive_previous_week,30,671,683,13,91.643990521,93.5192235959,2025-11-14,
20261008,730,670,60,rolling_horizon,naive_previous_week,30,671,684,14,98.2022208221,93.6787814212,2025-11-15,
20261008,730,670,60,rolling_horizon,naive_previous_week,30,671,685,15,100.9062127562,94.7010322375,2025-11-16,
20261008,730,670,60,rolling_horizon,naive_previous_week,30,671,686,16,106.053250609,97.0254629902,2025-11-17,
20261008,730,670,60,rolling_horizon,naive_previous_week,30,671,687,17,116.1333607552,128.749535473,2025-11-18,
20261008,730,670,60,rolling_horizon,naive_previous_week,30,671,688,18,131.4291834004,116.333947168,2025-11-19,
20261008,730,670,60,rolling_horizon,naive_previous_week,30,671,689,19,117.2375226637,110.3990704506,2025-11-20,
20261008,730,670,60,rolling_horizon,naive_previous_week,30,671,690,20,104.4585069656,93.5192235959,2025-11-21,
20261008,730,670,60,rolling_horizon,naive_previous_week,30,671,691,21,101.0512216839,93.6787814212,2025-11-22,
20261008,730,670,60,rolling_horizon,naive_previous_week,30,671,692,22,106.7080803311,94.7010322375,2025-11-23,
20261008,730,670,60,rolling_horizon,naive_previous_week,30,671,693,23,104.8566719454,97.0254629902,2025-11-24,
20261008,730,670,60,rolling_horizon,naive_previous_week,30,671,694,24,141.7294464397,128.749535473,2025-11-25,
20261008,730,670,60,rolling_horizon,naive_previous_week,30,671,695,25,130.7468418113,116.333947168,2025-11-26,
20261008,730,670,60,rolling_horizon,naive_previous_week,30,671,696,26,128.4356754052,110.3990704506,2025-11-27,
20261008,730,670,60,rolling_horizon,naive_previous_week,30,671,697,27,106.0560514778,93.5192235959,2025-11-28,
20261008,730,670,60,rolling_horizon,naive_previous_week,30,671,698,28,87.0788274448,93.6787814212,2025-11-29,
20261008,730,670,60,rolling_horizon,naive_previous_week,30,671,699,29,103.140705212,94.7010322375,2025-11-30,
20261008,730,670,60,rolling_horizon,naive_previous_week,30,671,700,30,113.8373914368,97.0254629902,2025-12-01,
20261008,730,670,60,rolling_horizon,naive_previous_week,30,672,672,1,105.9545255841,97.0254629902,2025-11-03,
20261008,730,670,60,rolling_horizon,naive_previous_week,30,672,673,2,119.7326428272,128.749535473,2025-11-04,
20261008,730,670,60,rolling_horizon,naive_previous_week,30,672,674,3,122.247387964,116.333947168,2025-11-05,
20261008,730,670,60,rolling_horizon,naive_previous_week,30,672,675,4,111.0550970756,110.3990704506,2025-11-06,
20261008,730,670,60,rolling_horizon,naive_previous_week,30,672,676,5,102.903983799,93.5192235959,2025-11-07,
20261008,730,670,60,rolling_horizon,naive_previous_week,30,672,677,6,85.6239730153,93.6787814212,2025-11-08,
20261008,730,670,60,rolling_horizon,naive_previous_week,30,672,678,7,88.7840059698,88.2360415032,2025-11-09,
20261008,730,670,60,rolling_horizon,naive_previous_week,30,672,679,8,105.4360307607,97.0254629902,2025-11-10,
20261008,730,670,60,rolling_horizon,naive_previous_week,30,672,680,9,130.1261804302,128.749535473,2025-11-11,
20261008,730,670,60,rolling_horizon,naive_previous_week,30,672,681,10,120.2341328764,116.333947168,2025-11-12,
20261008,730,670,60,rolling_horizon,naive_previous_week,30,672,682,11,116.4643974318,110.3990704506,2025-11-13,
20261008,730,670,60,rolling_horizon,naive_previous_week,30,672,683,12,91.643990521,93.5192235959,2025-11-14,
20261008,730,670,60,rolling_horizon,naive_previous_week,30,672,684,13,98.2022208221,93.6787814212,2025-11-15,
20261008,730,670,60,rolling_horizon,naive_previous_week,30,672,685,14,100.9062127562,88.2360415032,2025-11-16,
20261008,730,670,60,rolling_horizon,naive_previous_week,30,672,686,15,106.053250609,97.0254629902,2025-11-17,
20261008,730,670,60,rolling_horizon,naive_previous_week,30,672,687,16,116.1333607552,128.749535473,2025-11-18,
20261008,730,670,60,rolling_horizon,naive_previous_week,30,672,688,17,131.4291834004,116.333947168,2025-11-19,
20261008,730,670,60,rolling_horizon,naive_previous_week,30,672,689,18,117.2375226637,110.3990704506,2025-11-20,
20261008,730,670,60,rolling_horizon,naive_previous_week,30,672,690,19,104.4585069656,93.5192235959,2025-11-21,
20261008,730,670,60,rolling_horizon,naive_previous_week,30,672,691,20,101.0512216839,93.6787814212,2025-11-22,
20261008,730,670,60,rolling_horizon,naive_previous_week,30,672,692,21,106.7080803311,88.2360415032,2025-11-23,
20261008,730,670,60,rolling_horizon,naive_previous_week,30,672,693,22,104.8566719454,97.0254629902,2025-11-24,
20261008,730,670,60,rolling_horizon,naive_previous_week,30,672,694,23,141.7294464397,128.749535473,2025-11-25,
20261008,730,670,60,rolling_horizon,naive_previous_week,30,672,695,24,130.7468418113,116.333947168,2025-11-26,
20261008,730,670,60,rolling_horizon,naive_previous_week,30,672,696,25,128.4356754052,110.3990704506,2025-11-27,
20261008,730,670,60,rolling_horizon,naive_previous_week,30,672,697,26,106.0560514778,93.5192235959,2025-11-28,
20261008,730,670,60,rolling_horizon,naive_previous_week,30,672,698,27,87.0788274448,93.6787814212,2025-11-29,
20261008,730,670,60,rolling_horizon,naive_previous_week,30,672,699,28,103.140705212,88.2360415032,2025-11-30,
20261008,730,670,60,rolling_horizon,naive_previous_week,30,672,700,29,113.8373914368,97.0254629902,2025-12-01,
20261008,730,670,60,rolling_horizon,naive_previous_week,30,672,701,30,128.6959921408,128.749535473,2025-12-02,
20261008,730,670,60,rolling_horizon,naive_previous_week,30,673,673,1,119.7326428272,128.749535473,2025-11-04,
20261008,730,670,60,rolling_horizon,naive_previous_week,30,673,674,2,122.247387964,116.333947168,2025-11-05,
20261008,730,670,60,rolling_horizon,naive_previous_week,30,673,675,3,111.0550970756,110.3990704506,2025-11-06,
20261008,730,670,60,rolling_horizon,naive_previous_week,30,673,676,4,102.903983799,93.5192235959,2025-11-07,
20261008,730,670,60,rolling_horizon,naive_previous_week,30,673,677,5,85.6239730153,93.6787814212,2025-11-08,
20261008,730,670,60,rolling_horizon,naive_previous_week,30,673,678,6,88.7840059698,88.2360415032,2025-11-09,
20261008,730,670,60,rolling_horizon,naive_previous_week,30,673,679,7,105.4360307607,105.9545255841,2025-11-10,
20261008,730,670,60,rolling_horizon,naive_previous_week,30,673,680,8,130.1261804302,128.749535473,2025-11-11,
20261008,730,670,60,rolling_horizon,naive_previous_week,30,673,681,9,120.2341328764,116.333947168,2025-11-12,
20261008,730,670,60,rolling_horizon,naive_previous_week,30,673,682,10,116.4643974318,110.3990704506,2025-11-13,
20261008,730,670,60,rolling_horizon,naive_previous_week,30,673,683,11,91.643990521,93.5192235959,2025-11-14,
20261008,730,670,60,rolling_horizon,naive_previous_week,30,673,684,12,98.2022208221,93.6787814212,2025-11-15,
20261008,730,670,60,rolling_horizon,naive_previous_week,30,673,685,13,100.9062127562,88.2360415032,2025-11-16,
20261008,730,670,60,rolling_horizon,naive_previous_week,30,673,686,14,106.053250609,105.9545255841,2025-11-17,
20261008,730,670,60,rolling_horizon,naive_previous_week,30,673,687,15,116.1333607552,128.749535473,2025-11-18,
20261008,730,670,60,rolling_horizon,naive_previous_week,30,673,688,16,131.4291834004,116.333947168,2025-11-19,
20261008,730,670,60,rolling_horizon,naive_previous_week,30,673,689,17,117.2375226637,110.3990704506,2025-11-20,
20261008,730,670,60,rolling_horizon,naive_previous_week,30,673,690,18,104.4585069656,93.5192235959,2025-11-21,
20261008,730,670,60,rolling_horizon,naive_previous_week,30,673,691,19,101.0512216839,93.6787814212,2025-11-22,
20261008,730,670,60,rolling_horizon,naive_previous_week,30,673,692,20,106.7080803311,88.2360415032,2025-11-23,
20261008,730,670,60,rolling_horizon,naive_previous_week,30,673,693,21,104.8566719454,105.9545255841,2025-11-24,
20261008,730,670,60,rolling_horizon,naive_previous_week,30,673,694,22,141.7294464397,128.749535473,2025-11-25,
20261008,730,670,60,rolling_horizon,naive_previous_week,30,673,695,23,130.7468418113,116.333947168,2025-11-26,
20261008,730,670,60,rolling_horizon,naive_previous_week,30,673,696,24,128.4356754052,110.3990704506,2025-11-27,
20261008,730,670,60,rolling_horizon,naive_previous_week,30,673,697,25,106.0560514778,93.5192235959,2025-11-28,
20261008,730,670,60,rolling_horizon,naive_previous_week,30,673,698,26,87.0788274448,93.6787814212,2025-11-29,
20261008,730,670,60,rolling_horizon,naive_previous_week,30,673,699,27,103.140705212,88.2360415032,2025-11-30,
20261008,730,670,60,rolling_horizon,naive_previous_week,30,673,700,28,113.8373914368,105.9545255841,2025-12-01,
20261008,730,670,60,rolling_horizon,naive_previous_week,30,673,701,29,128.6959921408,128.749535473,2025-12-02,
20261008,730,670,60,rolling_horizon,naive_previous_week,30,673,702,30,124.9544385883,116.333947168,2025-12-03,
20261008,730,670,60,rolling_horizon,naive_previous_week,30,674,674,1,122.247387964,116.333947168,2025-11-05,
20261008,730,670,60,rolling_horizon,naive_previous_week,30,674,675,2,111.0550970756,110.3990704506,2025-11-06,
20261008,730,670,60,rolling_horizon,naive_previous_week,30,674,676,3,102.903983799,93.5192235959,2025-11-07,
20261008,730,670,60,rolling_horizon,naive_previous_week,30,674,677,4,85.6239730153,93.6787814212,2025-11-08,
20261008,730,670,60,rolling_horizon,naive_previous_week,30,674,678,5,88.7840059698,88.2360415032,2025-11-09,
20261008,730,670,60,rolling_horizon,naive_previous_week,30,674,679,6,105.4360307607,105.9545255841,2025-11-10,
20261008,730,670,60,rolling_horizon,naive_previous_week,30,674,680,7,130.1261804302,119.7326428272,2025-11-11,
20261008,730,670,60,rolling_horizon,naive_previous_week,30,674,681,8,120.2341328764,116.333947168,2025-11-12,
20261008,730,670,60,rolling_horizon,naive_previous_week,30,674,682,9,116.4643974318,110.3990704506,2025-11-13,
20261008,730,670,60,rolling_horizon,naive_previous_week,30,674,683,10,91.643990521,93.5192235959,2025-11-14,
20261008,730,670,60,rolling_horizon,naive_previous_week,30,674,684,11,98.2022208221,93.6787814212,2025-11-15,
20261008,730,670,60,rolling_horizon,naive_previous_week,30,674,685,12,100.9062127562,88.2360415032,2025-11-16,
20261008,730,670,60,rolling_horizon,naive_previous_week,30,674,686,13,106.053250609,105.9545255841,2025-11-17,
20261008,730,670,60,rolling_horizon,naive_previous_week,30,674,687,14,116.1333607552,119.7326428272,2025-11-18,
20261008,730,670,60,rolling_horizon,naive_previous_week,30,674,688,15,131.4291834004,116.333947168,2025-11-19,
20261008,730,670,60,rolling_horizon,naive_previous_week,30,674,689,16,117.2375226637,110.3990704506,2025-11-20,
20261008,730,670,60,rolling_horizon,naive_previous_week,30,674,690,17,104.4585069656,93.5192235959,2025-11-21,
20261008,730,670,60,rolling_horizon,naive_previous_week,30,674,691,18,101.0512216839,93.6787814212,2025-11-22,
20261008,730,670,60,rolling_horizon,naive_previous_week,30,674,692,19,106.7080803311,88.2360415032,2025-11-23,
20261008,730,670,60,rolling_horizon,naive_previous_week,30,674,693,20,104.8566719454,105.9545255841,2025-11-24,
20261008,730,670,60,rolling_horizon,naive_previous_week,30,674,694,21,141.7294464397,119.7326428272,2025-11-25,
20261008,730,670,60,rolling_horizon,naive_previous_week,30,674,695,22,130.7468418113,116.333947168,2025-11-26,
20261008,730,670,60,rolling_horizon,naive_previous_week,30,674,696,23,128.4356754052,110.3990704506,2025-11-27,
20261008,730,670,60,rolling_horizon,naive_previous_week,30,674,697,24,106.0560514778,93.5192235959,2025-11-28,
20261008,730,670,60,rolling_horizon,naive_previous_week,30,674,698,25,87.0788274448,93.6787814212,2025-11-29,
20261008,730,670,60,rolling_horizon,naive_previous_week,30,674,699,26,103.140705212,88.2360415032,2025-11-30,
20261008,730,670,60,rolling_horizon,naive_previous_week,30,674,700,27,113.8373914368,105.9545255841,2025-12-01,
20261008,730,670,60,rolling_horizon,naive_previous_week,30,674,701,28,128.6959921408,119.7326428272,2025-12-02,
20261008,730,670,60,rolling_horizon,naive_previous_week,30,674,702,29,124.9544385883,116.333947168,2025-12-03,
20261008,730,670,60,rolling_horizon,naive_previous_week,30,674,703,30,123.0392046882,110.3990704506,2025-12-04,
20261008,730,670,60,rolling_horizon,naive_previous_week,30,675,675,1,111.0550970756,110.3990704506,2025-11-06,
20261008,730,670,60,rolling_horizon,naive_previous_week,30,675,676,2,102.903983799,93.5192235959,2025-11-07,
20261008,730,670,60,rolling_horizon,naive_previous_week,30,675,677,3,85.6239730153,93.6787814212,2025-11-08,
20261008,730,670,60,rolling_horizon,naive_previous_week,30,675,678,4,88.7840059698,88.2360415032,2025-11-09,
20261008,730,670,60,rolling_horizon,naive_previous_week,30,675,679,5,105.4360307607,105.9545255841,2025-11-10,
20261008,730,670,60,rolling_horizon,naive_previous_week,30,675,680,6,130.1261804302,119.7326428272,2025-11-11,
20261008,730,670,60,rolling_horizon,naive_previous_week,30,675,681,7,120.2341328764,122.247387964,2025-11-12,
20261008,730,670,60,rolling_horizon,naive_previous_week,30,675,682,8,116.4643974318,110.3990704506,2025-11-13,
20261008,730,670,60,rolling_horizon,naive_previous_week,30,675,683,9,91.643990521,93.5192235959,2025-11-14,
20261008,730,670,60,rolling_horizon,naive_previous_week,30,675,684,10,98.2022208221,93.6787814212,2025-11-15,
20261008,730,670,60,rolling_horizon,naive_previous_week,30,675,685,11,100.9062127562,88.2360415032,2025-11-16,
20261008,730,670,60,rolling_horizon,naive_previous_week,30,675,686,12,106.053250609,105.9545255841,2025-11-17,
20261008,730,670,60,rolling_horizon,naive_previous_week,30,675,687,13,116.1333607552,119.7326428272,2025-11-18,
20261008,730,670,60,rolling_horizon,naive_previous_week,30,675,688,14,131.4291834004,122.247387964,2025-11-19,
20261008,730,670,60,rolling_horizon,naive_previous_week,30,675,689,15,117.2375226637,110.3990704506,2025-11-20,
20261008,730,670,60,rolling_horizon,naive_previous_week,30,675,690,16,104.4585069656,93.5192235959,2025-11-21,
20261008,730,670,60,rolling_horizon,naive_previous_week,30,675,691,17,101.0512216839,93.6787814212,2025-11-22,
20261008,730,670,60,rolling_horizon,naive_previous_week,30,675,692,18,106.7080803311,88.2360415032,2025-11-23,
20261008,730,670,60,rolling_horizon,naive_previous_week,30,675,693,19,104.8566719454,105.9545255841,2025-11-24,
20261008,730,670,60,rolling_horizon,naive_previous_week,30,675,694,20,141.7294464397,119.7326428272,2025-11-25,
20261008,730,670,60,rolling_horizon,naive_previous_week,30,675,695,21,130.7468418113,122.247387964,2025-11-26,
20261008,730,670,60,rolling_horizon,naive_previous_week,30,675,696,22,128.4356754052,110.3990704506,2025-11-27,
20261008,730,670,60,rolling_horizon,naive_previous_week,30,675,697,23,106.0560514778,93.5192235959,2025-11-28,
20261008,730,670,60,rolling_horizon,naive_previous_week,30,675,698,24,87.0788274448,93.6787814212,2025-11-29,
20261008,730,670,60,rolling_horizon,naive_previous_week,30,675,699,25,103.140705212,88.2360415032,2025-11-30,
20261008,730,670,60,rolling_horizon,naive_previous_week,30,675,700,26,113.8373914368,105.9545255841,2025-12-01,
20261008,730,670,60,rolling_horizon,naive_previous_week,30,675,701,27,128.6959921408,119.7326428272,2025-12-02,
20261008,730,670,60,rolling_horizon,naive_previous_week,30,675,702,28,124.9544385883,122.247387964,2025-12-03,
20261008,730,670,60,rolling_horizon,naive_previous_week,30,675,703,29,123.0392046882,110.3990704506,2025-12-04,
20261008,730,670,60,rolling_horizon,naive_previous_week,30,675,704,30,112.0375299996,93.5192235959,2025-12-05,
20261008,730,670,60,rolling_horizon,naive_previous_week,30,676,676,1,102.903983799,93.5192235959,2025-11-07,
20261008,730,670,60,rolling_horizon,naive_previous_week,30,676,677,2,85.6239730153,93.6787814212,2025-11-08,
20261008,730,670,60,rolling_horizon,naive_previous_week,30,676,678,3,88.7840059698,88.2360415032,2025-11-09,
20261008,730,670,60,rolling_horizon,naive_previous_week,30,676,679,4,105.4360307607,105.9545255841,2025-11-10,
20261008,730,670,60,rolling_horizon,naive_previous_week,30,676,680,5,130.1261804302,119.7326428272,2025-11-11,
20261008,730,670,60,rolling_horizon,naive_previous_week,30,676,681,6,120.2341328764,122.247387964,2025-11-12,
20261008,730,670,60,rolling_horizon,naive_previous_week,30,676,682,7,116.4643974318,111.0550970756,2025-11-13,
20261008,730,670,60,rolling_horizon,naive_previous_week,30,676,683,8,91.643990521,93.5192235959,2025-11-14,
20261008,730,670,60,rolling_horizon,naive_previous_week,30,676,684,9,98.2022208221,93.6787814212,2025-11-15,
20261008,730,670,60,rolling_horizon,naive_previous_week,30,676,685,10,100.9062127562,88.2360415032,2025-11-16,
20261008,730,670,60,rolling_horizon,naive_previous_week,30,676,686,11,106.053250609,105.9545255841,2025-11-17,
20261008,730,670,60,rolling_horizon,naive_previous_week,30,676,687,12,116.1333607552,119.7326428272,2025-11-18,
20261008,730,670,60,rolling_horizon,naive_previous_week,30,676,688,13,131.4291834004,122.247387964,2025-11-19,
20261008,730,670,60,rolling_horizon,naive_previous_week,30,676,689,14,117.2375226637,111.0550970756,2025-11-20,
20261008,730,670,60,rolling_horizon,naive_previous_week,30,676,690,15,104.4585069656,93.5192235959,2025-11-21,
20261008,730,670,60,rolling_horizon,naive_previous_week,30,676,691,16,101.0512216839,93.6787814212,2025-11-22,
20261008,730,670,60,rolling_horizon,naive_previous_week,30,676,692,17,106.7080803311,88.2360415032,2025-11-23,
20261008,730,670,60,rolling_horizon,naive_previous_week,30,676,693,18,104.8566719454,105.9545255841,2025-11-24,
20261008,730,670,60,rolling_horizon,naive_previous_week,30,676,694,19,141.7294464397,119.7326428272,2025-11-25,
20261008,730,670,60,rolling_horizon,naive_previous_week,30,676,695,20,130.7468418113,122.247387964,2025-11-26,
20261008,730,670,60,rolling_horizon,naive_previous_week,30,676,696,21,128.4356754052,111.0550970756,2025-11-27,
20261008,730,670,60,rolling_horizon,naive_previous_week,30,676,697,22,106.0560514778,93.5192235959,2025-11-28,
20261008,730,670,60,rolling_horizon,naive_previous_week,30,676,698,23,87.0788274448,93.6787814212,2025-11-29,
20261008,730,670,60,rolling_horizon,naive_previous_week,30,676,699,24,103.140705212,88.2360415032,2025-11-30,
20261008,730,670,60,rolling_horizon,naive_previous_week,30,676,700,25,113.8373914368,105.9545255841,2025-12-01,
20261008,730,670,60,rolling_horizon,naive_previous_week,30,676,701,26,128.6959921408,119.7326428272,2025-12-02,
20261008,730,670,60,rolling_horizon,naive_previous_week,30,676,702,27,124.9544385883,122.247387964,2025-12-03,
20261008,730,670,60,rolling_horizon,naive_previous_week,30,676,703,28,123.0392046882,111.0550970756,2025-12-04,
20261008,730,670,60,rolling_horizon,naive_previous_week,30,676,704,29,112.0375299996,93.5192235959,2025-12-05,
20261008,730,670,60,rolling_horizon,naive_previous_week,30,676,705,30,94.7981017475,93.6787814212,2025-12-06,
20261008,730,670,60,rolling_horizon,naive_previous_week,30,677,677,1,85.6239730153,93.6787814212,2025-11-08,
20261008,730,670,60,rolling_horizon,naive_previous_week,30,677,678,2,88.7840059698,88.2360415032,2025-11-09,
20261008,730,670,60,rolling_horizon,naive_previous_week,30,677,679,3,105.4360307607,105.9545255841,2025-11-10,
20261008,730,670,60,rolling_horizon,naive_previous_week,30,677,680,4,130.1261804302,119.7326428272,2025-11-11,
20261008,730,670,60,rolling_horizon,naive_previous_week,30,677,681,5,120.2341328764,122.247387964,2025-11-12,
20261008,730,670,60,rolling_horizon,naive_previous_week,30,677,682,6,116.4643974318,111.0550970756,2025-11-13,
20261008,730,670,60,rolling_horizon,naive_previous_week,30,677,683,7,91.643990521,102.903983799,2025-11-14,
20261008,730,670,60,rolling_horizon,naive_previous_week,30,677,684,8,98.2022208221,93.6787814212,2025-11-15,
20261008,730,670,60,rolling_horizon,naive_previous_week,30,677,685,9,100.9062127562,88.2360415032,2025-11-16,
20261008,730,670,60,rolling_horizon,naive_previous_week,30,677,686,10,106.053250609,105.9545255841,2025-11-17,
20261008,730,670,60,rolling_horizon,naive_previous_week,30,677,687,11,116.1333607552,119.7326428272,2025-11-18,
20261008,730,670,60,rolling_horizon,naive_previous_week,30,677,688,12,131.4291834004,122.247387964,2025-11-19,
20261008,730,670,60,rolling_horizon,naive_previous_week,30,677,689,13,117.2375226637,111.0550970756,2025-11-20,
20261008,730,670,60,rolling_horizon,naive_previous_week,30,677,690,14,104.4585069656,102.903983799,2025-11-21,
20261008,730,670,60,rolling_horizon,naive_previous_week,30,677,691,15,101.0512216839,93.6787814212,2025-11-22,
20261008,730,670,60,rolling_horizon,naive_previous_week,30,677,692,16,106.7080803311,88.2360415032,2025-11-23,
20261008,730,670,60,rolling_horizon,naive_previous_week,30,677,693,17,104.8566719454,105.9545255841,2025-11-24,
20261008,730,670,60,rolling_horizon,naive_previous_week,30,677,694,18,141.7294464397,119.7326428272,2025-11-25,
20261008,730,670,60,rolling_horizon,naive_previous_week,30,677,695,19,130.7468418113,122.247387964,2025-11-26,
20261008,730,670,60,rolling_horizon,naive_previous_week,30,677,696,20,128.4356754052,111.0550970756,2025-11-27,
20261008,730,670,60,rolling_horizon,naive_previous_week,30,677,697,21,106.0560514778,102.903983799,2025-11-28,
20261008,730,670,60,rolling_horizon,naive_previous_week,30,677,698,22,87.0788274448,93.6787814212,2025-11-29,
20261008,730,670,60,rolling_horizon,naive_previous_week,30,677,699,23,103.140705212,88.2360415032,2025-11-30,
20261008,730,670,60,rolling_horizon,naive_previous_week,30,677,700,24,113.8373914368,105.9545255841,2025-12-01,
20261008,730,670,60,rolling_horizon,naive_previous_week,30,677,701,25,128.6959921408,119.7326428272,2025-12-02,
20261008,730,670,60,rolling_horizon,naive_previous_week,30,677,702,26,124.9544385883,122.247387964,2025-12-03,
20261008,730,670,60,rolling_horizon,naive_previous_week,30,677,703,27,123.0392046882,111.0550970756,2025-12-04,
20261008,730,670,60,rolling_horizon,naive_previous_week,30,677,704,28,112.0375299996,102.903983799,2025-12-05,
20261008,730,670,60,rolling_horizon,naive_previous_week,30,677,705,29,94.7981017475,93.6787814212,2025-12-06,
20261008,730,670,60,rolling_horizon,naive_previous_week,30,677,706,30,97.1541570139,88.2360415032,2025-12-07,
20261008,730,670,60,rolling_horizon,naive_previous_week,30,678,678,1,88.7840059698,88.2360415032,2025-11-09,
20261008,730,670,60,rolling_horizon,naive_previous_week,30,678,679,2,105.4360307607,105.9545255841,2025-11-10,
20261008,730,670,60,rolling_horizon,naive_previous_week,30,678,680,3,130.1261804302,119.7326428272,2025-11-11,
20261008,730,670,60,rolling_horizon,naive_previous_week,30,678,681,4,120.2341328764,122.247387964,2025-11-12,
20261008,730,670,60,rolling_horizon,naive_previous_week,30,678,682,5,116.4643974318,111.0550970756,2025-11-13,
20261008,730,670,60,rolling_horizon,naive_previous_week,30,678,683,6,91.643990521,102.903983799,2025-11-14,
20261008,730,670,60,rolling_horizon,naive_previous_week,30,678,684,7,98.2022208221,85.6239730153,2025-11-15,
20261008,730,670,60,rolling_horizon,naive_previous_week,30,678,685,8,100.9062127562,88.2360415032,2025-11-16,
20261008,730,670,60,rolling_horizon,naive_previous_week,30,678,686,9,106.053250609,105.9545255841,2025-11-17,
20261008,730,670,60,rolling_horizon,naive_previous_week,30,678,687,10,116.1333607552,119.7326428272,2025-11-18,
20261008,730,670,60,rolling_horizon,naive_previous_week,30,678,688,11,131.4291834004,122.247387964,2025-11-19,
20261008,730,670,60,rolling_horizon,naive_previous_week,30,678,689,12,117.2375226637,111.0550970756,2025-11-20,
20261008,730,670,60,rolling_horizon,naive_previous_week,30,678,690,13,104.4585069656,102.903983799,2025-11-21,
20261008,730,670,60,rolling_horizon,naive_previous_week,30,678,691,14,101.0512216839,85.6239730153,2025-11-22,
20261008,730,670,60,rolling_horizon,naive_previous_week,30,678,692,15,106.7080803311,88.2360415032,2025-11-23,
20261008,730,670,60,rolling_horizon,naive_previous_week,30,678,693,16,104.8566719454,105.9545255841,2025-11-24,
20261008,730,670,60,rolling_horizon,naive_previous_week,30,678,694,17,141.7294464397,119.7326428272,2025-11-25,
20261008,730,670,60,rolling_horizon,naive_previous_week,30,678,695,18,130.7468418113,122.247387964,2025-11-26,
20261008,730,670,60,rolling_horizon,naive_previous_week,30,678,696,19,128.4356754052,111.0550970756,2025-11-27,
20261008,730,670,60,rolling_horizon,naive_previous_week,30,678,697,20,106.0560514778,102.903983799,2025-11-28,
20261008,730,670,60,rolling_horizon,naive_previous_week,30,678,698,21,87.0788274448,85.6239730153,2025-11-29,
20261008,730,670,60,rolling_horizon,naive_previous_week,30,678,699,22,103.140705212,88.2360415032,2025-11-30,
20261008,730,670,60,rolling_horizon,naive_previous_week,30,678,700,23,113.8373914368,105.9545255841,2025-12-01,
20261008,730,670,60,rolling_horizon,naive_previous_week,30,678,701,24,128.6959921408,119.7326428272,2025-12-02,
20261008,730,670,60,rolling_horizon,naive_previous_week,30,678,702,25,124.9544385883,122.247387964,2025-12-03,
20261008,730,670,60,rolling_horizon,naive_previous_week,30,678,703,26,123.0392046882,111.0550970756,2025-12-04,
20261008,730,670,60,rolling_horizon,naive_previous_week,30,678,704,27,112.0375299996,102.903983799,2025-12-05,
20261008,730,670,60,rolling_horizon,naive_previous_week,30,678,705,28,94.7981017475,85.6239730153,2025-12-06,
20261008,730,670,60,rolling_horizon,naive_previous_week,30,678,706,29,97.1541570139,88.2360415032,2025-12-07,
20261008,730,670,60,rolling_horizon,naive_previous_week,30,678,707,30,116.0552552441,105.9545255841,2025-12-08,
20261008,730,670,60,rolling_horizon,naive_previous_week,30,679,679,1,105.4360307607,105.9545255841,2025-11-10,
20261008,730,670,60,rolling_horizon,naive_previous_week,30,679,680,2,130.1261804302,119.7326428272,2025-11-11,
20261008,730,670,60,rolling_horizon,naive_previous_week,30,679,681,3,120.2341328764,122.247387964,2025-11-12,
20261008,730,670,60,rolling_horizon,naive_previous_week,30,679,682,4,116.4643974318,111.0550970756,2025-11-13,
20261008,730,670,60,rolling_horizon,naive_previous_week,30,679,683,5,91.643990521,102.903983799,2025-11-14,
20261008,730,670,60,rolling_horizon,naive_previous_week,30,679,684,6,98.2022208221,85.6239730153,2025-11-15,
20261008,730,670,60,rolling_horizon,naive_previous_week,30,679,685,7,100.9062127562,88.7840059698,2025-11-16,
20261008,730,670,60,rolling_horizon,naive_previous_week,30,679,686,8,106.053250609,105.9545255841,2025-11-17,
20261008,730,670,60,rolling_horizon,naive_previous_week,30,679,687,9,116.1333607552,119.7326428272,2025-11-18,
20261008,730,670,60,rolling_horizon,naive_previous_week,30,679,688,10,131.4291834004,122.247387964,2025-11-19,
20261008,730,670,60,rolling_horizon,naive_previous_week,30,679,689,11,117.2375226637,111.0550970756,2025-11-20,
20261008,730,670,60,rolling_horizon,naive_previous_week,30,679,690,12,104.4585069656,102.903983799,2025-11-21,
20261008,730,670,60,rolling_horizon,naive_previous_week,30,679,691,13,101.0512216839,85.6239730153,2025-11-22,
20261008,730,670,60,rolling_horizon,naive_previous_week,30,679,692,14,106.7080803311,88.7840059698,2025-11-23,
20261008,730,670,60,rolling_horizon,naive_previous_week,30,679,693,15,104.8566719454,105.9545255841,2025-11-24,
20261008,730,670,60,rolling_horizon,naive_previous_week,30,679,694,16,141.7294464397,119.7326428272,2025-11-25,
20261008,730,670,60,rolling_horizon,naive_previous_week,30,679,695,17,130.7468418113,122.247387964,2025-11-26,
20261008,730,670,60,rolling_horizon,naive_previous_week,30,679,696,18,128.4356754052,111.0550970756,2025-11-27,
20261008,730,670,60,rolling_horizon,naive_previous_week,30,679,697,19,106.0560514778,102.903983799,2025-11-28,
20261008,730,670,60,rolling_horizon,naive_previous_week,30,679,698,20,87.0788274448,85.6239730153,2025-11-29,
20261008,730,670,60,rolling_horizon,naive_previous_week,30,679,699,21,103.140705212,88.7840059698,2025-11-30,
20261008,730,670,60,rolling_horizon,naive_previous_week,30,679,700,22,113.8373914368,105.9545255841,2025-12-01,
20261008,730,670,60,rolling_horizon,naive_previous_week,30,679,701,23,128.6959921408,119.7326428272,2025-12-02,
20261008,730,670,60,rolling_horizon,naive_previous_week,30,679,702,24,124.9544385883,122.247387964,2025-12-03,
20261008,730,670,60,rolling_horizon,naive_previous_week,30,679,703,25,123.0392046882,111.0550970756,2025-12-04,
20261008,730,670,60,rolling_horizon,naive_previous_week,30,679,704,26,112.0375299996,102.903983799,2025-12-05,
20261008,730,670,60,rolling_horizon,naive_previous_week,30,679,705,27,94.7981017475,85.6239730153,2025-12-06,
20261008,730,670,60,rolling_horizon,naive_previous_week,30,679,706,28,97.1541570139,88.7840059698,2025-12-07,
20261008,730,670,60,rolling_horizon,naive_previous_week,30,679,707,29,116.0552552441,105.9545255841,2025-12-08,
20261008,730,670,60,rolling_horizon,naive_previous_week,30,679,708,30,124.9869441925,119.7326428272,2025-12-09,
20261008,730,670,60,rolling_horizon,naive_previous_week,30,680,680,1,130.1261804302,119.7326428272,2025-11-11,
20261008,730,670,60,rolling_horizon,naive_previous_week,30,680,681,2,120.2341328764,122.247387964,2025-11-12,
20261008,730,670,60,rolling_horizon,naive_previous_week,30,680,682,3,116.4643974318,111.0550970756,2025-11-13,
20261008,730,670,60,rolling_horizon,naive_previous_week,30,680,683,4,91.643990521,102.903983799,2025-11-14,
20261008,730,670,60,rolling_horizon,naive_previous_week,30,680,684,5,98.2022208221,85.6239730153,2025-11-15,
20261008,730,670,60,rolling_horizon,naive_previous_week,30,680,685,6,100.9062127562,88.7840059698,2025-11-16,
20261008,730,670,60,rolling_horizon,naive_previous_week,30,680,686,7,106.053250609,105.4360307607,2025-11-17,
20261008,730,670,60,rolling_horizon,naive_previous_week,30,680,687,8,116.1333607552,119.7326428272,2025-11-18,
20261008,730,670,60,rolling_horizon,naive_previous_week,30,680,688,9,131.4291834004,122.247387964,2025-11-19,
20261008,730,670,60,rolling_horizon,naive_previous_week,30,680,689,10,117.2375226637,111.0550970756,2025-11-20,
20261008,730,670,60,rolling_horizon,naive_previous_week,30,680,690,11,104.4585069656,102.903983799,2025-11-21,
20261008,730,670,60,rolling_horizon,naive_previous_week,30,680,691,12,101.0512216839,85.6239730153,2025-11-22,
20261008,730,670,60,rolling_horizon,naive_previous_week,30,680,692,13,106.7080803311,88.7840059698,2025-11-23,
20261008,730,670,60,rolling_horizon,naive_previous_week,30,680,693,14,104.8566719454,105.4360307607,2025-11-24,
20261008,730,670,60,rolling_horizon,naive_previous_week,30,680,694,15,141.7294464397,119.7326428272,2025-11-25,
20261008,730,670,60,rolling_horizon,naive_previous_week,30,680,695,16,130.7468418113,122.247387964,2025-11-26,
20261008,730,670,60,rolling_horizon,naive_previous_week,30,680,696,17,128.4356754052,111.0550970756,2025-11-27,
20261008,730,670,60,rolling_horizon,naive_previous_week,30,680,697,18,106.0560514778,102.903983799,2025-11-28,
20261008,730,670,60,rolling_horizon,naive_previous_week,30,680,698,19,87.0788274448,85.6239730153,2025-11-29,
20261008,730,670,60,rolling_horizon,naive_previous_week,30,680,699,20,103.140705212,88.7840059698,2025-11-30,
20261008,730,670,60,rolling_horizon,naive_previous_week,30,680,700,21,113.8373914368,105.4360307607,2025-12-01,
20261008,730,670,60,rolling_horizon,naive_previous_week,30,680,701,22,128.6959921408,119.7326428272,2025-12-02,
20261008,730,670,60,rolling_horizon,naive_previous_week,30,680,702,23,124.9544385883,122.247387964,2025-12-03,
20261008,730,670,60,rolling_horizon,naive_previous_week,30,680,703,24,123.0392046882,111.0550970756,2025-12-04,
20261008,730,670,60,rolling_horizon,naive_previous_week,30,680,704,25,112.0375299996,102.903983799,2025-12-05,
20261008,730,670,60,rolling_horizon,naive_previous_week,30,680,705,26,94.7981017475,85.6239730153,2025-12-06,
20261008,730,670,60,rolling_horizon,naive_previous_week,30,680,706,27,97.1541570139,88.7840059698,2025-12-07,
20261008,730,670,60,rolling_horizon,naive_previous_week,30,680,707,28,116.0552552441,105.4360307607,2025-12-08,
20261008,730,670,60,rolling_horizon,naive_previous_week,30,680,708,29,124.9869441925,119.7326428272,2025-12-09,
20261008,730,670,60,rolling_horizon,naive_previous_week,30,680,709,30,133.985128528,122.247387964,2025-12-10,
20261008,730,670,60,rolling_horizon,naive_previous_week,30,681,681,1,120.2341328764,122.247387964,2025-11-12,
20261008,730,670,60,rolling_horizon,naive_previous_week,30,681,682,2,116.4643974318,111.0550970756,2025-11-13,
20261008,730,670,60,rolling_horizon,naive_previous_week,30,681,683,3,91.643990521,102.903983799,2025-11-14,
20261008,730,670,60,rolling_horizon,naive_previous_week,30,681,684,4,98.2022208221,85.6239730153,2025-11-15,
20261008,730,670,60,rolling_horizon,naive_previous_week,30,681,685,5,100.9062127562,88.7840059698,2025-11-16,
20261008,730,670,60,rolling_horizon,naive_previous_week,30,681,686,6,106.053250609,105.4360307607,2025-11-17,
20261008,730,670,60,rolling_horizon,naive_previous_week,30,681,687,7,116.1333607552,130.1261804302,2025-11-18,
20261008,730,670,60,rolling_horizon,naive_previous_week,30,681,688,8,131.4291834004,122.247387964,2025-11-19,
20261008,730,670,60,rolling_horizon,naive_previous_week,30,681,689,9,117.2375226637,111.0550970756,2025-11-20,
20261008,730,670,60,rolling_horizon,naive_previous_week,30,681,690,10,104.4585069656,102.903983799,2025-11-21,
20261008,730,670,60,rolling_horizon,naive_previous_week,30,681,691,11,101.0512216839,85.6239730153,2025-11-22,
20261008,730,670,60,rolling_horizon,naive_previous_week,30,681,692,12,106.7080803311,88.7840059698,2025-11-23,
20261008,730,670,60,rolling_horizon,naive_previous_week,30,681,693,13,104.8566719454,105.4360307607,2025-11-24,
20261008,730,670,60,rolling_horizon,naive_previous_week,30,681,694,14,141.7294464397,130.1261804302,2025-11-25,
20261008,730,670,60,rolling_horizon,naive_previous_week,30,681,695,15,130.7468418113,122.247387964,2025-11-26,
20261008,730,670,60,rolling_horizon,naive_previous_week,30,681,696,16,128.4356754052,111.0550970756,2025-11-27,
20261008,730,670,60,rolling_horizon,naive_previous_week,30,681,697,17,106.0560514778,102.903983799,2025-11-28,
20261008,730,670,60,rolling_horizon,naive_previous_week,30,681,698,18,87.0788274448,85.6239730153,2025-11-29,
20261008,730,670,60,rolling_horizon,naive_previous_week,30,681,699,19,103.140705212,88.7840059698,2025-11-30,
20261008,730,670,60,rolling_horizon,naive_previous_week,30,681,700,20,113.8373914368,105.4360307607,2025-12-01,
20261008,730,670,60,rolling_horizon,naive_previous_week,30,681,701,21,128.6959921408,130.1261804302,2025-12-02,
20261008,730,670,60,rolling_horizon,naive_previous_week,30,681,702,22,124.9544385883,122.247387964,2025-12-03,
20261008,730,670,60,rolling_horizon,naive_previous_week,30,681,703,23,123.0392046882,111.0550970756,2025-12-04,
20261008,730,670,60,rolling_horizon,naive_previous_week,30,681,704,24,112.0375299996,102.903983799,2025-12-05,
20261008,730,670,60,rolling_horizon,naive_previous_week,30,681,705,25,94.7981017475,85.6239730153,2025-12-06,
20261008,730,670,60,rolling_horizon,naive_previous_week,30,681,706,26,97.1541570139,88.7840059698,2025-12-07,
20261008,730,670,60,rolling_horizon,naive_previous_week,30,681,707,27,116.0552552441,105.4360307607,2025-12-08,
20261008,730,670,60,rolling_horizon,naive_previous_week,30,681,708,28,124.9869441925,130.1261804302,2025-12-09,
20261008,730,670,60,rolling_horizon,naive_previous_week,30,681,709,29,133.985128528,122.247387964,2025-12-10,
20261008,730,670,60,rolling_horizon,naive_previous_week,30,681,710,30,129.1625511456,111.0550970756,2025-12-11,
20261008,730,670,60,rolling_horizon,naive_previous_week,30,682,682,1,116.4643974318,111.0550970756,2025-11-13,
20261008,730,670,60,rolling_horizon,naive_previous_week,30,682,683,2,91.643990521,102.903983799,2025-11-14,
20261008,730,670,60,rolling_horizon,naive_previous_week,30,682,684,3,98.2022208221,85.6239730153,2025-11-15,
20261008,730,670,60,rolling_horizon,naive_previous_week,30,682,685,4,100.9062127562,88.7840059698,2025-11-16,
20261008,730,670,60,rolling_horizon,naive_previous_week,30,682,686,5,106.053250609,105.4360307607,2025-11-17,
20261008,730,670,60,rolling_horizon,naive_previous_week,30,682,687,6,116.1333607552,130.1261804302,2025-11-18,
20261008,730,670,60,rolling_horizon,naive_previous_week,30,682,688,7,131.4291834004,120.2341328764,2025-11-19,
20261008,730,670,60,rolling_horizon,naive_previous_week,30,682,689,8,117.2375226637,111.0550970756,2025-11-20,
20261008,730,670,60,rolling_horizon,naive_previous_week,30,682,690,9,104.4585069656,102.903983799,2025-11-21,
20261008,730,670,60,rolling_horizon,naive_previous_week,30,682,691,10,101.0512216839,85.6239730153,2025-11-22,
20261008,730,670,60,rolling_horizon,naive_previous_week,30,682,692,11,106.7080803311,88.7840059698,2025-11-23,
20261008,730,670,60,rolling_horizon,naive_previous_week,30,682,693,12,104.8566719454,105.4360307607,2025-11-24,
20261008,730,670,60,rolling_horizon,naive_previous_week,30,682,694,13,141.7294464397,130.1261804302,2025-11-25,
20261008,730,670,60,rolling_horizon,naive_previous_week,30,682,695,14,130.7468418113,120.2341328764,2025-11-26,
20261008,730,670,60,rolling_horizon,naive_previous_week,30,682,696,15,128.4356754052,111.0550970756,2025-11-27,
20261008,730,670,60,rolling_horizon,naive_previous_week,30,682,697,16,106.0560514778,102.903983799,2025-11-28,
20261008,730,670,60,rolling_horizon,naive_previous_week,30,682,698,17,87.0788274448,85.6239730153,2025-11-29,
20261008,730,670,60,rolling_horizon,naive_previous_week,30,682,699,18,103.140705212,88.7840059698,2025-11-30,
20261008,730,670,60,rolling_horizon,naive_previous_week,30,682,700,19,113.8373914368,105.4360307607,2025-12-01,
20261008,730,670,60,rolling_horizon,naive_previous_week,30,682,701,20,128.6959921408,130.1261804302,2025-12-02,
20261008,730,670,60,rolling_horizon,naive_previous_week,30,682,702,21,124.9544385883,120.2341328764,2025-12-03,
20261008,730,670,60,rolling_horizon,naive_previous_week,30,682,703,22,123.0392046882,111.0550970756,2025-12-04,
20261008,730,670,60,rolling_horizon,naive_previous_week,30,682,704,23,112.0375299996,102.903983799,2025-12-05,
20261008,730,670,60,rolling_horizon,naive_previous_week,30,682,705,24,94.7981017475,85.6239730153,2025-12-06,
20261008,730,670,60,rolling_horizon,naive_previous_week,30,682,706,25,97.1541570139,88.7840059698,2025-12-07,
20261008,730,670,60,rolling_horizon,naive_previous_week,30,682,707,26,116.0552552441,105.4360307607,2025-12-08,
20261008,730,670,60,rolling_horizon,naive_previous_week,30,682,708,27,124.9869441925,130.1261804302,2025-12-09,
20261008,730,670,60,rolling_horizon,naive_previous_week,30,682,709,28,133.985128528,120.2341328764,2025-12-10,
20261008,730,670,60,rolling_horizon,naive_previous_week,30,682,710,29,129.1625511456,111.0550970756,2025-12-11,
20261008,730,670,60,rolling_horizon,naive_previous_week,30,682,711,30,102.4427018659,102.903983799,2025-12-12,
20261008,730,670,60,rolling_horizon,naive_previous_week,30,683,683,1,91.643990521,102.903983799,2025-11-14,
20261008,730,670,60,rolling_horizon,naive_previous_week,30,683,684,2,98.2022208221,85.6239730153,2025-11-15,
20261008,730,670,60,rolling_horizon,naive_previous_week,30,683,685,3,100.9062127562,88.7840059698,2025-11-16,
20261008,730,670,60,rolling_horizon,naive_previous_week,30,683,686,4,106.053250609,105.4360307607,2025-11-17,
20261008,730,670,60,rolling_horizon,naive_previous_week,30,683,687,5,116.1333607552,130.1261804302,2025-11-18,
20261008,730,670,60,rolling_horizon,naive_previous_week,30,683,688,6,131.4291834004,120.2341328764,2025-11-19,
20261008,730,670,60,rolling_horizon,naive_previous_week,30,683,689,7,117.2375226637,116.4643974318,2025-11-20,
20261008,730,670,60,rolling_horizon,naive_previous_week,30,683,690,8,104.4585069656,102.903983799,2025-11-21,
20261008,730,670,60,rolling_horizon,naive_previous_week,30,683,691,9,101.0512216839,85.6239730153,2025-11-22,
20261008,730,670,60,rolling_horizon,naive_previous_week,30,683,692,10,106.7080803311,88.7840059698,2025-11-23,
20261008,730,670,60,rolling_horizon,naive_previous_week,30,683,693,11,104.8566719454,105.4360307607,2025-11-24,
20261008,730,670,60,rolling_horizon,naive_previous_week,30,683,694,12,141.7294464397,130.1261804302,2025-11-25,
20261008,730,670,60,rolling_horizon,naive_previous_week,30,683,695,13,130.7468418113,120.2341328764,2025-11-26,
20261008,730,670,60,rolling_horizon,naive_previous_week,30,683,696,14,128.4356754052,116.4643974318,2025-11-27,
20261008,730,670,60,rolling_horizon,naive_previous_week,30,683,697,15,106.0560514778,102.903983799,2025-11-28,
20261008,730,670,60,rolling_horizon,naive_previous_week,30,683,698,16,87.0788274448,85.6239730153,2025-11-29,
20261008,730,670,60,rolling_horizon,naive_previous_week,30,683,699,17,103.140705212,88.7840059698,2025-11-30,
20261008,730,670,60,rolling_horizon,naive_previous_week,30,683,700,18,113.8373914368,105.4360307607,2025-12-01,
20261008,730,670,60,rolling_horizon,naive_previous_week,30,683,701,19,128.6959921408,130.1261804302,2025-12-02,
20261008,730,670,60,rolling_horizon,naive_previous_week,30,683,702,20,124.9544385883,120.2341328764,2025-12-03,
20261008,730,670,60,rolling_horizon,naive_previous_week,30,683,703,21,123.0392046882,116.4643974318,2025-12-04,
20261008,730,670,60,rolling_horizon,naive_previous_week,30,683,704,22,112.0375299996,102.903983799,2025-12-05,
20261008,730,670,60,rolling_horizon,naive_previous_week,30,683,705,23,94.7981017475,85.6239730153,2025-12-06,
20261008,730,670,60,rolling_horizon,naive_previous_week,30,683,706,24,97.1541570139,88.7840059698,2025-12-07,
20261008,730,670,60,rolling_horizon,naive_previous_week,30,683,707,25,116.0552552441,105.4360307607,2025-12-08,
20261008,730,670,60,rolling_horizon,naive_previous_week,30,683,708,26,124.9869441925,130.1261804302,2025-12-09,
20261008,730,670,60,rolling_horizon,naive_previous_week,30,683,709,27,133.985128528,120.2341328764,2025-12-10,
20261008,730,670,60,rolling_horizon,naive_previous_week,30,683,710,28,129.1625511456,116.4643974318,2025-12-11,
20261008,730,670,60,rolling_horizon,naive_previous_week,30,683,711,29,102.4427018659,102.903983799,2025-12-12,
20261008,730,670,60,rolling_horizon,naive_previous_week,30,683,712,30,97.2419952584,85.6239730153,2025-12-13,
20261008,730,670,60,rolling_horizon,naive_previous_week,30,684,684,1,98.2022208221,85.6239730153,2025-11-15,
20261008,730,670,60,rolling_horizon,naive_previous_week,30,684,685,2,100.9062127562,88.7840059698,2025-11-16,
20261008,730,670,60,rolling_horizon,naive_previous_week,30,684,686,3,106.053250609,105.4360307607,2025-11-17,
20261008,730,670,60,rolling_horizon,naive_previous_week,30,684,687,4,116.1333607552,130.1261804302,2025-11-18,
20261008,730,670,60,rolling_horizon,naive_previous_week,30,684,688,5,131.4291834004,120.2341328764,2025-11-19,
20261008,730,670,60,rolling_horizon,naive_previous_week,30,684,689,6,117.2375226637,116.4643974318,2025-11-20,
20261008,730,670,60,rolling_horizon,naive_previous_week,30,684,690,7,104.4585069656,91.643990521,2025-11-21,
20261008,730,670,60,rolling_horizon,naive_previous_week,30,684,691,8,101.0512216839,85.6239730153,2025-11-22,
20261008,730,670,60,rolling_horizon,naive_previous_week,30,684,692,9,106.7080803311,88.7840059698,2025-11-23,
20261008,730,670,60,rolling_horizon,naive_previous_week,30,684,693,10,104.8566719454,105.4360307607,2025-11-24,
20261008,730,670,60,rolling_horizon,naive_previous_week,30,684,694,11,141.7294464397,130.1261804302,2025-11-25,
20261008,730,670,60,rolling_horizon,naive_previous_week,30,684,695,12,130.7468418113,120.2341328764,2025-11-26,
20261008,730,670,60,rolling_horizon,naive_previous_week,30,684,696,13,128.4356754052,116.4643974318,2025-11-27,
20261008,730,670,60,rolling_horizon,naive_previous_week,30,684,697,14,106.0560514778,91.643990521,2025-11-28,
20261008,730,670,60,rolling_horizon,naive_previous_week,30,684,698,15,87.0788274448,85.6239730153,2025-11-29,
20261008,730,670,60,rolling_horizon,naive_previous_week,30,684,699,16,103.140705212,88.7840059698,2025-11-30,
20261008,730,670,60,rolling_horizon,naive_previous_week,30,684,700,17,113.8373914368,105.4360307607,2025-12-01,
20261008,730,670,60,rolling_horizon,naive_previous_week,30,684,701,18,128.6959921408,130.1261804302,2025-12-02,
20261008,730,670,60,rolling_horizon,naive_previous_week,30,684,702,19,124.9544385883,120.2341328764,2025-12-03,
20261008,730,670,60,rolling_horizon,naive_previous_week,30,684,703,20,123.0392046882,116.4643974318,2025-12-04,
20261008,730,670,60,rolling_horizon,naive_previous_week,30,684,704,21,112.0375299996,91.643990521,2025-12-05,
20261008,730,670,60,rolling_horizon,naive_previous_week,30,684,705,22,94.7981017475,85.6239730153,2025-12-06,
20261008,730,670,60,rolling_horizon,naive_previous_week,30,684,706,23,97.1541570139,88.7840059698,2025-12-07,
20261008,730,670,60,rolling_horizon,naive_previous_week,30,684,707,24,116.0552552441,105.4360307607,2025-12-08,
20261008,730,670,60,rolling_horizon,naive_previous_week,30,684,708,25,124.9869441925,130.1261804302,2025-12-09,
20261008,730,670,60,rolling_horizon,naive_previous_week,30,684,709,26,133.985128528,120.2341328764,2025-12-10,
20261008,730,670,60,rolling_horizon,naive_previous_week,30,684,710,27,129.1625511456,116.4643974318,2025-12-11,
20261008,730,670,60,rolling_horizon,naive_previous_week,30,684,711,28,102.4427018659,91.643990521,2025-12-12,
20261008,730,670,60,rolling_horizon,naive_previous_week,30,684,712,29,97.2419952584,85.6239730153,2025-12-13,
20261008,730,670,60,rolling_horizon,naive_previous_week,30,684,713,30,114.2274385444,88.7840059698,2025-12-14,
20261008,730,670,60,rolling_horizon,naive_previous_week,30,685,685,1,100.9062127562,88.7840059698,2025-11-16,
20261008,730,670,60,rolling_horizon,naive_previous_week,30,685,686,2,106.053250609,105.4360307607,2025-11-17,
20261008,730,670,60,rolling_horizon,naive_previous_week,30,685,687,3,116.1333607552,130.1261804302,2025-11-18,
20261008,730,670,60,rolling_horizon,naive_previous_week,30,685,688,4,131.4291834004,120.2341328764,2025-11-19,
20261008,730,670,60,rolling_horizon,naive_previous_week,30,685,689,5,117.2375226637,116.4643974318,2025-11-20,
20261008,730,670,60,rolling_horizon,naive_previous_week,30,685,690,6,104.4585069656,91.643990521,2025-11-21,
20261008,730,670,60,rolling_horizon,naive_previous_week,30,685,691,7,101.0512216839,98.2022208221,2025-11-22,
20261008,730,670,60,rolling_horizon,naive_previous_week,30,685,692,8,106.7080803311,88.7840059698,2025-11-23,
20261008,730,670,60,rolling_horizon,naive_previous_week,30,685,693,9,104.8566719454,105.4360307607,2025-11-24,
20261008,730,670,60,rolling_horizon,naive_previous_week,30,685,694,10,141.7294464397,130.1261804302,2025-11-25,
20261008,730,670,60,rolling_horizon,naive_previous_week,30,685,695,11,130.7468418113,120.2341328764,2025-11-26,
20261008,730,670,60,rolling_horizon,naive_previous_week,30,685,696,12,128.4356754052,116.4643974318,2025-11-27,
20261008,730,670,60,rolling_horizon,naive_previous_week,30,685,697,13,106.0560514778,91.643990521,2025-11-28,
20261008,730,670,60,rolling_horizon,naive_previous_week,30,685,698,14,87.0788274448,98.2022208221,2025-11-29,
20261008,730,670,60,rolling_horizon,naive_previous_week,30,685,699,15,103.140705212,88.7840059698,2025-11-30,
20261008,730,670,60,rolling_horizon,naive_previous_week,30,685,700,16,113.8373914368,105.4360307607,2025-12-01,
20261008,730,670,60,rolling_horizon,naive_previous_week,30,685,701,17,128.6959921408,130.1261804302,2025-12-02,
20261008,730,670,60,rolling_horizon,naive_previous_week,30,685,702,18,124.9544385883,120.2341328764,2025-12-03,
20261008,730,670,60,rolling_horizon,naive_previous_week,30,685,703,19,123.0392046882,116.4643974318,2025-12-04,
20261008,730,670,60,rolling_horizon,naive_previous_week,30,685,704,20,112.0375299996,91.643990521,2025-12-05,
20261008,730,670,60,rolling_horizon,naive_previous_week,30,685,705,21,94.7981017475,98.2022208221,2025-12-06,
20261008,730,670,60,rolling_horizon,naive_previous_week,30,685,706,22,97.1541570139,88.7840059698,2025-12-07,
20261008,730,670,60,rolling_horizon,naive_previous_week,30,685,707,23,116.0552552441,105.4360307607,2025-12-08,
20261008,730,670,60,rolling_horizon,naive_previous_week,30,685,708,24,124.9869441925,130.1261804302,2025-12-09,
20261008,730,670,60,rolling_horizon,naive_previous_week,30,685,709,25,133.985128528,120.2341328764,2025-12-10,
20261008,730,670,60,rolling_horizon,naive_previous_week,30,685,710,26,129.1625511456,116.4643974318,2025-12-11,
20261008,730,670,60,rolling_horizon,naive_previous_week,30,685,711,27,102.4427018659,91.643990521,2025-12-12,
20261008,730,670,60,rolling_horizon,naive_previous_week,30,685,712,28,97.2419952584,98.2022208221,2025-12-13,
20261008,730,670,60,rolling_horizon,naive_previous_week,30,685,713,29,114.2274385444,88.7840059698,2025-12-14,
20261008,730,670,60,rolling_horizon,naive_previous_week,30,685,714,30,124.6821661264,105.4360307607,2025-12-15,
20261008,730,670,60,rolling_horizon,naive_previous_week,30,686,686,1,106.053250609,105.4360307607,2025-11-17,
20261008,730,670,60,rolling_horizon,naive_previous_week,30,686,687,2,116.1333607552,130.1261804302,2025-11-18,
20261008,730,670,60,rolling_horizon,naive_previous_week,30,686,688,3,131.4291834004,120.2341328764,2025-11-19,
20261008,730,670,60,rolling_horizon,naive_previous_week,30,686,689,4,117.2375226637,116.4643974318,2025-11-20,
20261008,730,670,60,rolling_horizon,naive_previous_week,30,686,690,5,104.4585069656,91.643990521,2025-11-21,
20261008,730,670,60,rolling_horizon,naive_previous_week,30,686,691,6,101.0512216839,98.2022208221,2025-11-22,
20261008,730,670,60,rolling_horizon,naive_previous_week,30,686,692,7,106.7080803311,100.9062127562,2025-11-23,
20261008,730,670,60,rolling_horizon,naive_previous_week,30,686,693,8,104.8566719454,105.4360307607,2025-11-24,
20261008,730,670,60,rolling_horizon,naive_previous_week,30,686,694,9,141.7294464397,130.1261804302,2025-11-25,
20261008,730,670,60,rolling_horizon,naive_previous_week,30,686,695,10,130.7468418113,120.2341328764,2025-11-26,
20261008,730,670,60,rolling_horizon,naive_previous_week,30,686,696,11,128.4356754052,116.4643974318,2025-11-27,
20261008,730,670,60,rolling_horizon,naive_previous_week,30,686,697,12,106.0560514778,91.643990521,2025-11-28,
20261008,730,670,60,rolling_horizon,naive_previous_week,30,686,698,13,87.0788274448,98.2022208221,2025-11-29,
20261008,730,670,60,rolling_horizon,naive_previous_week,30,686,699,14,103.140705212,100.9062127562,2025-11-30,
20261008,730,670,60,rolling_horizon,naive_previous_week,30,686,700,15,113.8373914368,105.4360307607,2025-12-01,
20261008,730,670,60,rolling_horizon,naive_previous_week,30,686,701,16,128.6959921408,130.1261804302,2025-12-02,
20261008,730,670,60,rolling_horizon,naive_previous_week,30,686,702,17,124.9544385883,120.2341328764,2025-12-03,
20261008,730,670,60,rolling_horizon,naive_previous_week,30,686,703,18,123.0392046882,116.4643974318,2025-12-04,
20261008,730,670,60,rolling_horizon,naive_previous_week,30,686,704,19,112.0375299996,91.643990521,2025-12-05,
20261008,730,670,60,rolling_horizon,naive_previous_week,30,686,705,20,94.7981017475,98.2022208221,2025-12-06,
20261008,730,670,60,rolling_horizon,naive_previous_week,30,686,706,21,97.1541570139,100.9062127562,2025-12-07,
20261008,730,670,60,rolling_horizon,naive_previous_week,30,686,707,22,116.0552552441,105.4360307607,2025-12-08,
20261008,730,670,60,rolling_horizon,naive_previous_week,30,686,708,23,124.9869441925,130.1261804302,2025-12-09,
20261008,730,670,60,rolling_horizon,naive_previous_week,30,686,709,24,133.985128528,120.2341328764,2025-12-10,
20261008,730,670,60,rolling_horizon,naive_previous_week,30,686,710,25,129.1625511456,116.4643974318,2025-12-11,
20261008,730,670,60,rolling_horizon,naive_previous_week,30,686,711,26,102.4427018659,91.643990521,2025-12-12,
20261008,730,670,60,rolling_horizon,naive_previous_week,30,686,712,27,97.2419952584,98.2022208221,2025-12-13,
20261008,730,670,60,rolling_horizon,naive_previous_week,30,686,713,28,114.2274385444,100.9062127562,2025-12-14,
20261008,730,670,60,rolling_horizon,naive_previous_week,30,686,714,29,124.6821661264,105.4360307607,2025-12-15,
20261008,730,670,60,rolling_horizon,naive_previous_week,30,686,715,30,137.1927210045,130.1261804302,2025-12-16,
20261008,730,670,60,rolling_horizon,naive_previous_week,30,687,687,1,116.1333607552,130.1261804302,2025-11-18,
20261008,730,670,60,rolling_horizon,naive_previous_week,30,687,688,2,131.4291834004,120.2341328764,2025-11-19,
20261008,730,670,60,rolling_horizon,naive_previous_week,30,687,689,3,117.2375226637,116.4643974318,2025-11-20,
20261008,730,670,60,rolling_horizon,naive_previous_week,30,687,690,4,104.4585069656,91.643990521,2025-11-21,
20261008,730,670,60,rolling_horizon,naive_previous_week,30,687,691,5,101.0512216839,98.2022208221,2025-11-22,
20261008,730,670,60,rolling_horizon,naive_previous_week,30,687,692,6,106.7080803311,100.9062127562,2025-11-23,
20261008,730,670,60,rolling_horizon,naive_previous_week,30,687,693,7,104.8566719454,106.053250609,2025-11-24,
20261008,730,670,60,rolling_horizon,naive_previous_week,30,687,694,8,141.7294464397,130.1261804302,2025-11-25,
20261008,730,670,60,rolling_horizon,naive_previous_week,30,687,695,9,130.7468418113,120.2341328764,2025-11-26,
20261008,730,670,60,rolling_horizon,naive_previous_week,30,687,696,10,128.4356754052,116.4643974318,2025-11-27,
20261008,730,670,60,rolling_horizon,naive_previous_week,30,687,697,11,106.0560514778,91.643990521,2025-11-28,
20261008,730,670,60,rolling_horizon,naive_previous_week,30,687,698,12,87.0788274448,98.2022208221,2025-11-29,
20261008,730,670,60,rolling_horizon,naive_previous_week,30,687,699,13,103.140705212,100.9062127562,2025-11-30,
20261008,730,670,60,rolling_horizon,naive_previous_week,30,687,700,14,113.8373914368,106.053250609,2025-12-01,
20261008,730,670,60,rolling_horizon,naive_previous_week,30,687,701,15,128.6959921408,130.1261804302,2025-12-02,
20261008,730,670,60,rolling_horizon,naive_previous_week,30,687,702,16,124.9544385883,120.2341328764,2025-12-03,
20261008,730,670,60,rolling_horizon,naive_previous_week,30,687,703,17,123.0392046882,116.4643974318,2025-12-04,
20261008,730,670,60,rolling_horizon,naive_previous_week,30,687,704,18,112.0375299996,91.643990521,2025-12-05,
20261008,730,670,60,rolling_horizon,naive_previous_week,30,687,705,19,94.7981017475,98.2022208221,2025-12-06,
20261008,730,670,60,rolling_horizon,naive_previous_week,30,687,706,20,97.1541570139,100.9062127562,2025-12-07,
20261008,730,670,60,rolling_horizon,naive_previous_week,30,687,707,21,116.0552552441,106.053250609,2025-12-08,
20261008,730,670,60,rolling_horizon,naive_previous_week,30,687,708,22,124.9869441925,130.1261804302,2025-12-09,
20261008,730,670,60,rolling_horizon,naive_previous_week,30,687,709,23,133.985128528,120.2341328764,2025-12-10,
20261008,730,670,60,rolling_horizon,naive_previous_week,30,687,710,24,129.1625511456,116.4643974318,2025-12-11,
20261008,730,670,60,rolling_horizon,naive_previous_week,30,687,711,25,102.4427018659,91.643990521,2025-12-12,
20261008,730,670,60,rolling_horizon,naive_previous_week,30,687,712,26,97.2419952584,98.2022208221,2025-12-13,
20261008,730,670,60,rolling_horizon,naive_previous_week,30,687,713,27,114.2274385444,100.9062127562,2025-12-14,
20261008,730,670,60,rolling_horizon,naive_previous_week,30,687,714,28,124.6821661264,106.053250609,2025-12-15,
20261008,730,670,60,rolling_horizon,naive_previous_week,30,687,715,29,137.1927210045,130.1261804302,2025-12-16,
20261008,730,670,60,rolling_horizon,naive_previous_week,30,687,716,30,136.9806933036,120.2341328764,2025-12-17,
20261008,730,670,60,rolling_horizon,naive_previous_week,30,688,688,1,131.4291834004,120.2341328764,2025-11-19,
20261008,730,670,60,rolling_horizon,naive_previous_week,30,688,689,2,117.2375226637,116.4643974318,2025-11-20,
20261008,730,670,60,rolling_horizon,naive_previous_week,30,688,690,3,104.4585069656,91.643990521,2025-11-21,
20261008,730,670,60,rolling_horizon,naive_previous_week,30,688,691,4,101.0512216839,98.2022208221,2025-11-22,
20261008,730,670,60,rolling_horizon,naive_previous_week,30,688,692,5,106.7080803311,100.9062127562,2025-11-23,
20261008,730,670,60,rolling_horizon,naive_previous_week,30,688,693,6,104.8566719454,106.053250609,2025-11-24,
20261008,730,670,60,rolling_horizon,naive_previous_week,30,688,694,7,141.7294464397,116.1333607552,2025-11-25,
20261008,730,670,60,rolling_horizon,naive_previous_week,30,688,695,8,130.7468418113,120.2341328764,2025-11-26,
20261008,730,670,60,rolling_horizon,naive_previous_week,30,688,696,9,128.4356754052,116.4643974318,2025-11-27,
20261008,730,670,60,rolling_horizon,naive_previous_week,30,688,697,10,106.0560514778,91.643990521,2025-11-28,
20261008,730,670,60,rolling_horizon,naive_previous_week,30,688,698,11,87.0788274448,98.2022208221,2025-11-29,
20261008,730,670,60,rolling_horizon,naive_previous_week,30,688,699,12,103.140705212,100.9062127562,2025-11-30,
20261008,730,670,60,rolling_horizon,naive_previous_week,30,688,700,13,113.8373914368,106.053250609,2025-12-01,
20261008,730,670,60,rolling_horizon,naive_previous_week,30,688,701,14,128.6959921408,116.1333607552,2025-12-02,
20261008,730,670,60,rolling_horizon,naive_previous_week,30,688,702,15,124.9544385883,120.2341328764,2025-12-03,
20261008,730,670,60,rolling_horizon,naive_previous_week,30,688,703,16,123.0392046882,116.4643974318,2025-12-04,
20261008,730,670,60,rolling_horizon,naive_previous_week,30,688,704,17,112.0375299996,91.643990521,2025-12-05,
20261008,730,670,60,rolling_horizon,naive_previous_week,30,688,705,18,94.7981017475,98.2022208221,2025-12-06,
20261008,730,670,60,rolling_horizon,naive_previous_week,30,688,706,19,97.1541570139,100.9062127562,2025-12-07,
20261008,730,670,60,rolling_horizon,naive_previous_week,30,688,707,20,116.0552552441,106.053250609,2025-12-08,
20261008,730,670,60,rolling_horizon,naive_previous_week,30,688,708,21,124.9869441925,116.1333607552,2025-12-09,
20261008,730,670,60,rolling_horizon,naive_previous_week,30,688,709,22,133.985128528,120.2341328764,2025-12-10,
20261008,730,670,60,rolling_horizon,naive_previous_week,30,688,710,23,129.1625511456,116.4643974318,2025-12-11,
20261008,730,670,60,rolling_horizon,naive_previous_week,30,688,711,24,102.4427018659,91.643990521,2025-12-12,
20261008,730,670,60,rolling_horizon,naive_previous_week,30,688,712,25,97.2419952584,98.2022208221,2025-12-13,
20261008,730,670,60,rolling_horizon,naive_previous_week,30,688,713,26,114.2274385444,100.9062127562,2025-12-14,
20261008,730,670,60,rolling_horizon,naive_previous_week,30,688,714,27,124.6821661264,106.053250609,2025-12-15,
20261008,730,670,60,rolling_horizon,naive_previous_week,30,688,715,28,137.1927210045,116.1333607552,2025-12-16,
20261008,730,670,60,rolling_horizon,naive_previous_week,30,688,716,29,136.9806933036,120.2341328764,2025-12-17,
20261008,730,670,60,rolling_horizon,naive_previous_week,30,688,717,30,137.8994379973,116.4643974318,2025-12-18,
20261008,730,670,60,rolling_horizon,naive_previous_week,30,689,689,1,117.2375226637,116.4643974318,2025-11-20,
20261008,730,670,60,rolling_horizon,naive_previous_week,30,689,690,2,104.4585069656,91.643990521,2025-11-21,
20261008,730,670,60,rolling_horizon,naive_previous_week,30,689,691,3,101.0512216839,98.2022208221,2025-11-22,
20261008,730,670,60,rolling_horizon,naive_previous_week,30,689,692,4,106.7080803311,100.9062127562,2025-11-23,
20261008,730,670,60,rolling_horizon,naive_previous_week,30,689,693,5,104.8566719454,106.053250609,2025-11-24,
20261008,730,670,60,rolling_horizon,naive_previous_week,30,689,694,6,141.7294464397,116.1333607552,2025-11-25,
20261008,730,670,60,rolling_horizon,naive_previous_week,30,689,695,7,130.7468418113,131.4291834004,2025-11-26,
20261008,730,670,60,rolling_horizon,naive_previous_week,30,689,696,8,128.4356754052,116.4643974318,2025-11-27,
20261008,730,670,60,rolling_horizon,naive_previous_week,30,689,697,9,106.0560514778,91.643990521,2025-11-28,
20261008,730,670,60,rolling_horizon,naive_previous_week,30,689,698,10,87.0788274448,98.2022208221,2025-11-29,
20261008,730,670,60,rolling_horizon,naive_previous_week,30,689,699,11,103.140705212,100.9062127562,2025-11-30,
20261008,730,670,60,rolling_horizon,naive_previous_week,30,689,700,12,113.8373914368,106.053250609,2025-12-01,
20261008,730,670,60,rolling_horizon,naive_previous_week,30,689,701,13,128.6959921408,116.1333607552,2025-12-02,
20261008,730,670,60,rolling_horizon,naive_previous_week,30,689,702,14,124.9544385883,131.4291834004,2025-12-03,
20261008,730,670,60,rolling_horizon,naive_previous_week,30,689,703,15,123.0392046882,116.4643974318,2025-12-04,
20261008,730,670,60,rolling_horizon,naive_previous_week,30,689,704,16,112.0375299996,91.643990521,2025-12-05,
20261008,730,670,60,rolling_horizon,naive_previous_week,30,689,705,17,94.7981017475,98.2022208221,2025-12-06,
20261008,730,670,60,rolling_horizon,naive_previous_week,30,689,706,18,97.1541570139,100.9062127562,2025-12-07,
20261008,730,670,60,rolling_horizon,naive_previous_week,30,689,707,19,116.0552552441,106.053250609,2025-12-08,
20261008,730,670,60,rolling_horizon,naive_previous_week,30,689,708,20,124.9869441925,116.1333607552,2025-12-09,
20261008,730,670,60,rolling_horizon,naive_previous_week,30,689,709,21,133.985128528,131.4291834004,2025-12-10,
20261008,730,670,60,rolling_horizon,naive_previous_week,30,689,710,22,129.1625511456,116.4643974318,2025-12-11,
20261008,730,670,60,rolling_horizon,naive_previous_week,30,689,711,23,102.4427018659,91.643990521,2025-12-12,
20261008,730,670,60,rolling_horizon,naive_previous_week,30,689,712,24,97.2419952584,98.2022208221,2025-12-13,
20261008,730,670,60,rolling_horizon,naive_previous_week,30,689,713,25,114.2274385444,100.9062127562,2025-12-14,
20261008,730,670,60,rolling_horizon,naive_previous_week,30,689,714,26,124.6821661264,106.053250609,2025-12-15,
20261008,730,670,60,rolling_horizon,naive_previous_week,30,689,715,27,137.1927210045,116.1333607552,2025-12-16,
20261008,730,670,60,rolling_horizon,naive_previous_week,30,689,716,28,136.9806933036,131.4291834004,2025-12-17,
20261008,730,670,60,rolling_horizon,naive_previous_week,30,689,717,29,137.8994379973,116.4643974318,2025-12-18,
20261008,730,670,60,rolling_horizon,naive_previous_week,30,689,718,30,119.7019547049,91.643990521,2025-12-19,
20261008,730,670,60,rolling_horizon,naive_previous_week,30,690,690,1,104.4585069656,91.643990521,2025-11-21,
20261008,730,670,60,rolling_horizon,naive_previous_week,30,690,691,2,101.0512216839,98.2022208221,2025-11-22,
20261008,730,670,60,rolling_horizon,naive_previous_week,30,690,692,3,106.7080803311,100.9062127562,2025-11-23,
20261008,730,670,60,rolling_horizon,naive_previous_week,30,690,693,4,104.8566719454,106.053250609,2025-11-24,
20261008,730,670,60,rolling_horizon,naive_previous_week,30,690,694,5,141.7294464397,116.1333607552,2025-11-25,
20261008,730,670,60,rolling_horizon,naive_previous_week,30,690,695,6,130.7468418113,131.4291834004,2025-11-26,
20261008,730,670,60,rolling_horizon,naive_previous_week,30,690,696,7,128.4356754052,117.2375226637,2025-11-27,
20261008,730,670,60,rolling_horizon,naive_previous_week,30,690,697,8,106.0560514778,91.643990521,2025-11-28,
20261008,730,670,60,rolling_horizon,naive_previous_week,30,690,698,9,87.0788274448,98.2022208221,2025-11-29,
20261008,730,670,60,rolling_horizon,naive_previous_week,30,690,699,10,103.140705212,100.9062127562,2025-11-30,
20261008,730,670,60,rolling_horizon,naive_previous_week,30,690,700,11,113.8373914368,106.053250609,2025-12-01,
20261008,730,670,60,rolling_horizon,naive_previous_week,30,690,701,12,128.6959921408,116.1333607552,2025-12-02,
20261008,730,670,60,rolling_horizon,naive_previous_week,30,690,702,13,124.9544385883,131.4291834004,2025-12-03,
20261008,730,670,60,rolling_horizon,naive_previous_week,30,690,703,14,123.0392046882,117.2375226637,2025-12-04,
20261008,730,670,60,rolling_horizon,naive_previous_week,30,690,704,15,112.0375299996,91.643990521,2025-12-05,
20261008,730,670,60,rolling_horizon,naive_previous_week,30,690,705,16,94.7981017475,98.2022208221,2025-12-06,
20261008,730,670,60,rolling_horizon,naive_previous_week,30,690,706,17,97.1541570139,100.9062127562,2025-12-07,
20261008,730,670,60,rolling_horizon,naive_previous_week,30,690,707,18,116.0552552441,106.053250609,2025-12-08,
20261008,730,670,60,rolling_horizon,naive_previous_week,30,690,708,19,124.9869441925,116.1333607552,2025-12-09,
20261008,730,670,60,rolling_horizon,naive_previous_week,30,690,709,20,133.985128528,131.4291834004,2025-12-10,
20261008,730,670,60,rolling_horizon,naive_previous_week,30,690,710,21,129.1625511456,117.2375226637,2025-12-11,
20261008,730,670,60,rolling_horizon,naive_previous_week,30,690,711,22,102.4427018659,91.643990521,2025-12-12,
20261008,730,670,60,rolling_horizon,naive_previous_week,30,690,712,23,97.2419952584,98.2022208221,2025-12-13,
20261008,730,670,60,rolling_horizon,naive_previous_week,30,690,713,24,114.2274385444,100.9062127562,2025-12-14,
20261008,730,670,60,rolling_horizon,naive_previous_week,30,690,714,25,124.6821661264,106.053250609,2025-12-15,
20261008,730,670,60,rolling_horizon,naive_previous_week,30,690,715,26,137.1927210045,116.1333607552,2025-12-16,
20261008,730,670,60,rolling_horizon,naive_previous_week,30,690,716,27,136.9806933036,131.4291834004,2025-12-17,
20261008,730,670,60,rolling_horizon,naive_previous_week,30,690,717,28,137.8994379973,117.2375226637,2025-12-18,
20261008,730,670,60,rolling_horizon,naive_previous_week,30,690,718,29,119.7019547049,91.643990521,2025-12-19,
20261008,730,670,60,rolling_horizon,naive_previous_week,30,690,719,30,108.3331542232,98.2022208221,2025-12-20,
20261008,730,670,60,rolling_horizon,naive_previous_week,30,691,691,1,101.0512216839,98.2022208221,2025-11-22,
20261008,730,670,60,rolling_horizon,naive_previous_week,30,691,692,2,106.7080803311,100.9062127562,2025-11-23,
20261008,730,670,60,rolling_horizon,naive_previous_week,30,691,693,3,104.8566719454,106.053250609,2025-11-24,
20261008,730,670,60,rolling_horizon,naive_previous_week,30,691,694,4,141.7294464397,116.1333607552,2025-11-25,
20261008,730,670,60,rolling_horizon,naive_previous_week,30,691,695,5,130.7468418113,131.4291834004,2025-11-26,
20261008,730,670,60,rolling_horizon,naive_previous_week,30,691,696,6,128.4356754052,117.2375226637,2025-11-27,
20261008,730,670,60,rolling_horizon,naive_previous_week,30,691,697,7,106.0560514778,104.4585069656,2025-11-28,
20261008,730,670,60,rolling_horizon,naive_previous_week,30,691,698,8,87.0788274448,98.2022208221,2025-11-29,
20261008,730,670,60,rolling_horizon,naive_previous_week,30,691,699,9,103.140705212,100.9062127562,2025-11-30,
20261008,730,670,60,rolling_horizon,naive_previous_week,30,691,700,10,113.8373914368,106.053250609,2025-12-01,
20261008,730,670,60,rolling_horizon,naive_previous_week,30,691,701,11,128.6959921408,116.1333607552,2025-12-02,
20261008,730,670,60,rolling_horizon,naive_previous_week,30,691,702,12,124.9544385883,131.4291834004,2025-12-03,
20261008,730,670,60,rolling_horizon,naive_previous_week,30,691,703,13,123.0392046882,117.2375226637,2025-12-04,
20261008,730,670,60,rolling_horizon,naive_previous_week,30,691,704,14,112.0375299996,104.4585069656,2025-12-05,
20261008,730,670,60,rolling_horizon,naive_previous_week,30,691,705,15,94.7981017475,98.2022208221,2025-12-06,
20261008,730,670,60,rolling_horizon,naive_previous_week,30,691,706,16,97.1541570139,100.9062127562,2025-12-07,
20261008,730,670,60,rolling_horizon,naive_previous_week,30,691,707,17,116.0552552441,106.053250609,2025-12-08,
20261008,730,670,60,rolling_horizon,naive_previous_week,30,691,708,18,124.9869441925,116.1333607552,2025-12-09,
20261008,730,670,60,rolling_horizon,naive_previous_week,30,691,709,19,133.985128528,131.4291834004,2025-12-10,
20261008,730,670,60,rolling_horizon,naive_previous_week,30,691,710,20,129.1625511456,117.2375226637,2025-12-11,
20261008,730,670,60,rolling_horizon,naive_previous_week,30,691,711,21,102.4427018659,104.4585069656,2025-12-12,
20261008,730,670,60,rolling_horizon,naive_previous_week,30,691,712,22,97.2419952584,98.2022208221,2025-12-13,
20261008,730,670,60,rolling_horizon,naive_previous_week,30,691,713,23,114.2274385444,100.9062127562,2025-12-14,
20261008,730,670,60,rolling_horizon,naive_previous_week,30,691,714,24,124.6821661264,106.053250609,2025-12-15,
20261008,730,670,60,rolling_horizon,naive_previous_week,30,691,715,25,137.1927210045,116.1333607552,2025-12-16,
20261008,730,670,60,rolling_horizon,naive_previous_week,30,691,716,26,136.9806933036,131.4291834004,2025-12-17,
20261008,730,670,60,rolling_horizon,naive_previous_week,30,691,717,27,137.8994379973,117.2375226637,2025-12-18,
20261008,730,670,60,rolling_horizon,naive_previous_week,30,691,718,28,119.7019547049,104.4585069656,2025-12-19,
20261008,730,670,60,rolling_horizon,naive_previous_week,30,691,719,29,108.3331542232,98.2022208221,2025-12-20,
20261008,730,670,60,rolling_horizon,naive_previous_week,30,691,720,30,108.8625518294,100.9062127562,2025-12-21,
20261008,730,670,60,rolling_horizon,naive_previous_week,30,692,692,1,106.7080803311,100.9062127562,2025-11-23,
20261008,730,670,60,rolling_horizon,naive_previous_week,30,692,693,2,104.8566719454,106.053250609,2025-11-24,
20261008,730,670,60,rolling_horizon,naive_previous_week,30,692,694,3,141.7294464397,116.1333607552,2025-11-25,
20261008,730,670,60,rolling_horizon,naive_previous_week,30,692,695,4,130.7468418113,131.4291834004,2025-11-26,
20261008,730,670,60,rolling_horizon,naive_previous_week,30,692,696,5,128.4356754052,117.2375226637,2025-11-27,
20261008,730,670,60,rolling_horizon,naive_previous_week,30,692,697,6,106.0560514778,104.4585069656,2025-11-28,
20261008,730,670,60,rolling_horizon,naive_previous_week,30,692,698,7,87.0788274448,101.0512216839,2025-11-29,
20261008,730,670,60,rolling_horizon,naive_previous_week,30,692,699,8,103.140705212,100.9062127562,2025-11-30,
20261008,730,670,60,rolling_horizon,naive_previous_week,30,692,700,9,113.8373914368,106.053250609,2025-12-01,
20261008,730,670,60,rolling_horizon,naive_previous_week,30,692,701,10,128.6959921408,116.1333607552,2025-12-02,
20261008,730,670,60,rolling_horizon,naive_previous_week,30,692,702,11,124.9544385883,131.4291834004,2025-12-03,
20261008,730,670,60,rolling_horizon,naive_previous_week,30,692,703,12,123.0392046882,117.2375226637,2025-12-04,
20261008,730,670,60,rolling_horizon,naive_previous_week,30,692,704,13,112.0375299996,104.4585069656,2025-12-05,
20261008,730,670,60,rolling_horizon,naive_previous_week,30,692,705,14,94.7981017475,101.0512216839,2025-12-06,
20261008,730,670,60,rolling_horizon,naive_previous_week,30,692,706,15,97.1541570139,100.9062127562,2025-12-07,
20261008,730,670,60,rolling_horizon,naive_previous_week,30,692,707,16,116.0552552441,106.053250609,2025-12-08,
20261008,730,670,60,rolling_horizon,naive_previous_week,30,692,708,17,124.9869441925,116.1333607552,2025-12-09,
20261008,730,670,60,rolling_horizon,naive_previous_week,30,692,709,18,133.985128528,131.4291834004,2025-12-10,
20261008,730,670,60,rolling_horizon,naive_previous_week,30,692,710,19,129.1625511456,117.2375226637,2025-12-11,
20261008,730,670,60,rolling_horizon,naive_previous_week,30,692,711,20,102.4427018659,104.4585069656,2025-12-12,
20261008,730,670,60,rolling_horizon,naive_previous_week,30,692,712,21,97.2419952584,101.0512216839,2025-12-13,
20261008,730,670,60,rolling_horizon,naive_previous_week,30,692,713,22,114.2274385444,100.9062127562,2025-12-14,
20261008,730,670,60,rolling_horizon,naive_previous_week,30,692,714,23,124.6821661264,106.053250609,2025-12-15,
20261008,730,670,60,rolling_horizon,naive_previous_week,30,692,715,24,137.1927210045,116.1333607552,2025-12-16,
20261008,730,670,60,rolling_horizon,naive_previous_week,30,692,716,25,136.9806933036,131.4291834004,2025-12-17,
20261008,730,670,60,rolling_horizon,naive_previous_week,30,692,717,26,137.8994379973,117.2375226637,2025-12-18,
20261008,730,670,60,rolling_horizon,naive_previous_week,30,692,718,27,119.7019547049,104.4585069656,2025-12-19,
20261008,730,670,60,rolling_horizon,naive_previous_week,30,692,719,28,108.3331542232,101.0512216839,2025-12-20,
20261008,730,670,60,rolling_horizon,naive_previous_week,30,692,720,29,108.8625518294,100.9062127562,2025-12-21,
20261008,730,670,60,rolling_horizon,naive_previous_week,30,692,721,30,120.5254118304,106.053250609,2025-12-22,
20261008,730,670,60,rolling_horizon,naive_previous_week,30,693,693,1,104.8566719454,106.053250609,2025-11-24,
20261008,730,670,60,rolling_horizon,naive_previous_week,30,693,694,2,141.7294464397,116.1333607552,2025-11-25,
20261008,730,670,60,rolling_horizon,naive_previous_week,30,693,695,3,130.7468418113,131.4291834004,2025-11-26,
20261008,730,670,60,rolling_horizon,naive_previous_week,30,693,696,4,128.4356754052,117.2375226637,2025-11-27,
20261008,730,670,60,rolling_horizon,naive_previous_week,30,693,697,5,106.0560514778,104.4585069656,2025-11-28,
20261008,730,670,60,rolling_horizon,naive_previous_week,30,693,698,6,87.0788274448,101.0512216839,2025-11-29,
20261008,730,670,60,rolling_horizon,naive_previous_week,30,693,699,7,103.140705212,106.7080803311,2025-11-30,
20261008,730,670,60,rolling_horizon,naive_previous_week,30,693,700,8,113.8373914368,106.053250609,2025-12-01,
20261008,730,670,60,rolling_horizon,naive_previous_week,30,693,701,9,128.6959921408,116.1333607552,2025-12-02,
20261008,730,670,60,rolling_horizon,naive_previous_week,30,693,702,10,124.9544385883,131.4291834004,2025-12-03,
20261008,730,670,60,rolling_horizon,naive_previous_week,30,693,703,11,123.0392046882,117.2375226637,2025-12-04,
20261008,730,670,60,rolling_horizon,naive_previous_week,30,693,704,12,112.0375299996,104.4585069656,2025-12-05,
20261008,730,670,60,rolling_horizon,naive_previous_week,30,693,705,13,94.7981017475,101.0512216839,2025-12-06,
20261008,730,670,60,rolling_horizon,naive_previous_week,30,693,706,14,97.1541570139,106.7080803311,2025-12-07,
20261008,730,670,60,rolling_horizon,naive_previous_week,30,693,707,15,116.0552552441,106.053250609,2025-12-08,
20261008,730,670,60,rolling_horizon,naive_previous_week,30,693,708,16,124.9869441925,116.1333607552,2025-12-09,
20261008,730,670,60,rolling_horizon,naive_previous_week,30,693,709,17,133.985128528,131.4291834004,2025-12-10,
20261008,730,670,60,rolling_horizon,naive_previous_week,30,693,710,18,129.1625511456,117.2375226637,2025-12-11,
20261008,730,670,60,rolling_horizon,naive_previous_week,30,693,711,19,102.4427018659,104.4585069656,2025-12-12,
20261008,730,670,60,rolling_horizon,naive_previous_week,30,693,712,20,97.2419952584,101.0512216839,2025-12-13,
20261008,730,670,60,rolling_horizon,naive_previous_week,30,693,713,21,114.2274385444,106.7080803311,2025-12-14,
20261008,730,670,60,rolling_horizon,naive_previous_week,30,693,714,22,124.6821661264,106.053250609,2025-12-15,
20261008,730,670,60,rolling_horizon,naive_previous_week,30,693,715,23,137.1927210045,116.1333607552,2025-12-16,
20261008,730,670,60,rolling_horizon,naive_previous_week,30,693,716,24,136.9806933036,131.4291834004,2025-12-17,
20261008,730,670,60,rolling_horizon,naive_previous_week,30,693,717,25,137.8994379973,117.2375226637,2025-12-18,
20261008,730,670,60,rolling_horizon,naive_previous_week,30,693,718,26,119.7019547049,104.4585069656,2025-12-19,
20261008,730,670,60,rolling_horizon,naive_previous_week,30,693,719,27,108.3331542232,101.0512216839,2025-12-20,
20261008,730,670,60,rolling_horizon,naive_previous_week,30,693,720,28,108.8625518294,106.7080803311,2025-12-21,
20261008,730,670,60,rolling_horizon,naive_previous_week,30,693,721,29,120.5254118304,106.053250609,2025-12-22,
20261008,730,670,60,rolling_horizon,naive_previous_week,30,693,722,30,139.3049085557,116.1333607552,2025-12-23,
20261008,730,670,60,rolling_horizon,naive_previous_week,30,694,694,1,141.7294464397,116.1333607552,2025-11-25,
20261008,730,670,60,rolling_horizon,naive_previous_week,30,694,695,2,130.7468418113,131.4291834004,2025-11-26,
20261008,730,670,60,rolling_horizon,naive_previous_week,30,694,696,3,128.4356754052,117.2375226637,2025-11-27,
20261008,730,670,60,rolling_horizon,naive_previous_week,30,694,697,4,106.0560514778,104.4585069656,2025-11-28,
20261008,730,670,60,rolling_horizon,naive_previous_week,30,694,698,5,87.0788274448,101.0512216839,2025-11-29,
20261008,730,670,60,rolling_horizon,naive_previous_week,30,694,699,6,103.140705212,106.7080803311,2025-11-30,
20261008,730,670,60,rolling_horizon,naive_previous_week,30,694,700,7,113.8373914368,104.8566719454,2025-12-01,
20261008,730,670,60,rolling_horizon,naive_previous_week,30,694,701,8,128.6959921408,116.1333607552,2025-12-02,
20261008,730,670,60,rolling_horizon,naive_previous_week,30,694,702,9,124.9544385883,131.4291834004,2025-12-03,
20261008,730,670,60,rolling_horizon,naive_previous_week,30,694,703,10,123.0392046882,117.2375226637,2025-12-04,
20261008,730,670,60,rolling_horizon,naive_previous_week,30,694,704,11,112.0375299996,104.4585069656,2025-12-05,
20261008,730,670,60,rolling_horizon,naive_previous_week,30,694,705,12,94.7981017475,101.0512216839,2025-12-06,
20261008,730,670,60,rolling_horizon,naive_previous_week,30,694,706,13,97.1541570139,106.7080803311,2025-12-07,
20261008,730,670,60,rolling_horizon,naive_previous_week,30,694,707,14,116.0552552441,104.8566719454,2025-12-08,
20261008,730,670,60,rolling_horizon,naive_previous_week,30,694,708,15,124.9869441925,116.1333607552,2025-12-09,
20261008,730,670,60,rolling_horizon,naive_previous_week,30,694,709,16,133.985128528,131.4291834004,2025-12-10,
20261008,730,670,60,rolling_horizon,naive_previous_week,30,694,710,17,129.1625511456,117.2375226637,2025-12-11,
20261008,730,670,60,rolling_horizon,naive_previous_week,30,694,711,18,102.4427018659,104.4585069656,2025-12-12,
20261008,730,670,60,rolling_horizon,naive_previous_week,30,694,712,19,97.2419952584,101.0512216839,2025-12-13,
20261008,730,670,60,rolling_horizon,naive_previous_week,30,694,713,20,114.2274385444,106.7080803311,2025-12-14,
20261008,730,670,60,rolling_horizon,naive_previous_week,30,694,714,21,124.6821661264,104.8566719454,2025-12-15,
20261008,730,670,60,rolling_horizon,naive_previous_week,30,694,715,22,137.1927210045,116.1333607552,2025-12-16,
20261008,730,670,60,rolling_horizon,naive_previous_week,30,694,716,23,136.9806933036,131.4291834004,2025-12-17,
20261008,730,670,60,rolling_horizon,naive_previous_week,30,694,717,24,137.8994379973,117.2375226637,2025-12-18,
20261008,730,670,60,rolling_horizon,naive_previous_week,30,694,718,25,119.7019547049,104.4585069656,2025-12-19,
20261008,730,670,60,rolling_horizon,naive_previous_week,30,694,719,26,108.3331542232,101.0512216839,2025-12-20,
20261008,730,670,60,rolling_horizon,naive_previous_week,30,694,720,27,108.8625518294,106.7080803311,2025-12-21,
20261008,730,670,60,rolling_horizon,naive_previous_week,30,694,721,28,120.5254118304,104.8566719454,2025-12-22,
20261008,730,670,60,rolling_horizon,naive_previous_week,30,694,722,29,139.3049085557,116.1333607552,2025-12-23,
20261008,730,670,60,rolling_horizon,naive_previous_week,30,694,723,30,143.880104289,131.4291834004,2025-12-24,
20261008,730,670,60,rolling_horizon,naive_previous_week,30,695,695,1,130.7468418113,131.4291834004,2025-11-26,
20261008,730,670,60,rolling_horizon,naive_previous_week,30,695,696,2,128.4356754052,117.2375226637,2025-11-27,
20261008,730,670,60,rolling_horizon,naive_previous_week,30,695,697,3,106.0560514778,104.4585069656,2025-11-28,
20261008,730,670,60,rolling_horizon,naive_previous_week,30,695,698,4,87.0788274448,101.0512216839,2025-11-29,
20261008,730,670,60,rolling_horizon,naive_previous_week,30,695,699,5,103.140705212,106.7080803311,2025-11-30,
20261008,730,670,60,rolling_horizon,naive_previous_week,30,695,700,6,113.8373914368,104.8566719454,2025-12-01,
20261008,730,670,60,rolling_horizon,naive_previous_week,30,695,701,7,128.6959921408,141.7294464397,2025-12-02,
20261008,730,670,60,rolling_horizon,naive_previous_week,30,695,702,8,124.9544385883,131.4291834004,2025-12-03,
20261008,730,670,60,rolling_horizon,naive_previous_week,30,695,703,9,123.0392046882,117.2375226637,2025-12-04,
20261008,730,670,60,rolling_horizon,naive_previous_week,30,695,704,10,112.0375299996,104.4585069656,2025-12-05,
20261008,730,670,60,rolling_horizon,naive_previous_week,30,695,705,11,94.7981017475,101.0512216839,2025-12-06,
20261008,730,670,60,rolling_horizon,naive_previous_week,30,695,706,12,97.1541570139,106.7080803311,2025-12-07,
20261008,730,670,60,rolling_horizon,naive_previous_week,30,695,707,13,116.0552552441,104.8566719454,2025-12-08,
20261008,730,670,60,rolling_horizon,naive_previous_week,30,695,708,14,124.9869441925,141.7294464397,2025-12-09,
20261008,730,670,60,rolling_horizon,naive_previous_week,30,695,709,15,133.985128528,131.4291834004,2025-12-10,
20261008,730,670,60,rolling_horizon,naive_previous_week,30,695,710,16,129.1625511456,117.2375226637,2025-12-11,
20261008,730,670,60,rolling_horizon,naive_previous_week,30,695,711,17,102.4427018659,104.4585069656,2025-12-12,
20261008,730,670,60,rolling_horizon,naive_previous_week,30,695,712,18,97.2419952584,101.0512216839,2025-12-13,
20261008,730,670,60,rolling_horizon,naive_previous_week,30,695,713,19,114.2274385444,106.7080803311,2025-12-14,
20261008,730,670,60,rolling_horizon,naive_previous_week,30,695,714,20,124.6821661264,104.8566719454,2025-12-15,
20261008,730,670,60,rolling_horizon,naive_previous_week,30,695,715,21,137.1927210045,141.7294464397,2025-12-16,
20261008,730,670,60,rolling_horizon,naive_previous_week,30,695,716,22,136.9806933036,131.4291834004,2025-12-17,
20261008,730,670,60,rolling_horizon,naive_previous_week,30,695,717,23,137.8994379973,117.2375226637,2025-12-18,
20261008,730,670,60,rolling_horizon,naive_previous_week,30,695,718,24,119.7019547049,104.4585069656,2025-12-19,
20261008,730,670,60,rolling_horizon,naive_previous_week,30,695,719,25,108.3331542232,101.0512216839,2025-12-20,
20261008,730,670,60,rolling_horizon,naive_previous_week,30,695,720,26,108.8625518294,106.7080803311,2025-12-21,
20261008,730,670,60,rolling_horizon,naive_previous_week,30,695,721,27,120.5254118304,104.8566719454,2025-12-22,
20261008,730,670,60,rolling_horizon,naive_previous_week,30,695,722,28,139.3049085557,141.7294464397,2025-12-23,
20261008,730,670,60,rolling_horizon,naive_previous_week,30,695,723,29,143.880104289,131.4291834004,2025-12-24,
20261008,730,670,60,rolling_horizon,naive_previous_week,30,695,724,30,126.2461868417,117.2375226637,2025-12-25,
20261008,730,670,60,rolling_horizon,naive_previous_week,30,696,696,1,128.4356754052,117.2375226637,2025-11-27,
20261008,730,670,60,rolling_horizon,naive_previous_week,30,696,697,2,106.0560514778,104.4585069656,2025-11-28,
20261008,730,670,60,rolling_horizon,naive_previous_week,30,696,698,3,87.0788274448,101.0512216839,2025-11-29,
20261008,730,670,60,rolling_horizon,naive_previous_week,30,696,699,4,103.140705212,106.7080803311,2025-11-30,
20261008,730,670,60,rolling_horizon,naive_previous_week,30,696,700,5,113.8373914368,104.8566719454,2025-12-01,
20261008,730,670,60,rolling_horizon,naive_previous_week,30,696,701,6,128.6959921408,141.7294464397,2025-12-02,
20261008,730,670,60,rolling_horizon,naive_previous_week,30,696,702,7,124.9544385883,130.7468418113,2025-12-03,
20261008,730,670,60,rolling_horizon,naive_previous_week,30,696,703,8,123.0392046882,117.2375226637,2025-12-04,
20261008,730,670,60,rolling_horizon,naive_previous_week,30,696,704,9,112.0375299996,104.4585069656,2025-12-05,
20261008,730,670,60,rolling_horizon,naive_previous_week,30,696,705,10,94.7981017475,101.0512216839,2025-12-06,
20261008,730,670,60,rolling_horizon,naive_previous_week,30,696,706,11,97.1541570139,106.7080803311,2025-12-07,
20261008,730,670,60,rolling_horizon,naive_previous_week,30,696,707,12,116.0552552441,104.8566719454,2025-12-08,
20261008,730,670,60,rolling_horizon,naive_previous_week,30,696,708,13,124.9869441925,141.7294464397,2025-12-09,
20261008,730,670,60,rolling_horizon,naive_previous_week,30,696,709,14,133.985128528,130.7468418113,2025-12-10,
20261008,730,670,60,rolling_horizon,naive_previous_week,30,696,710,15,129.1625511456,117.2375226637,2025-12-11,
20261008,730,670,60,rolling_horizon,naive_previous_week,30,696,711,16,102.4427018659,104.4585069656,2025-12-12,
20261008,730,670,60,rolling_horizon,naive_previous_week,30,696,712,17,97.2419952584,101.0512216839,2025-12-13,
20261008,730,670,60,rolling_horizon,naive_previous_week,30,696,713,18,114.2274385444,106.7080803311,2025-12-14,
20261008,730,670,60,rolling_horizon,naive_previous_week,30,696,714,19,124.6821661264,104.8566719454,2025-12-15,
20261008,730,670,60,rolling_horizon,naive_previous_week,30,696,715,20,137.1927210045,141.7294464397,2025-12-16,
20261008,730,670,60,rolling_horizon,naive_previous_week,30,696,716,21,136.9806933036,130.7468418113,2025-12-17,
20261008,730,670,60,rolling_horizon,naive_previous_week,30,696,717,22,137.8994379973,117.2375226637,2025-12-18,
20261008,730,670,60,rolling_horizon,naive_previous_week,30,696,718,23,119.7019547049,104.4585069656,2025-12-19,
20261008,730,670,60,rolling_horizon,naive_previous_week,30,696,719,24,108.3331542232,101.0512216839,2025-12-20,
20261008,730,670,60,rolling_horizon,naive_previous_week,30,696,720,25,108.8625518294,106.7080803311,2025-12-21,
20261008,730,670,60,rolling_horizon,naive_previous_week,30,696,721,26,120.5254118304,104.8566719454,2025-12-22,
20261008,730,670,60,rolling_horizon,naive_previous_week,30,696,722,27,139.3049085557,141.7294464397,2025-12-23,
20261008,730,670,60,rolling_horizon,naive_previous_week,30,696,723,28,143.880104289,130.7468418113,2025-12-24,
20261008,730,670,60,rolling_horizon,naive_previous_week,30,696,724,29,126.2461868417,117.2375226637,2025-12-25,
20261008,730,670,60,rolling_horizon,naive_previous_week,30,696,725,30,107.3164425454,104.4585069656,2025-12-26,
20261008,730,670,60,rolling_horizon,naive_previous_week,30,697,697,1,106.0560514778,104.4585069656,2025-11-28,
20261008,730,670,60,rolling_horizon,naive_previous_week,30,697,698,2,87.0788274448,101.0512216839,2025-11-29,
20261008,730,670,60,rolling_horizon,naive_previous_week,30,697,699,3,103.140705212,106.7080803311,2025-11-30,
20261008,730,670,60,rolling_horizon,naive_previous_week,30,697,700,4,113.8373914368,104.8566719454,2025-12-01,
20261008,730,670,60,rolling_horizon,naive_previous_week,30,697,701,5,128.6959921408,141.7294464397,2025-12-02,
20261008,730,670,60,rolling_horizon,naive_previous_week,30,697,702,6,124.9544385883,130.7468418113,2025-12-03,
20261008,730,670,60,rolling_horizon,naive_previous_week,30,697,703,7,123.0392046882,128.4356754052,2025-12-04,
20261008,730,670,60,rolling_horizon,naive_previous_week,30,697,704,8,112.0375299996,104.4585069656,2025-12-05,
20261008,730,670,60,rolling_horizon,naive_previous_week,30,697,705,9,94.7981017475,101.0512216839,2025-12-06,
20261008,730,670,60,rolling_horizon,naive_previous_week,30,697,706,10,97.1541570139,106.7080803311,2025-12-07,
20261008,730,670,60,rolling_horizon,naive_previous_week,30,697,707,11,116.0552552441,104.8566719454,2025-12-08,
20261008,730,670,60,rolling_horizon,naive_previous_week,30,697,708,12,124.9869441925,141.7294464397,2025-12-09,
20261008,730,670,60,rolling_horizon,naive_previous_week,30,697,709,13,133.985128528,130.7468418113,2025-12-10,
20261008,730,670,60,rolling_horizon,naive_previous_week,30,697,710,14,129.1625511456,128.4356754052,2025-12-11,
20261008,730,670,60,rolling_horizon,naive_previous_week,30,697,711,15,102.4427018659,104.4585069656,2025-12-12,
20261008,730,670,60,rolling_horizon,naive_previous_week,30,697,712,16,97.2419952584,101.0512216839,2025-12-13,
20261008,730,670,60,rolling_horizon,naive_previous_week,30,697,713,17,114.2274385444,106.7080803311,2025-12-14,
20261008,730,670,60,rolling_horizon,naive_previous_week,30,697,714,18,124.6821661264,104.8566719454,2025-12-15,
20261008,730,670,60,rolling_horizon,naive_previous_week,30,697,715,19,137.1927210045,141.7294464397,2025-12-16,
20261008,730,670,60,rolling_horizon,naive_previous_week,30,697,716,20,136.9806933036,130.7468418113,2025-12-17,
20261008,730,670,60,rolling_horizon,naive_previous_week,30,697,717,21,137.8994379973,128.4356754052,2025-12-18,
20261008,730,670,60,rolling_horizon,naive_previous_week,30,697,718,22,119.7019547049,104.4585069656,2025-12-19,
20261008,730,670,60,rolling_horizon,naive_previous_week,30,697,719,23,108.3331542232,101.0512216839,2025-12-20,
20261008,730,670,60,rolling_horizon,naive_previous_week,30,697,720,24,108.8625518294,106.7080803311,2025-12-21,
20261008,730,670,60,rolling_horizon,naive_previous_week,30,697,721,25,120.5254118304,104.8566719454,2025-12-22,
20261008,730,670,60,rolling_horizon,naive_previous_week,30,697,722,26,139.3049085557,141.7294464397,2025-12-23,
20261008,730,670,60,rolling_horizon,naive_previous_week,30,697,723,27,143.880104289,130.7468418113,2025-12-24,
20261008,730,670,60,rolling_horizon,naive_previous_week,30,697,724,28,126.2461868417,128.4356754052,2025-12-25,
20261008,730,670,60,rolling_horizon,naive_previous_week,30,697,725,29,107.3164425454,104.4585069656,2025-12-26,
20261008,730,670,60,rolling_horizon,naive_previous_week,30,697,726,30,118.4815108613,101.0512216839,2025-12-27,
20261008,730,670,60,rolling_horizon,naive_previous_week,30,698,698,1,87.0788274448,101.0512216839,2025-11-29,
20261008,730,670,60,rolling_horizon,naive_previous_week,30,698,699,2,103.140705212,106.7080803311,2025-11-30,
20261008,730,670,60,rolling_horizon,naive_previous_week,30,698,700,3,113.8373914368,104.8566719454,2025-12-01,
20261008,730,670,60,rolling_horizon,naive_previous_week,30,698,701,4,128.6959921408,141.7294464397,2025-12-02,
20261008,730,670,60,rolling_horizon,naive_previous_week,30,698,702,5,124.9544385883,130.7468418113,2025-12-03,
20261008,730,670,60,rolling_horizon,naive_previous_week,30,698,703,6,123.0392046882,128.4356754052,2025-12-04,
20261008,730,670,60,rolling_horizon,naive_previous_week,30,698,704,7,112.0375299996,106.0560514778,2025-12-05,
20261008,730,670,60,rolling_horizon,naive_previous_week,30,698,705,8,94.7981017475,101.0512216839,2025-12-06,
20261008,730,670,60,rolling_horizon,naive_previous_week,30,698,706,9,97.1541570139,106.7080803311,2025-12-07,
20261008,730,670,60,rolling_horizon,naive_previous_week,30,698,707,10,116.0552552441,104.8566719454,2025-12-08,
20261008,730,670,60,rolling_horizon,naive_previous_week,30,698,708,11,124.9869441925,141.7294464397,2025-12-09,
20261008,730,670,60,rolling_horizon,naive_previous_week,30,698,709,12,133.985128528,130.7468418113,2025-12-10,
20261008,730,670,60,rolling_horizon,naive_previous_week,30,698,710,13,129.1625511456,128.4356754052,2025-12-11,
20261008,730,670,60,rolling_horizon,naive_previous_week,30,698,711,14,102.4427018659,106.0560514778,2025-12-12,
20261008,730,670,60,rolling_horizon,naive_previous_week,30,698,712,15,97.2419952584,101.0512216839,2025-12-13,
20261008,730,670,60,rolling_horizon,naive_previous_week,30,698,713,16,114.2274385444,106.7080803311,2025-12-14,
20261008,730,670,60,rolling_horizon,naive_previous_week,30,698,714,17,124.6821661264,104.8566719454,2025-12-15,
20261008,730,670,60,rolling_horizon,naive_previous_week,30,698,715,18,137.1927210045,141.7294464397,2025-12-16,
20261008,730,670,60,rolling_horizon,naive_previous_week,30,698,716,19,136.9806933036,130.7468418113,2025-12-17,
20261008,730,670,60,rolling_horizon,naive_previous_week,30,698,717,20,137.8994379973,128.4356754052,2025-12-18,
20261008,730,670,60,rolling_horizon,naive_previous_week,30,698,718,21,119.7019547049,106.0560514778,2025-12-19,
20261008,730,670,60,rolling_horizon,naive_previous_week,30,698,719,22,108.3331542232,101.0512216839,2025-12-20,
20261008,730,670,60,rolling_horizon,naive_previous_week,30,698,720,23,108.8625518294,106.7080803311,2025-12-21,
20261008,730,670,60,rolling_horizon,naive_previous_week,30,698,721,24,120.5254118304,104.8566719454,2025-12-22,
20261008,730,670,60,rolling_horizon,naive_previous_week,30,698,722,25,139.3049085557,141.7294464397,2025-12-23,
20261008,730,670,60,rolling_horizon,naive_previous_week,30,698,723,26,143.880104289,130.7468418113,2025-12-24,
20261008,730,670,60,rolling_horizon,naive_previous_week,30,698,724,27,126.2461868417,128.4356754052,2025-12-25,
20261008,730,670,60,rolling_horizon,naive_previous_week,30,698,725,28,107.3164425454,106.0560514778,2025-12-26,
20261008,730,670,60,rolling_horizon,naive_previous_week,30,698,726,29,118.4815108613,101.0512216839,2025-12-27,
20261008,730,670,60,rolling_horizon,naive_previous_week,30,698,727,30,115.7158276032,106.7080803311,2025-12-28,
20261008,730,670,60,rolling_horizon,naive_previous_week,30,699,699,1,103.140705212,106.7080803311,2025-11-30,
20261008,730,670,60,rolling_horizon,naive_previous_week,30,699,700,2,113.8373914368,104.8566719454,2025-12-01,
20261008,730,670,60,rolling_horizon,naive_previous_week,30,699,701,3,128.6959921408,141.7294464397,2025-12-02,
20261008,730,670,60,rolling_horizon,naive_previous_week,30,699,702,4,124.9544385883,130.7468418113,2025-12-03,
20261008,730,670,60,rolling_horizon,naive_previous_week,30,699,703,5,123.0392046882,128.4356754052,2025-12-04,
20261008,730,670,60,rolling_horizon,naive_previous_week,30,699,704,6,112.0375299996,106.0560514778,2025-12-05,
20261008,730,670,60,rolling_horizon,naive_previous_week,30,699,705,7,94.7981017475,87.0788274448,2025-12-06,
20261008,730,670,60,rolling_horizon,naive_previous_week,30,699,706,8,97.1541570139,106.7080803311,2025-12-07,
20261008,730,670,60,rolling_horizon,naive_previous_week,30,699,707,9,116.0552552441,104.8566719454,2025-12-08,
20261008,730,670,60,rolling_horizon,naive_previous_week,30,699,708,10,124.9869441925,141.7294464397,2025-12-09,
20261008,730,670,60,rolling_horizon,naive_previous_week,30,699,709,11,133.985128528,130.7468418113,2025-12-10,
20261008,730,670,60,rolling_horizon,naive_previous_week,30,699,710,12,129.1625511456,128.4356754052,2025-12-11,
20261008,730,670,60,rolling_horizon,naive_previous_week,30,699,711,13,102.4427018659,106.0560514778,2025-12-12,
20261008,730,670,60,rolling_horizon,naive_previous_week,30,699,712,14,97.2419952584,87.0788274448,2025-12-13,
20261008,730,670,60,rolling_horizon,naive_previous_week,30,699,713,15,114.2274385444,106.7080803311,2025-12-14,
20261008,730,670,60,rolling_horizon,naive_previous_week,30,699,714,16,124.6821661264,104.8566719454,2025-12-15,
20261008,730,670,60,rolling_horizon,naive_previous_week,30,699,715,17,137.1927210045,141.7294464397,2025-12-16,
20261008,730,670,60,rolling_horizon,naive_previous_week,30,699,716,18,136.9806933036,130.7468418113,2025-12-17,
20261008,730,670,60,rolling_horizon,naive_previous_week,30,699,717,19,137.8994379973,128.4356754052,2025-12-18,
20261008,730,670,60,rolling_horizon,naive_previous_week,30,699,718,20,119.7019547049,106.0560514778,2025-12-19,
20261008,730,670,60,rolling_horizon,naive_previous_week,30,699,719,21,108.3331542232,87.0788274448,2025-12-20,
20261008,730,670,60,rolling_horizon,naive_previous_week,30,699,720,22,108.8625518294,106.7080803311,2025-12-21,
20261008,730,670,60,rolling_horizon,naive_previous_week,30,699,721,23,120.5254118304,104.8566719454,2025-12-22,
20261008,730,670,60,rolling_horizon,naive_previous_week,30,699,722,24,139.3049085557,141.7294464397,2025-12-23,
20261008,730,670,60,rolling_horizon,naive_previous_week,30,699,723,25,143.880104289,130.7468418113,2025-12-24,
20261008,730,670,60,rolling_horizon,naive_previous_week,30,699,724,26,126.2461868417,128.4356754052,2025-12-25,
20261008,730,670,60,rolling_horizon,naive_previous_week,30,699,725,27,107.3164425454,106.0560514778,2025-12-26,
20261008,730,670,60,rolling_horizon,naive_previous_week,30,699,726,28,118.4815108613,87.0788274448,2025-12-27,
20261008,730,670,60,rolling_horizon,naive_previous_week,30,699,727,29,115.7158276032,106.7080803311,2025-12-28,
20261008,730,670,60,rolling_horizon,naive_previous_week,30,699,728,30,127.5141535018,104.8566719454,2025-12-29,
20261008,730,670,60,rolling_horizon,naive_previous_week,30,700,700,1,113.8373914368,104.8566719454,2025-12-01,
20261008,730,670,60,rolling_horizon,naive_previous_week,30,700,701,2,128.6959921408,141.7294464397,2025-12-02,
20261008,730,670,60,rolling_horizon,naive_previous_week,30,700,702,3,124.9544385883,130.7468418113,2025-12-03,
20261008,730,670,60,rolling_horizon,naive_previous_week,30,700,703,4,123.0392046882,128.4356754052,2025-12-04,
20261008,730,670,60,rolling_horizon,naive_previous_week,30,700,704,5,112.0375299996,106.0560514778,2025-12-05,
20261008,730,670,60,rolling_horizon,naive_previous_week,30,700,705,6,94.7981017475,87.0788274448,2025-12-06,
20261008,730,670,60,rolling_horizon,naive_previous_week,30,700,706,7,97.1541570139,103.140705212,2025-12-07,
20261008,730,670,60,rolling_horizon,naive_previous_week,30,700,707,8,116.0552552441,104.8566719454,2025-12-08,
20261008,730,670,60,rolling_horizon,naive_previous_week,30,700,708,9,124.9869441925,141.7294464397,2025-12-09,
20261008,730,670,60,rolling_horizon,naive_previous_week,30,700,709,10,133.985128528,130.7468418113,2025-12-10,
20261008,730,670,60,rolling_horizon,naive_previous_week,30,700,710,11,129.1625511456,128.4356754052,2025-12-11,
20261008,730,670,60,rolling_horizon,naive_previous_week,30,700,711,12,102.4427018659,106.0560514778,2025-12-12,
20261008,730,670,60,rolling_horizon,naive_previous_week,30,700,712,13,97.2419952584,87.0788274448,2025-12-13,
20261008,730,670,60,rolling_horizon,naive_previous_week,30,700,713,14,114.2274385444,103.140705212,2025-12-14,
20261008,730,670,60,rolling_horizon,naive_previous_week,30,700,714,15,124.6821661264,104.8566719454,2025-12-15,
20261008,730,670,60,rolling_horizon,naive_previous_week,30,700,715,16,137.1927210045,141.7294464397,2025-12-16,
20261008,730,670,60,rolling_horizon,naive_previous_week,30,700,716,17,136.9806933036,130.7468418113,2025-12-17,
20261008,730,670,60,rolling_horizon,naive_previous_week,30,700,717,18,137.8994379973,128.4356754052,2025-12-18,
20261008,730,670,60,rolling_horizon,naive_previous_week,30,700,718,19,119.7019547049,106.0560514778,2025-12-19,
20261008,730,670,60,rolling_horizon,naive_previous_week,30,700,719,20,108.3331542232,87.0788274448,2025-12-20,
20261008,730,670,60,rolling_horizon,naive_previous_week,30,700,720,21,108.8625518294,103.140705212,2025-12-21,
20261008,730,670,60,rolling_horizon,naive_previous_week,30,700,721,22,120.5254118304,104.8566719454,2025-12-22,
20261008,730,670,60,rolling_horizon,naive_previous_week,30,700,722,23,139.3049085557,141.7294464397,2025-12-23,
20261008,730,670,60,rolling_horizon,naive_previous_week,30,700,723,24,143.880104289,130.7468418113,2025-12-24,
20261008,730,670,60,rolling_horizon,naive_previous_week,30,700,724,25,126.2461868417,128.4356754052,2025-12-25,
20261008,730,670,60,rolling_horizon,naive_previous_week,30,700,725,26,107.3164425454,106.0560514778,2025-12-26,
20261008,730,670,60,rolling_horizon,naive_previous_week,30,700,726,27,118.4815108613,87.0788274448,2025-12-27,
20261008,730,670,60,rolling_horizon,naive_previous_week,30,700,727,28,115.7158276032,103.140705212,2025-12-28,
20261008,730,670,60,rolling_horizon,naive_previous_week,30,700,728,29,127.5141535018,104.8566719454,2025-12-29,
20261008,730,670,60,rolling_horizon,naive_previous_week,30,700,729,30,135.9980120378,141.7294464397,2025-12-30,
20261008,730,670,60,rolling_horizon,holt_winters_weekly,30,670,670,1,93.6787814212,86.5899468594097,2025-11-01,
20261008,730,670,60,rolling_horizon,holt_winters_weekly,30,670,671,2,88.2360415032,90.31041211153905,2025-11-02,
20261008,730,670,60,rolling_horizon,holt_winters_weekly,30,670,672,3,105.9545255841,102.70458836167451,2025-11-03,
20261008,730,670,60,rolling_horizon,holt_winters_weekly,30,670,673,4,119.7326428272,117.25269130179753,2025-11-04,
20261008,730,670,60,rolling_horizon,holt_winters_weekly,30,670,674,5,122.247387964,118.88818582621644,2025-11-05,
20261008,730,670,60,rolling_horizon,holt_winters_weekly,30,670,675,6,111.0550970756,111.80813946051566,2025-11-06,
20261008,730,670,60,rolling_horizon,holt_winters_weekly,30,670,676,7,102.903983799,93.93103642869553,2025-11-07,
20261008,730,670,60,rolling_horizon,holt_winters_weekly,30,670,677,8,85.6239730153,85.42653940766468,2025-11-08,
20261008,730,670,60,rolling_horizon,holt_winters_weekly,30,670,678,9,88.7840059698,89.14700465979404,2025-11-09,
20261008,730,670,60,rolling_horizon,holt_winters_weekly,30,670,679,10,105.4360307607,101.5411809099295,2025-11-10,
20261008,730,670,60,rolling_horizon,holt_winters_weekly,30,670,680,11,130.1261804302,116.08928385005251,2025-11-11,
20261008,730,670,60,rolling_horizon,holt_winters_weekly,30,670,681,12,120.2341328764,117.72477837447141,2025-11-12,
20261008,730,670,60,rolling_horizon,holt_winters_weekly,30,670,682,13,116.4643974318,110.64473200877065,2025-11-13,
20261008,730,670,60,rolling_horizon,holt_winters_weekly,30,670,683,14,91.643990521,92.76762897695052,2025-11-14,
20261008,730,670,60,rolling_horizon,holt_winters_weekly,30,670,684,15,98.2022208221,84.26313195591966,2025-11-15,
20261008,730,670,60,rolling_horizon,holt_winters_weekly,30,670,685,16,100.9062127562,87.98359720804902,2025-11-16,
20261008,730,670,60,rolling_horizon,holt_winters_weekly,30,670,686,17,106.053250609,100.37777345818448,2025-11-17,
20261008,730,670,60,rolling_horizon,holt_winters_weekly,30,670,687,18,116.1333607552,114.9258763983075,2025-11-18,
20261008,730,670,60,rolling_horizon,holt_winters_weekly,30,670,688,19,131.4291834004,116.56137092272641,2025-11-19,
20261008,730,670,60,rolling_horizon,holt_winters_weekly,30,670,689,20,117.2375226637,109.48132455702563,2025-11-20,
20261008,730,670,60,rolling_horizon,holt_winters_weekly,30,670,690,21,104.4585069656,91.6042215252055,2025-11-21,
20261008,730,670,60,rolling_horizon,holt_winters_weekly,30,670,691,22,101.0512216839,83.09972450417465,2025-11-22,
20261008,730,670,60,rolling_horizon,holt_winters_weekly,30,670,692,23,106.7080803311,86.820189756304,2025-11-23,
20261008,730,670,60,rolling_horizon,holt_winters_weekly,30,670,693,24,104.8566719454,99.21436600643946,2025-11-24,
20261008,730,670,60,rolling_horizon,holt_winters_weekly,30,670,694,25,141.7294464397,113.76246894656248,2025-11-25,
20261008,730,670,60,rolling_horizon,holt_winters_weekly,30,670,695,26,130.7468418113,115.39796347098138,2025-11-26,
20261008,730,670,60,rolling_horizon,holt_winters_weekly,30,670,696,27,128.4356754052,108.31791710528061,2025-11-27,
20261008,730,670,60,rolling_horizon,holt_winters_weekly,30,670,697,28,106.0560514778,90.44081407346049,2025-11-28,
20261008,730,670,60,rolling_horizon,holt_winters_weekly,30,670,698,29,87.0788274448,81.93631705242963,2025-11-29,
20261008,730,670,60,rolling_horizon,holt_winters_weekly,30,670,699,30,103.140705212,85.65678230455899,2025-11-30,
20261008,730,670,60,rolling_horizon,holt_winters_weekly,30,671,671,1,88.2360415032,92.01173240636874,2025-11-02,
20261008,730,670,60,rolling_horizon,holt_winters_weekly,30,671,672,2,105.9545255841,104.68946203897582,2025-11-03,
20261008,730,670,60,rolling_horizon,holt_winters_weekly,30,671,673,3,119.7326428272,119.52111836157044,2025-11-04,
20261008,730,670,60,rolling_horizon,holt_winters_weekly,30,671,674,4,122.247387964,121.44016626846098,2025-11-05,
20261008,730,670,60,rolling_horizon,holt_winters_weekly,30,671,675,5,111.0550970756,114.64367328523181,2025-11-06,
20261008,730,670,60,rolling_horizon,holt_winters_weekly,30,671,676,6,102.903983799,97.0501236358833,2025-11-07,
20261008,730,670,60,rolling_horizon,holt_winters_weekly,30,671,677,7,85.6239730153,89.96339352721051,2025-11-08,
20261008,730,670,60,rolling_horizon,holt_winters_weekly,30,671,678,8,88.7840059698,92.83319863192503,2025-11-09,
20261008,730,670,60,rolling_horizon,holt_winters_weekly,30,671,679,9,105.4360307607,105.51092826453211,2025-11-10,
20261008,730,670,60,rolling_horizon,holt_winters_weekly,30,671,680,10,130.1261804302,120.34258458712674,2025-11-11,
20261008,730,670,60,rolling_horizon,holt_winters_weekly,30,671,681,11,120.2341328764,122.26163249401725,2025-11-12,
20261008,730,670,60,rolling_horizon,holt_winters_weekly,30,671,682,12,116.4643974318,115.4651395107881,2025-11-13,
20261008,730,670,60,rolling_horizon,holt_winters_weekly,30,671,683,13,91.643990521,97.87158986143959,2025-11-14,
20261008,730,670,60,rolling_horizon,holt_winters_weekly,30,671,684,14,98.2022208221,90.7848597527668,2025-11-15,
20261008,730,670,60,rolling_horizon,holt_winters_weekly,30,671,685,15,100.9062127562,93.65466485748132,2025-11-16,
20261008,730,670,60,rolling_horizon,holt_winters_weekly,30,671,686,16,106.053250609,106.33239449008839,2025-11-17,
20261008,730,670,60,rolling_horizon,holt_winters_weekly,30,671,687,17,116.1333607552,121.16405081268303,2025-11-18,
20261008,730,670,60,rolling_horizon,holt_winters_weekly,30,671,688,18,131.4291834004,123.08309871957354,2025-11-19,
20261008,730,670,60,rolling_horizon,holt_winters_weekly,30,671,689,19,117.2375226637,116.2866057363444,2025-11-20,
20261008,730,670,60,rolling_horizon,holt_winters_weekly,30,671,690,20,104.4585069656,98.69305608699588,2025-11-21,
20261008,730,670,60,rolling_horizon,holt_winters_weekly,30,671,691,21,101.0512216839,91.6063259783231,2025-11-22,
20261008,730,670,60,rolling_horizon,holt_winters_weekly,30,671,692,22,106.7080803311,94.47613108303761,2025-11-23,
20261008,730,670,60,rolling_horizon,holt_winters_weekly,30,671,693,23,104.8566719454,107.15386071564468,2025-11-24,
20261008,730,670,60,rolling_horizon,holt_winters_weekly,30,671,694,24,141.7294464397,121.98551703823932,2025-11-25,
20261008,730,670,60,rolling_horizon,holt_winters_weekly,30,671,695,25,130.7468418113,123.90456494512983,2025-11-26,
20261008,730,670,60,rolling_horizon,holt_winters_weekly,30,671,696,26,128.4356754052,117.10807196190068,2025-11-27,
20261008,730,670,60,rolling_horizon,holt_winters_weekly,30,671,697,27,106.0560514778,99.51452231255217,2025-11-28,
20261008,730,670,60,rolling_horizon,holt_winters_weekly,30,671,698,28,87.0788274448,92.42779220387938,2025-11-29,
20261008,730,670,60,rolling_horizon,holt_winters_weekly,30,671,699,29,103.140705212,95.29759730859391,2025-11-30,
20261008,730,670,60,rolling_horizon,holt_winters_weekly,30,671,700,30,113.8373914368,107.97532694120098,2025-12-01,
20261008,730,670,60,rolling_horizon,holt_winters_weekly,30,672,672,1,105.9545255841,103.78329622221531,2025-11-03,
20261008,730,670,60,rolling_horizon,holt_winters_weekly,30,672,673,2,119.7326428272,118.46392490868318,2025-11-04,
20261008,730,670,60,rolling_horizon,holt_winters_weekly,30,672,674,3,122.247387964,120.23194517944697,2025-11-05,
20261008,730,670,60,rolling_horizon,holt_winters_weekly,30,672,675,4,111.0550970756,113.28442456009105,2025-11-06,
20261008,730,670,60,rolling_horizon,holt_winters_weekly,30,672,676,5,102.903983799,95.5398472746158,2025-11-07,
20261008,730,670,60,rolling_horizon,holt_winters_weekly,30,672,677,6,85.6239730153,88.30208952981624,2025-11-08,
20261008,730,670,60,rolling_horizon,holt_winters_weekly,30,672,678,7,88.7840059698,90.41675645389702,2025-11-09,
20261008,730,670,60,rolling_horizon,holt_winters_weekly,30,672,679,8,105.4360307607,103.54756899488434,2025-11-10,
20261008,730,670,60,rolling_horizon,holt_winters_weekly,30,672,680,9,130.1261804302,118.22819768135223,2025-11-11,
20261008,730,670,60,rolling_horizon,holt_winters_weekly,30,672,681,10,120.2341328764,119.99621795211598,2025-11-12,
20261008,730,670,60,rolling_horizon,holt_winters_weekly,30,672,682,11,116.4643974318,113.04869733276009,2025-11-13,
20261008,730,670,60,rolling_horizon,holt_winters_weekly,30,672,683,12,91.643990521,95.30412004728483,2025-11-14,
20261008,730,670,60,rolling_horizon,holt_winters_weekly,30,672,684,13,98.2022208221,88.06636230248527,2025-11-15,
20261008,730,670,60,rolling_horizon,holt_winters_weekly,30,672,685,14,100.9062127562,90.18102922656605,2025-11-16,
20261008,730,670,60,rolling_horizon,holt_winters_weekly,30,672,686,15,106.053250609,103.31184176755337,2025-11-17,
20261008,730,670,60,rolling_horizon,holt_winters_weekly,30,672,687,16,116.1333607552,117.99247045402126,2025-11-18,
20261008,730,670,60,rolling_horizon,holt_winters_weekly,30,672,688,17,131.4291834004,119.76049072478503,2025-11-19,
20261008,730,670,60,rolling_horizon,holt_winters_weekly,30,672,689,18,117.2375226637,112.81297010542912,2025-11-20,
20261008,730,670,60,rolling_horizon,holt_winters_weekly,30,672,690,19,104.4585069656,95.06839281995386,2025-11-21,
20261008,730,670,60,rolling_horizon,holt_winters_weekly,30,672,691,20,101.0512216839,87.8306350751543,2025-11-22,
20261008,730,670,60,rolling_horizon,holt_winters_weekly,30,672,692,21,106.7080803311,89.94530199923508,2025-11-23,
20261008,730,670,60,rolling_horizon,holt_winters_weekly,30,672,693,22,104.8566719454,103.0761145402224,2025-11-24,
20261008,730,670,60,rolling_horizon,holt_winters_weekly,30,672,694,23,141.7294464397,117.75674322669029,2025-11-25,
20261008,730,670,60,rolling_horizon,holt_winters_weekly,30,672,695,24,130.7468418113,119.52476349745405,2025-11-26,
20261008,730,670,60,rolling_horizon,holt_winters_weekly,30,672,696,25,128.4356754052,112.57724287809815,2025-11-27,
20261008,730,670,60,rolling_horizon,holt_winters_weekly,30,672,697,26,106.0560514778,94.83266559262289,2025-11-28,
20261008,730,670,60,rolling_horizon,holt_winters_weekly,30,672,698,27,87.0788274448,87.59490784782335,2025-11-29,
20261008,730,670,60,rolling_horizon,holt_winters_weekly,30,672,699,28,103.140705212,89.70957477190412,2025-11-30,
20261008,730,670,60,rolling_horizon,holt_winters_weekly,30,672,700,29,113.8373914368,102.84038731289144,2025-12-01,
20261008,730,670,60,rolling_horizon,holt_winters_weekly,30,672,701,30,128.6959921408,117.52101599935932,2025-12-02,
20261008,730,670,60,rolling_horizon,holt_winters_weekly,30,673,673,1,119.7326428272,118.98501995553552,2025-11-04,
20261008,730,670,60,rolling_horizon,holt_winters_weekly,30,673,674,2,122.247387964,120.83988940077467,2025-11-05,
20261008,730,670,60,rolling_horizon,holt_winters_weekly,30,673,675,3,111.0550970756,113.97921795589416,2025-11-06,
20261008,730,670,60,rolling_horizon,holt_winters_weekly,30,673,676,4,102.903983799,96.32148984489427,2025-11-07,
20261008,730,670,60,rolling_horizon,holt_winters_weekly,30,673,677,5,85.6239730153,89.17058127457013,2025-11-08,
20261008,730,670,60,rolling_horizon,holt_winters_weekly,30,673,678,6,88.7840059698,91.37209737312628,2025-11-09,
20261008,730,670,60,rolling_horizon,holt_winters_weekly,30,673,679,7,105.4360307607,104.93715578649055,2025-11-10,
20261008,730,670,60,rolling_horizon,holt_winters_weekly,30,673,680,8,130.1261804302,119.35723694953226,2025-11-11,
20261008,730,670,60,rolling_horizon,holt_winters_weekly,30,673,681,9,120.2341328764,121.21210639477141,2025-11-12,
20261008,730,670,60,rolling_horizon,holt_winters_weekly,30,673,682,10,116.4643974318,114.3514349498909,2025-11-13,
20261008,730,670,60,rolling_horizon,holt_winters_weekly,30,673,683,11,91.643990521,96.69370683889102,2025-11-14,
20261008,730,670,60,rolling_horizon,holt_winters_weekly,30,673,684,12,98.2022208221,89.54279826856687,2025-11-15,
20261008,730,670,60,rolling_horizon,holt_winters_weekly,30,673,685,13,100.9062127562,91.74431436712304,2025-11-16,
20261008,730,670,60,rolling_horizon,holt_winters_weekly,30,673,686,14,106.053250609,105.3093727804873,2025-11-17,
20261008,730,670,60,rolling_horizon,holt_winters_weekly,30,673,687,15,116.1333607552,119.72945394352901,2025-11-18,
20261008,730,670,60,rolling_horizon,holt_winters_weekly,30,673,688,16,131.4291834004,121.58432338876815,2025-11-19,
20261008,730,670,60,rolling_horizon,holt_winters_weekly,30,673,689,17,117.2375226637,114.72365194388765,2025-11-20,
20261008,730,670,60,rolling_horizon,holt_winters_weekly,30,673,690,18,104.4585069656,97.06592383288776,2025-11-21,
20261008,730,670,60,rolling_horizon,holt_winters_weekly,30,673,691,19,101.0512216839,89.91501526256361,2025-11-22,
20261008,730,670,60,rolling_horizon,holt_winters_weekly,30,673,692,20,106.7080803311,92.11653136111978,2025-11-23,
20261008,730,670,60,rolling_horizon,holt_winters_weekly,30,673,693,21,104.8566719454,105.68158977448404,2025-11-24,
20261008,730,670,60,rolling_horizon,holt_winters_weekly,30,673,694,22,141.7294464397,120.10167093752575,2025-11-25,
20261008,730,670,60,rolling_horizon,holt_winters_weekly,30,673,695,23,130.7468418113,121.9565403827649,2025-11-26,
20261008,730,670,60,rolling_horizon,holt_winters_weekly,30,673,696,24,128.4356754052,115.09586893788439,2025-11-27,
20261008,730,670,60,rolling_horizon,holt_winters_weekly,30,673,697,25,106.0560514778,97.4381408268845,2025-11-28,
20261008,730,670,60,rolling_horizon,holt_winters_weekly,30,673,698,26,87.0788274448,90.28723225656036,2025-11-29,
20261008,730,670,60,rolling_horizon,holt_winters_weekly,30,673,699,27,103.140705212,92.48874835511653,2025-11-30,
20261008,730,670,60,rolling_horizon,holt_winters_weekly,30,673,700,28,113.8373914368,106.05380676848078,2025-12-01,
20261008,730,670,60,rolling_horizon,holt_winters_weekly,30,673,701,29,128.6959921408,120.4738879315225,2025-12-02,
20261008,730,670,60,rolling_horizon,holt_winters_weekly,30,673,702,30,124.9544385883,122.32875737676164,2025-12-03,
20261008,730,670,60,rolling_horizon,holt_winters_weekly,30,674,674,1,122.247387964,121.01931888997416,2025-11-05,
20261008,730,670,60,rolling_horizon,holt_winters_weekly,30,674,675,2,111.0550970756,114.18855235996023,2025-11-06,
20261008,730,670,60,rolling_horizon,holt_winters_weekly,30,674,676,3,102.903983799,96.56072916382693,2025-11-07,
20261008,730,670,60,rolling_horizon,holt_winters_weekly,30,674,677,4,85.6239730153,89.43972550836935,2025-11-08,
20261008,730,670,60,rolling_horizon,holt_winters_weekly,30,674,678,5,88.7840059698,91.6711465217921,2025-11-09,
20261008,730,670,60,rolling_horizon,holt_winters_weekly,30,674,679,6,105.4360307607,105.26610985002294,2025-11-10,
20261008,730,670,60,rolling_horizon,holt_winters_weekly,30,674,680,7,130.1261804302,119.83571558739754,2025-11-11,
20261008,730,670,60,rolling_horizon,holt_winters_weekly,30,674,681,8,120.2341328764,121.60087028803699,2025-11-12,
20261008,730,670,60,rolling_horizon,holt_winters_weekly,30,674,682,9,116.4643974318,114.77010375802304,2025-11-13,
20261008,730,670,60,rolling_horizon,holt_winters_weekly,30,674,683,10,91.643990521,97.14228056188975,2025-11-14,
20261008,730,670,60,rolling_horizon,holt_winters_weekly,30,674,684,11,98.2022208221,90.02127690643218,2025-11-15,
20261008,730,670,60,rolling_horizon,holt_winters_weekly,30,674,685,12,100.9062127562,92.25269791985491,2025-11-16,
20261008,730,670,60,rolling_horizon,holt_winters_weekly,30,674,686,13,106.053250609,105.84766124808576,2025-11-17,
20261008,730,670,60,rolling_horizon,holt_winters_weekly,30,674,687,14,116.1333607552,120.41726698546036,2025-11-18,
20261008,730,670,60,rolling_horizon,holt_winters_weekly,30,674,688,15,131.4291834004,122.18242168609979,2025-11-19,
20261008,730,670,60,rolling_horizon,holt_winters_weekly,30,674,689,16,117.2375226637,115.35165515608585,2025-11-20,
20261008,730,670,60,rolling_horizon,holt_winters_weekly,30,674,690,17,104.4585069656,97.72383195995256,2025-11-21,
20261008,730,670,60,rolling_horizon,holt_winters_weekly,30,674,691,18,101.0512216839,90.60282830449499,2025-11-22,
20261008,730,670,60,rolling_horizon,holt_winters_weekly,30,674,692,19,106.7080803311,92.83424931791772,2025-11-23,
20261008,730,670,60,rolling_horizon,holt_winters_weekly,30,674,693,20,104.8566719454,106.42921264614857,2025-11-24,
20261008,730,670,60,rolling_horizon,holt_winters_weekly,30,674,694,21,141.7294464397,120.99881838352317,2025-11-25,
20261008,730,670,60,rolling_horizon,holt_winters_weekly,30,674,695,22,130.7468418113,122.76397308416261,2025-11-26,
20261008,730,670,60,rolling_horizon,holt_winters_weekly,30,674,696,23,128.4356754052,115.93320655414867,2025-11-27,
20261008,730,670,60,rolling_horizon,holt_winters_weekly,30,674,697,24,106.0560514778,98.30538335801538,2025-11-28,
20261008,730,670,60,rolling_horizon,holt_winters_weekly,30,674,698,25,87.0788274448,91.1843797025578,2025-11-29,
20261008,730,670,60,rolling_horizon,holt_winters_weekly,30,674,699,26,103.140705212,93.41580071598054,2025-11-30,
20261008,730,670,60,rolling_horizon,holt_winters_weekly,30,674,700,27,113.8373914368,107.01076404421138,2025-12-01,
20261008,730,670,60,rolling_horizon,holt_winters_weekly,30,674,701,28,128.6959921408,121.58036978158599,2025-12-02,
20261008,730,670,60,rolling_horizon,holt_winters_weekly,30,674,702,29,124.9544385883,123.34552448222541,2025-12-03,
20261008,730,670,60,rolling_horizon,holt_winters_weekly,30,674,703,30,123.0392046882,116.51475795221148,2025-12-04,
20261008,730,670,60,rolling_horizon,holt_winters_weekly,30,675,675,1,111.0550970756,114.48328893772643,2025-11-06,
20261008,730,670,60,rolling_horizon,holt_winters_weekly,30,675,676,2,102.903983799,96.90458850455417,2025-11-07,
20261008,730,670,60,rolling_horizon,holt_winters_weekly,30,675,677,3,85.6239730153,89.83270761205763,2025-11-08,
20261008,730,670,60,rolling_horizon,holt_winters_weekly,30,675,678,4,88.7840059698,92.11325138844141,2025-11-09,
20261008,730,670,60,rolling_horizon,holt_winters_weekly,30,675,679,5,105.4360307607,105.75733747963328,2025-11-10,
20261008,730,670,60,rolling_horizon,holt_winters_weekly,30,675,680,6,130.1261804302,120.37606597996891,2025-11-11,
20261008,730,670,60,rolling_horizon,holt_winters_weekly,30,675,681,7,120.2341328764,122.38683449541351,2025-11-12,
20261008,730,670,60,rolling_horizon,holt_winters_weekly,30,675,682,8,116.4643974318,115.40869967651648,2025-11-13,
20261008,730,670,60,rolling_horizon,holt_winters_weekly,30,675,683,9,91.643990521,97.82999924334422,2025-11-14,
20261008,730,670,60,rolling_horizon,holt_winters_weekly,30,675,684,10,98.2022208221,90.75811835084768,2025-11-15,
20261008,730,670,60,rolling_horizon,holt_winters_weekly,30,675,685,11,100.9062127562,93.03866212723146,2025-11-16,
20261008,730,670,60,rolling_horizon,holt_winters_weekly,30,675,686,12,106.053250609,106.68274821842334,2025-11-17,
20261008,730,670,60,rolling_horizon,holt_winters_weekly,30,675,687,13,116.1333607552,121.30147671875898,2025-11-18,
20261008,730,670,60,rolling_horizon,holt_winters_weekly,30,675,688,14,131.4291834004,123.31224523420356,2025-11-19,
20261008,730,670,60,rolling_horizon,holt_winters_weekly,30,675,689,15,117.2375226637,116.33411041530653,2025-11-20,
20261008,730,670,60,rolling_horizon,holt_winters_weekly,30,675,690,16,104.4585069656,98.75540998213427,2025-11-21,
20261008,730,670,60,rolling_horizon,holt_winters_weekly,30,675,691,17,101.0512216839,91.68352908963773,2025-11-22,
20261008,730,670,60,rolling_horizon,holt_winters_weekly,30,675,692,18,106.7080803311,93.96407286602151,2025-11-23,
20261008,730,670,60,rolling_horizon,holt_winters_weekly,30,675,693,19,104.8566719454,107.60815895721339,2025-11-24,
20261008,730,670,60,rolling_horizon,holt_winters_weekly,30,675,694,20,141.7294464397,122.22688745754903,2025-11-25,
20261008,730,670,60,rolling_horizon,holt_winters_weekly,30,675,695,21,130.7468418113,124.23765597299362,2025-11-26,
20261008,730,670,60,rolling_horizon,holt_winters_weekly,30,675,696,22,128.4356754052,117.25952115409659,2025-11-27,
20261008,730,670,60,rolling_horizon,holt_winters_weekly,30,675,697,23,106.0560514778,99.68082072092432,2025-11-28,
20261008,730,670,60,rolling_horizon,holt_winters_weekly,30,675,698,24,87.0788274448,92.60893982842778,2025-11-29,
20261008,730,670,60,rolling_horizon,holt_winters_weekly,30,675,699,25,103.140705212,94.88948360481156,2025-11-30,
20261008,730,670,60,rolling_horizon,holt_winters_weekly,30,675,700,26,113.8373914368,108.53356969600344,2025-12-01,
20261008,730,670,60,rolling_horizon,holt_winters_weekly,30,675,701,27,128.6959921408,123.15229819633907,2025-12-02,
20261008,730,670,60,rolling_horizon,holt_winters_weekly,30,675,702,28,124.9544385883,125.16306671178367,2025-12-03,
20261008,730,670,60,rolling_horizon,holt_winters_weekly,30,675,703,29,123.0392046882,118.18493189288664,2025-12-04,
20261008,730,670,60,rolling_horizon,holt_winters_weekly,30,675,704,30,112.0375299996,100.60623145971438,2025-12-05,
20261008,730,670,60,rolling_horizon,holt_winters_weekly,30,676,676,1,102.903983799,96.08182245764384,2025-11-07,
20261008,730,670,60,rolling_horizon,holt_winters_weekly,30,676,677,2,85.6239730153,88.87281389066224,2025-11-08,
20261008,730,670,60,rolling_horizon,holt_winters_weekly,30,676,678,3,88.7840059698,91.01622999256097,2025-11-09,
20261008,730,670,60,rolling_horizon,holt_winters_weekly,30,676,679,4,105.4360307607,104.52318840926779,2025-11-10,
20261008,730,670,60,rolling_horizon,holt_winters_weekly,30,676,680,5,130.1261804302,119.00478923511838,2025-11-11,
20261008,730,670,60,rolling_horizon,holt_winters_weekly,30,676,681,6,120.2341328764,120.87843007607792,2025-11-12,
20261008,730,670,60,rolling_horizon,holt_winters_weekly,30,676,682,7,116.4643974318,113.2146568847556,2025-11-13,
20261008,730,670,60,rolling_horizon,holt_winters_weekly,30,676,683,8,91.643990521,96.04733947503851,2025-11-14,
20261008,730,670,60,rolling_horizon,holt_winters_weekly,30,676,684,9,98.2022208221,88.83833090805692,2025-11-15,
20261008,730,670,60,rolling_horizon,holt_winters_weekly,30,676,685,10,100.9062127562,90.98174700995564,2025-11-16,
20261008,730,670,60,rolling_horizon,holt_winters_weekly,30,676,686,11,106.053250609,104.48870542666246,2025-11-17,
20261008,730,670,60,rolling_horizon,holt_winters_weekly,30,676,687,12,116.1333607552,118.97030625251304,2025-11-18,
20261008,730,670,60,rolling_horizon,holt_winters_weekly,30,676,688,13,131.4291834004,120.84394709347258,2025-11-19,
20261008,730,670,60,rolling_horizon,holt_winters_weekly,30,676,689,14,117.2375226637,113.18017390215027,2025-11-20,
20261008,730,670,60,rolling_horizon,holt_winters_weekly,30,676,690,15,104.4585069656,96.01285649243319,2025-11-21,
20261008,730,670,60,rolling_horizon,holt_winters_weekly,30,676,691,16,101.0512216839,88.80384792545159,2025-11-22,
20261008,730,670,60,rolling_horizon,holt_winters_weekly,30,676,692,17,106.7080803311,90.94726402735031,2025-11-23,
20261008,730,670,60,rolling_horizon,holt_winters_weekly,30,676,693,18,104.8566719454,104.45422244405714,2025-11-24,
20261008,730,670,60,rolling_horizon,holt_winters_weekly,30,676,694,19,141.7294464397,118.93582326990771,2025-11-25,
20261008,730,670,60,rolling_horizon,holt_winters_weekly,30,676,695,20,130.7468418113,120.80946411086725,2025-11-26,
20261008,730,670,60,rolling_horizon,holt_winters_weekly,30,676,696,21,128.4356754052,113.14569091954493,2025-11-27,
20261008,730,670,60,rolling_horizon,holt_winters_weekly,30,676,697,22,106.0560514778,95.97837350982785,2025-11-28,
20261008,730,670,60,rolling_horizon,holt_winters_weekly,30,676,698,23,87.0788274448,88.76936494284627,2025-11-29,
20261008,730,670,60,rolling_horizon,holt_winters_weekly,30,676,699,24,103.140705212,90.91278104474499,2025-11-30,
20261008,730,670,60,rolling_horizon,holt_winters_weekly,30,676,700,25,113.8373914368,104.41973946145181,2025-12-01,
20261008,730,670,60,rolling_horizon,holt_winters_weekly,30,676,701,26,128.6959921408,118.90134028730239,2025-12-02,
20261008,730,670,60,rolling_horizon,holt_winters_weekly,30,676,702,27,124.9544385883,120.77498112826193,2025-12-03,
20261008,730,670,60,rolling_horizon,holt_winters_weekly,30,676,703,28,123.0392046882,113.1112079369396,2025-12-04,
20261008,730,670,60,rolling_horizon,holt_winters_weekly,30,676,704,29,112.0375299996,95.94389052722252,2025-12-05,
20261008,730,670,60,rolling_horizon,holt_winters_weekly,30,676,705,30,94.7981017475,88.73488196024093,2025-12-06,
20261008,730,670,60,rolling_horizon,holt_winters_weekly,30,677,677,1,85.6239730153,90.51013261258773,2025-11-08,
20261008,730,670,60,rolling_horizon,holt_winters_weekly,30,677,678,2,88.7840059698,92.92643516814069,2025-11-09,
20261008,730,670,60,rolling_horizon,holt_winters_weekly,30,677,679,3,105.4360307607,106.70628003850176,2025-11-10,
20261008,730,670,60,rolling_horizon,holt_winters_weekly,30,677,680,4,130.1261804302,121.46076731800659,2025-11-11,
20261008,730,670,60,rolling_horizon,holt_winters_weekly,30,677,681,5,120.2341328764,123.60729461262036,2025-11-12,
20261008,730,670,60,rolling_horizon,holt_winters_weekly,30,677,682,6,116.4643974318,116.2164078749523,2025-11-13,
20261008,730,670,60,rolling_horizon,holt_winters_weekly,30,677,683,7,91.643990521,100.41352273350645,2025-11-14,
20261008,730,670,60,rolling_horizon,holt_winters_weekly,30,677,684,8,98.2022208221,92.38585480556212,2025-11-15,
20261008,730,670,60,rolling_horizon,holt_winters_weekly,30,677,685,9,100.9062127562,94.80215736111508,2025-11-16,
20261008,730,670,60,rolling_horizon,holt_winters_weekly,30,677,686,10,106.053250609,108.58200223147615,2025-11-17,
20261008,730,670,60,rolling_horizon,holt_winters_weekly,30,677,687,11,116.1333607552,123.33648951098098,2025-11-18,
20261008,730,670,60,rolling_horizon,holt_winters_weekly,30,677,688,12,131.4291834004,125.48301680559476,2025-11-19,
20261008,730,670,60,rolling_horizon,holt_winters_weekly,30,677,689,13,117.2375226637,118.09213006792669,2025-11-20,
20261008,730,670,60,rolling_horizon,holt_winters_weekly,30,677,690,14,104.4585069656,102.28924492648085,2025-11-21,
20261008,730,670,60,rolling_horizon,holt_winters_weekly,30,677,691,15,101.0512216839,94.2615769985365,2025-11-22,
20261008,730,670,60,rolling_horizon,holt_winters_weekly,30,677,692,16,106.7080803311,96.67787955408947,2025-11-23,
20261008,730,670,60,rolling_horizon,holt_winters_weekly,30,677,693,17,104.8566719454,110.45772442445055,2025-11-24,
20261008,730,670,60,rolling_horizon,holt_winters_weekly,30,677,694,18,141.7294464397,125.21221170395536,2025-11-25,
20261008,730,670,60,rolling_horizon,holt_winters_weekly,30,677,695,19,130.7468418113,127.35873899856915,2025-11-26,
20261008,730,670,60,rolling_horizon,holt_winters_weekly,30,677,696,20,128.4356754052,119.96785226090108,2025-11-27,
20261008,730,670,60,rolling_horizon,holt_winters_weekly,30,677,697,21,106.0560514778,104.16496711945523,2025-11-28,
20261008,730,670,60,rolling_horizon,holt_winters_weekly,30,677,698,22,87.0788274448,96.13729919151089,2025-11-29,
20261008,730,670,60,rolling_horizon,holt_winters_weekly,30,677,699,23,103.140705212,98.55360174706387,2025-11-30,
20261008,730,670,60,rolling_horizon,holt_winters_weekly,30,677,700,24,113.8373914368,112.33344661742494,2025-12-01,
20261008,730,670,60,rolling_horizon,holt_winters_weekly,30,677,701,25,128.6959921408,127.08793389692975,2025-12-02,
20261008,730,670,60,rolling_horizon,holt_winters_weekly,30,677,702,26,124.9544385883,129.23446119154355,2025-12-03,
20261008,730,670,60,rolling_horizon,holt_winters_weekly,30,677,703,27,123.0392046882,121.84357445387548,2025-12-04,
20261008,730,670,60,rolling_horizon,holt_winters_weekly,30,677,704,28,112.0375299996,106.04068931242962,2025-12-05,
20261008,730,670,60,rolling_horizon,holt_winters_weekly,30,677,705,29,94.7981017475,98.01302138448528,2025-12-06,
20261008,730,670,60,rolling_horizon,holt_winters_weekly,30,677,706,30,97.1541570139,100.42932394003826,2025-12-07,
20261008,730,670,60,rolling_horizon,holt_winters_weekly,30,678,678,1,88.7840059698,91.75375686479165,2025-11-09,
20261008,730,670,60,rolling_horizon,holt_winters_weekly,30,678,679,2,105.4360307607,105.33815535126122,2025-11-10,
20261008,730,670,60,rolling_horizon,holt_winters_weekly,30,678,680,3,130.1261804302,119.89719624687453,2025-11-11,
20261008,730,670,60,rolling_horizon,holt_winters_weekly,30,678,681,4,120.2341328764,121.84827715759681,2025-11-12,
20261008,730,670,60,rolling_horizon,holt_winters_weekly,30,678,682,5,116.4643974318,114.26194403603724,2025-11-13,
20261008,730,670,60,rolling_horizon,holt_winters_weekly,30,678,683,6,91.643990521,98.26361251069989,2025-11-14,
20261008,730,670,60,rolling_horizon,holt_winters_weekly,30,678,684,7,98.2022208221,89.25871266329798,2025-11-15,
20261008,730,670,60,rolling_horizon,holt_winters_weekly,30,678,685,8,100.9062127562,92.2613543705255,2025-11-16,
20261008,730,670,60,rolling_horizon,holt_winters_weekly,30,678,686,9,106.053250609,105.84575285699506,2025-11-17,
20261008,730,670,60,rolling_horizon,holt_winters_weekly,30,678,687,10,116.1333607552,120.40479375260838,2025-11-18,
20261008,730,670,60,rolling_horizon,holt_winters_weekly,30,678,688,11,131.4291834004,122.35587466333065,2025-11-19,
20261008,730,670,60,rolling_horizon,holt_winters_weekly,30,678,689,12,117.2375226637,114.76954154177108,2025-11-20,
20261008,730,670,60,rolling_horizon,holt_winters_weekly,30,678,690,13,104.4585069656,98.77121001643373,2025-11-21,
20261008,730,670,60,rolling_horizon,holt_winters_weekly,30,678,691,14,101.0512216839,89.76631016903184,2025-11-22,
20261008,730,670,60,rolling_horizon,holt_winters_weekly,30,678,692,15,106.7080803311,92.76895187625934,2025-11-23,
20261008,730,670,60,rolling_horizon,holt_winters_weekly,30,678,693,16,104.8566719454,106.3533503627289,2025-11-24,
20261008,730,670,60,rolling_horizon,holt_winters_weekly,30,678,694,17,141.7294464397,120.91239125834223,2025-11-25,
20261008,730,670,60,rolling_horizon,holt_winters_weekly,30,678,695,18,130.7468418113,122.86347216906451,2025-11-26,
20261008,730,670,60,rolling_horizon,holt_winters_weekly,30,678,696,19,128.4356754052,115.27713904750492,2025-11-27,
20261008,730,670,60,rolling_horizon,holt_winters_weekly,30,678,697,20,106.0560514778,99.27880752216757,2025-11-28,
20261008,730,670,60,rolling_horizon,holt_winters_weekly,30,678,698,21,87.0788274448,90.27390767476568,2025-11-29,
20261008,730,670,60,rolling_horizon,holt_winters_weekly,30,678,699,22,103.140705212,93.27654938199319,2025-11-30,
20261008,730,670,60,rolling_horizon,holt_winters_weekly,30,678,700,23,113.8373914368,106.86094786846274,2025-12-01,
20261008,730,670,60,rolling_horizon,holt_winters_weekly,30,678,701,24,128.6959921408,121.41998876407607,2025-12-02,
20261008,730,670,60,rolling_horizon,holt_winters_weekly,30,678,702,25,124.9544385883,123.37106967479835,2025-12-03,
20261008,730,670,60,rolling_horizon,holt_winters_weekly,30,678,703,26,123.0392046882,115.78473655323877,2025-12-04,
20261008,730,670,60,rolling_horizon,holt_winters_weekly,30,678,704,27,112.0375299996,99.78640502790141,2025-12-05,
20261008,730,670,60,rolling_horizon,holt_winters_weekly,30,678,705,28,94.7981017475,90.78150518049952,2025-12-06,
20261008,730,670,60,rolling_horizon,holt_winters_weekly,30,678,706,29,97.1541570139,93.78414688772703,2025-12-07,
20261008,730,670,60,rolling_horizon,holt_winters_weekly,30,678,707,30,116.0552552441,107.3685453741966,2025-12-08,
20261008,730,670,60,rolling_horizon,holt_winters_weekly,30,679,679,1,105.4360307607,104.62541513646323,2025-11-10,
20261008,730,670,60,rolling_horizon,holt_winters_weekly,30,679,680,2,130.1261804302,119.06566599627688,2025-11-11,
20261008,730,670,60,rolling_horizon,holt_winters_weekly,30,679,681,3,120.2341328764,120.8979568711995,2025-11-12,
20261008,730,670,60,rolling_horizon,holt_winters_weekly,30,679,682,4,116.4643974318,113.19283371384024,2025-11-13,
20261008,730,670,60,rolling_horizon,holt_winters_weekly,30,679,683,5,91.643990521,97.07571215270323,2025-11-14,
20261008,730,670,60,rolling_horizon,holt_winters_weekly,30,679,684,6,98.2022208221,87.95202226950168,2025-11-15,
20261008,730,670,60,rolling_horizon,holt_winters_weekly,30,679,685,7,100.9062127562,90.36071379773085,2025-11-16,
20261008,730,670,60,rolling_horizon,holt_winters_weekly,30,679,686,8,106.053250609,104.30148239159942,2025-11-17,
20261008,730,670,60,rolling_horizon,holt_winters_weekly,30,679,687,9,116.1333607552,118.74173325141307,2025-11-18,
20261008,730,670,60,rolling_horizon,holt_winters_weekly,30,679,688,10,131.4291834004,120.57402412633569,2025-11-19,
20261008,730,670,60,rolling_horizon,holt_winters_weekly,30,679,689,11,117.2375226637,112.86890096897645,2025-11-20,
20261008,730,670,60,rolling_horizon,holt_winters_weekly,30,679,690,12,104.4585069656,96.75177940783942,2025-11-21,
20261008,730,670,60,rolling_horizon,holt_winters_weekly,30,679,691,13,101.0512216839,87.62808952463787,2025-11-22,
20261008,730,670,60,rolling_horizon,holt_winters_weekly,30,679,692,14,106.7080803311,90.03678105286704,2025-11-23,
20261008,730,670,60,rolling_horizon,holt_winters_weekly,30,679,693,15,104.8566719454,103.97754964673561,2025-11-24,
20261008,730,670,60,rolling_horizon,holt_winters_weekly,30,679,694,16,141.7294464397,118.41780050654927,2025-11-25,
20261008,730,670,60,rolling_horizon,holt_winters_weekly,30,679,695,17,130.7468418113,120.25009138147188,2025-11-26,
20261008,730,670,60,rolling_horizon,holt_winters_weekly,30,679,696,18,128.4356754052,112.54496822411264,2025-11-27,
20261008,730,670,60,rolling_horizon,holt_winters_weekly,30,679,697,19,106.0560514778,96.42784666297561,2025-11-28,
20261008,730,670,60,rolling_horizon,holt_winters_weekly,30,679,698,20,87.0788274448,87.30415677977406,2025-11-29,
20261008,730,670,60,rolling_horizon,holt_winters_weekly,30,679,699,21,103.140705212,89.71284830800325,2025-11-30,
20261008,730,670,60,rolling_horizon,holt_winters_weekly,30,679,700,22,113.8373914368,103.6536169018718,2025-12-01,
20261008,730,670,60,rolling_horizon,holt_winters_weekly,30,679,701,23,128.6959921408,118.09386776168546,2025-12-02,
20261008,730,670,60,rolling_horizon,holt_winters_weekly,30,679,702,24,124.9544385883,119.92615863660806,2025-12-03,
20261008,730,670,60,rolling_horizon,holt_winters_weekly,30,679,703,25,123.0392046882,112.22103547924883,2025-12-04,
20261008,730,670,60,rolling_horizon,holt_winters_weekly,30,679,704,26,112.0375299996,96.10391391811181,2025-12-05,
20261008,730,670,60,rolling_horizon,holt_winters_weekly,30,679,705,27,94.7981017475,86.98022403491025,2025-12-06,
20261008,730,670,60,rolling_horizon,holt_winters_weekly,30,679,706,28,97.1541570139,89.38891556313943,2025-12-07,
20261008,730,670,60,rolling_horizon,holt_winters_weekly,30,679,707,29,116.0552552441,103.329684157008,2025-12-08,
20261008,730,670,60,rolling_horizon,holt_winters_weekly,30,679,708,30,124.9869441925,117.76993501682165,2025-12-09,
20261008,730,670,60,rolling_horizon,holt_winters_weekly,30,680,680,1,130.1261804302,119.26021374609373,2025-11-11,
20261008,730,670,60,rolling_horizon,holt_winters_weekly,30,680,681,2,120.2341328764,121.12492924598583,2025-11-12,
20261008,730,670,60,rolling_horizon,holt_winters_weekly,30,680,682,3,116.4643974318,113.45223071359605,2025-11-13,
20261008,730,670,60,rolling_horizon,holt_winters_weekly,30,680,683,4,91.643990521,97.3675337774285,2025-11-14,
20261008,730,670,60,rolling_horizon,holt_winters_weekly,30,680,684,5,98.2022208221,88.27626851919642,2025-11-15,
20261008,730,670,60,rolling_horizon,holt_winters_weekly,30,680,685,6,100.9062127562,90.71738467239508,2025-11-16,
20261008,730,670,60,rolling_horizon,holt_winters_weekly,30,680,686,7,106.053250609,104.820276391111,2025-11-17,
20261008,730,670,60,rolling_horizon,holt_winters_weekly,30,680,687,8,116.1333607552,119.16325337601624,2025-11-18,
20261008,730,670,60,rolling_horizon,holt_winters_weekly,30,680,688,9,131.4291834004,121.02796887590834,2025-11-19,
20261008,730,670,60,rolling_horizon,holt_winters_weekly,30,680,689,10,117.2375226637,113.35527034351857,2025-11-20,
20261008,730,670,60,rolling_horizon,holt_winters_weekly,30,680,690,11,104.4585069656,97.27057340735102,2025-11-21,
20261008,730,670,60,rolling_horizon,holt_winters_weekly,30,680,691,12,101.0512216839,88.17930814911894,2025-11-22,
20261008,730,670,60,rolling_horizon,holt_winters_weekly,30,680,692,13,106.7080803311,90.6204243023176,2025-11-23,
20261008,730,670,60,rolling_horizon,holt_winters_weekly,30,680,693,14,104.8566719454,104.72331602103351,2025-11-24,
20261008,730,670,60,rolling_horizon,holt_winters_weekly,30,680,694,15,141.7294464397,119.06629300593876,2025-11-25,
20261008,730,670,60,rolling_horizon,holt_winters_weekly,30,680,695,16,130.7468418113,120.93100850583086,2025-11-26,
20261008,730,670,60,rolling_horizon,holt_winters_weekly,30,680,696,17,128.4356754052,113.25830997344109,2025-11-27,
20261008,730,670,60,rolling_horizon,holt_winters_weekly,30,680,697,18,106.0560514778,97.17361303727354,2025-11-28,
20261008,730,670,60,rolling_horizon,holt_winters_weekly,30,680,698,19,87.0788274448,88.08234777904146,2025-11-29,
20261008,730,670,60,rolling_horizon,holt_winters_weekly,30,680,699,20,103.140705212,90.52346393224012,2025-11-30,
20261008,730,670,60,rolling_horizon,holt_winters_weekly,30,680,700,21,113.8373914368,104.62635565095603,2025-12-01,
20261008,730,670,60,rolling_horizon,holt_winters_weekly,30,680,701,22,128.6959921408,118.96933263586128,2025-12-02,
20261008,730,670,60,rolling_horizon,holt_winters_weekly,30,680,702,23,124.9544385883,120.83404813575338,2025-12-03,
20261008,730,670,60,rolling_horizon,holt_winters_weekly,30,680,703,24,123.0392046882,113.1613496033636,2025-12-04,
20261008,730,670,60,rolling_horizon,holt_winters_weekly,30,680,704,25,112.0375299996,97.07665266719606,2025-12-05,
20261008,730,670,60,rolling_horizon,holt_winters_weekly,30,680,705,26,94.7981017475,87.98538740896397,2025-12-06,
20261008,730,670,60,rolling_horizon,holt_winters_weekly,30,680,706,27,97.1541570139,90.42650356216264,2025-12-07,
20261008,730,670,60,rolling_horizon,holt_winters_weekly,30,680,707,28,116.0552552441,104.52939528087855,2025-12-08,
20261008,730,670,60,rolling_horizon,holt_winters_weekly,30,680,708,29,124.9869441925,118.8723722657838,2025-12-09,
20261008,730,670,60,rolling_horizon,holt_winters_weekly,30,680,709,30,133.985128528,120.73708776567588,2025-12-10,
20261008,730,670,60,rolling_horizon,holt_winters_weekly,30,681,681,1,120.2341328764,123.73276125017134,2025-11-12,
20261008,730,670,60,rolling_horizon,holt_winters_weekly,30,681,682,2,116.4643974318,116.49470138514582,2025-11-13,
20261008,730,670,60,rolling_horizon,holt_winters_weekly,30,681,683,3,91.643990521,100.84464311634254,2025-11-14,
20261008,730,670,60,rolling_horizon,holt_winters_weekly,30,681,684,4,98.2022208221,92.18801652547471,2025-11-15,
20261008,730,670,60,rolling_horizon,holt_winters_weekly,30,681,685,5,100.9062127562,95.06377134603761,2025-11-16,
20261008,730,670,60,rolling_horizon,holt_winters_weekly,30,681,686,6,106.053250609,109.60130173211778,2025-11-17,
20261008,730,670,60,rolling_horizon,holt_winters_weekly,30,681,687,7,116.1333607552,126.1174720538443,2025-11-18,
20261008,730,670,60,rolling_horizon,holt_winters_weekly,30,681,688,8,131.4291834004,126.67827155164363,2025-11-19,
20261008,730,670,60,rolling_horizon,holt_winters_weekly,30,681,689,9,117.2375226637,119.44021168661811,2025-11-20,
20261008,730,670,60,rolling_horizon,holt_winters_weekly,30,681,690,10,104.4585069656,103.79015341781482,2025-11-21,
20261008,730,670,60,rolling_horizon,holt_winters_weekly,30,681,691,11,101.0512216839,95.133526826947,2025-11-22,
20261008,730,670,60,rolling_horizon,holt_winters_weekly,30,681,692,12,106.7080803311,98.00928164750991,2025-11-23,
20261008,730,670,60,rolling_horizon,holt_winters_weekly,30,681,693,13,104.8566719454,112.54681203359007,2025-11-24,
20261008,730,670,60,rolling_horizon,holt_winters_weekly,30,681,694,14,141.7294464397,129.0629823553166,2025-11-25,
20261008,730,670,60,rolling_horizon,holt_winters_weekly,30,681,695,15,130.7468418113,129.62378185311593,2025-11-26,
20261008,730,670,60,rolling_horizon,holt_winters_weekly,30,681,696,16,128.4356754052,122.38572198809041,2025-11-27,
20261008,730,670,60,rolling_horizon,holt_winters_weekly,30,681,697,17,106.0560514778,106.73566371928712,2025-11-28,
20261008,730,670,60,rolling_horizon,holt_winters_weekly,30,681,698,18,87.0788274448,98.07903712841929,2025-11-29,
20261008,730,670,60,rolling_horizon,holt_winters_weekly,30,681,699,19,103.140705212,100.95479194898219,2025-11-30,
20261008,730,670,60,rolling_horizon,holt_winters_weekly,30,681,700,20,113.8373914368,115.49232233506237,2025-12-01,
20261008,730,670,60,rolling_horizon,holt_winters_weekly,30,681,701,21,128.6959921408,132.0084926567889,2025-12-02,
20261008,730,670,60,rolling_horizon,holt_winters_weekly,30,681,702,22,124.9544385883,132.56929215458823,2025-12-03,
20261008,730,670,60,rolling_horizon,holt_winters_weekly,30,681,703,23,123.0392046882,125.33123228956269,2025-12-04,
20261008,730,670,60,rolling_horizon,holt_winters_weekly,30,681,704,24,112.0375299996,109.6811740207594,2025-12-05,
20261008,730,670,60,rolling_horizon,holt_winters_weekly,30,681,705,25,94.7981017475,101.02454742989158,2025-12-06,
20261008,730,670,60,rolling_horizon,holt_winters_weekly,30,681,706,26,97.1541570139,103.90030225045449,2025-12-07,
20261008,730,670,60,rolling_horizon,holt_winters_weekly,30,681,707,27,116.0552552441,118.43783263653465,2025-12-08,
20261008,730,670,60,rolling_horizon,holt_winters_weekly,30,681,708,28,124.9869441925,134.95400295826119,2025-12-09,
20261008,730,670,60,rolling_horizon,holt_winters_weekly,30,681,709,29,133.985128528,135.51480245606052,2025-12-10,
20261008,730,670,60,rolling_horizon,holt_winters_weekly,30,681,710,30,129.1625511456,128.276742591035,2025-12-11,
20261008,730,670,60,rolling_horizon,holt_winters_weekly,30,682,682,1,116.4643974318,115.6550305754407,2025-11-13,
20261008,730,670,60,rolling_horizon,holt_winters_weekly,30,682,683,2,91.643990521,99.86502717168656,2025-11-14,
20261008,730,670,60,rolling_horizon,holt_winters_weekly,30,682,684,3,98.2022208221,91.06845544586788,2025-11-15,
20261008,730,670,60,rolling_horizon,holt_winters_weekly,30,682,685,4,100.9062127562,93.80426513147994,2025-11-16,
20261008,730,670,60,rolling_horizon,holt_winters_weekly,30,682,686,5,106.053250609,108.20185038260925,2025-11-17,
20261008,730,670,60,rolling_horizon,holt_winters_weekly,30,682,687,6,116.1333607552,124.57807556938491,2025-11-18,
20261008,730,670,60,rolling_horizon,holt_winters_weekly,30,682,688,7,131.4291834004,124.43914939242998,2025-11-19,
20261008,730,670,60,rolling_horizon,holt_winters_weekly,30,682,689,8,117.2375226637,117.62092493225703,2025-11-20,
20261008,730,670,60,rolling_horizon,holt_winters_weekly,30,682,690,9,104.4585069656,101.83092152850288,2025-11-21,
20261008,730,670,60,rolling_horizon,holt_winters_weekly,30,682,691,10,101.0512216839,93.0343498026842,2025-11-22,
20261008,730,670,60,rolling_horizon,holt_winters_weekly,30,682,692,11,106.7080803311,95.77015948829626,2025-11-23,
20261008,730,670,60,rolling_horizon,holt_winters_weekly,30,682,693,12,104.8566719454,110.16774473942557,2025-11-24,
20261008,730,670,60,rolling_horizon,holt_winters_weekly,30,682,694,13,141.7294464397,126.54396992620123,2025-11-25,
20261008,730,670,60,rolling_horizon,holt_winters_weekly,30,682,695,14,130.7468418113,126.4050437492463,2025-11-26,
20261008,730,670,60,rolling_horizon,holt_winters_weekly,30,682,696,15,128.4356754052,119.58681928907335,2025-11-27,
20261008,730,670,60,rolling_horizon,holt_winters_weekly,30,682,697,16,106.0560514778,103.7968158853192,2025-11-28,
20261008,730,670,60,rolling_horizon,holt_winters_weekly,30,682,698,17,87.0788274448,95.00024415950053,2025-11-29,
20261008,730,670,60,rolling_horizon,holt_winters_weekly,30,682,699,18,103.140705212,97.73605384511258,2025-11-30,
20261008,730,670,60,rolling_horizon,holt_winters_weekly,30,682,700,19,113.8373914368,112.1336390962419,2025-12-01,
20261008,730,670,60,rolling_horizon,holt_winters_weekly,30,682,701,20,128.6959921408,128.50986428301755,2025-12-02,
20261008,730,670,60,rolling_horizon,holt_winters_weekly,30,682,702,21,124.9544385883,128.37093810606262,2025-12-03,
20261008,730,670,60,rolling_horizon,holt_winters_weekly,30,682,703,22,123.0392046882,121.55271364588967,2025-12-04,
20261008,730,670,60,rolling_horizon,holt_winters_weekly,30,682,704,23,112.0375299996,105.76271024213553,2025-12-05,
20261008,730,670,60,rolling_horizon,holt_winters_weekly,30,682,705,24,94.7981017475,96.96613851631685,2025-12-06,
20261008,730,670,60,rolling_horizon,holt_winters_weekly,30,682,706,25,97.1541570139,99.7019482019289,2025-12-07,
20261008,730,670,60,rolling_horizon,holt_winters_weekly,30,682,707,26,116.0552552441,114.09953345305821,2025-12-08,
20261008,730,670,60,rolling_horizon,holt_winters_weekly,30,682,708,27,124.9869441925,130.47575863983388,2025-12-09,
20261008,730,670,60,rolling_horizon,holt_winters_weekly,30,682,709,28,133.985128528,130.33683246287896,2025-12-10,
20261008,730,670,60,rolling_horizon,holt_winters_weekly,30,682,710,29,129.1625511456,123.51860800270599,2025-12-11,
20261008,730,670,60,rolling_horizon,holt_winters_weekly,30,682,711,30,102.4427018659,107.72860459895183,2025-12-12,
20261008,730,670,60,rolling_horizon,holt_winters_weekly,30,683,683,1,91.643990521,100.0592752172128,2025-11-14,
20261008,730,670,60,rolling_horizon,holt_winters_weekly,30,683,684,2,98.2022208221,91.29507816564849,2025-11-15,
20261008,730,670,60,rolling_horizon,holt_winters_weekly,30,683,685,3,100.9062127562,94.06326252551493,2025-11-16,
20261008,730,670,60,rolling_horizon,holt_winters_weekly,30,683,686,4,106.053250609,108.49322245089861,2025-11-17,
20261008,730,670,60,rolling_horizon,holt_winters_weekly,30,683,687,5,116.1333607552,124.90182231192864,2025-11-18,
20261008,730,670,60,rolling_horizon,holt_winters_weekly,30,683,688,6,131.4291834004,124.79527080922809,2025-11-19,
20261008,730,670,60,rolling_horizon,holt_winters_weekly,30,683,689,7,117.2375226637,118.13891972032698,2025-11-20,
20261008,730,670,60,rolling_horizon,holt_winters_weekly,30,683,690,8,104.4585069656,102.25179229380974,2025-11-21,
20261008,730,670,60,rolling_horizon,holt_winters_weekly,30,683,691,9,101.0512216839,93.48759524224543,2025-11-22,
20261008,730,670,60,rolling_horizon,holt_winters_weekly,30,683,692,10,106.7080803311,96.25577960211186,2025-11-23,
20261008,730,670,60,rolling_horizon,holt_winters_weekly,30,683,693,11,104.8566719454,110.68573952749554,2025-11-24,
20261008,730,670,60,rolling_horizon,holt_winters_weekly,30,683,694,12,141.7294464397,127.09433938852557,2025-11-25,
20261008,730,670,60,rolling_horizon,holt_winters_weekly,30,683,695,13,130.7468418113,126.98778788582501,2025-11-26,
20261008,730,670,60,rolling_horizon,holt_winters_weekly,30,683,696,14,128.4356754052,120.33143679692392,2025-11-27,
20261008,730,670,60,rolling_horizon,holt_winters_weekly,30,683,697,15,106.0560514778,104.44430937040667,2025-11-28,
20261008,730,670,60,rolling_horizon,holt_winters_weekly,30,683,698,16,87.0788274448,95.68011231884236,2025-11-29,
20261008,730,670,60,rolling_horizon,holt_winters_weekly,30,683,699,17,103.140705212,98.44829667870879,2025-11-30,
20261008,730,670,60,rolling_horizon,holt_winters_weekly,30,683,700,18,113.8373914368,112.87825660409247,2025-12-01,
20261008,730,670,60,rolling_horizon,holt_winters_weekly,30,683,701,19,128.6959921408,129.28685646512253,2025-12-02,
20261008,730,670,60,rolling_horizon,holt_winters_weekly,30,683,702,20,124.9544385883,129.18030496242196,2025-12-03,
20261008,730,670,60,rolling_horizon,holt_winters_weekly,30,683,703,21,123.0392046882,122.52395387352085,2025-12-04,
20261008,730,670,60,rolling_horizon,holt_winters_weekly,30,683,704,22,112.0375299996,106.6368264470036,2025-12-05,
20261008,730,670,60,rolling_horizon,holt_winters_weekly,30,683,705,23,94.7981017475,97.87262939543929,2025-12-06,
20261008,730,670,60,rolling_horizon,holt_winters_weekly,30,683,706,24,97.1541570139,100.64081375530571,2025-12-07,
20261008,730,670,60,rolling_horizon,holt_winters_weekly,30,683,707,25,116.0552552441,115.07077368068941,2025-12-08,
20261008,730,670,60,rolling_horizon,holt_winters_weekly,30,683,708,26,124.9869441925,131.47937354171944,2025-12-09,
20261008,730,670,60,rolling_horizon,holt_winters_weekly,30,683,709,27,133.985128528,131.3728220390189,2025-12-10,
20261008,730,670,60,rolling_horizon,holt_winters_weekly,30,683,710,28,129.1625511456,124.71647095011778,2025-12-11,
20261008,730,670,60,rolling_horizon,holt_winters_weekly,30,683,711,29,102.4427018659,108.82934352360054,2025-12-12,
20261008,730,670,60,rolling_horizon,holt_winters_weekly,30,683,712,30,97.2419952584,100.06514647203623,2025-12-13,
20261008,730,670,60,rolling_horizon,holt_winters_weekly,30,684,684,1,98.2022208221,89.27540983855744,2025-11-15,
20261008,730,670,60,rolling_horizon,holt_winters_weekly,30,684,685,2,100.9062127562,91.70698281057535,2025-11-16,
20261008,730,670,60,rolling_horizon,holt_winters_weekly,30,684,686,3,106.053250609,105.80033134811053,2025-11-17,
20261008,730,670,60,rolling_horizon,holt_winters_weekly,30,684,687,4,116.1333607552,121.87231982129205,2025-11-18,
20261008,730,670,60,rolling_horizon,holt_winters_weekly,30,684,688,5,131.4291834004,121.42915693074299,2025-11-19,
20261008,730,670,60,rolling_horizon,holt_winters_weekly,30,684,689,6,117.2375226637,114.43619445399338,2025-11-20,
20261008,730,670,60,rolling_horizon,holt_winters_weekly,30,684,690,7,104.4585069656,96.86601008823357,2025-11-21,
20261008,730,670,60,rolling_horizon,holt_winters_weekly,30,684,691,8,101.0512216839,89.1116472002148,2025-11-22,
20261008,730,670,60,rolling_horizon,holt_winters_weekly,30,684,692,9,106.7080803311,91.54322017223272,2025-11-23,
20261008,730,670,60,rolling_horizon,holt_winters_weekly,30,684,693,10,104.8566719454,105.63656870976789,2025-11-24,
20261008,730,670,60,rolling_horizon,holt_winters_weekly,30,684,694,11,141.7294464397,121.7085571829494,2025-11-25,
20261008,730,670,60,rolling_horizon,holt_winters_weekly,30,684,695,12,130.7468418113,121.26539429240034,2025-11-26,
20261008,730,670,60,rolling_horizon,holt_winters_weekly,30,684,696,13,128.4356754052,114.27243181565073,2025-11-27,
20261008,730,670,60,rolling_horizon,holt_winters_weekly,30,684,697,14,106.0560514778,96.70224744989092,2025-11-28,
20261008,730,670,60,rolling_horizon,holt_winters_weekly,30,684,698,15,87.0788274448,88.94788456187216,2025-11-29,
20261008,730,670,60,rolling_horizon,holt_winters_weekly,30,684,699,16,103.140705212,91.37945753389008,2025-11-30,
20261008,730,670,60,rolling_horizon,holt_winters_weekly,30,684,700,17,113.8373914368,105.47280607142525,2025-12-01,
20261008,730,670,60,rolling_horizon,holt_winters_weekly,30,684,701,18,128.6959921408,121.54479454460677,2025-12-02,
20261008,730,670,60,rolling_horizon,holt_winters_weekly,30,684,702,19,124.9544385883,121.10163165405771,2025-12-03,
20261008,730,670,60,rolling_horizon,holt_winters_weekly,30,684,703,20,123.0392046882,114.1086691773081,2025-12-04,
20261008,730,670,60,rolling_horizon,holt_winters_weekly,30,684,704,21,112.0375299996,96.53848481154829,2025-12-05,
20261008,730,670,60,rolling_horizon,holt_winters_weekly,30,684,705,22,94.7981017475,88.78412192352953,2025-12-06,
20261008,730,670,60,rolling_horizon,holt_winters_weekly,30,684,706,23,97.1541570139,91.21569489554744,2025-12-07,
20261008,730,670,60,rolling_horizon,holt_winters_weekly,30,684,707,24,116.0552552441,105.30904343308262,2025-12-08,
20261008,730,670,60,rolling_horizon,holt_winters_weekly,30,684,708,25,124.9869441925,121.38103190626414,2025-12-09,
20261008,730,670,60,rolling_horizon,holt_winters_weekly,30,684,709,26,133.985128528,120.93786901571508,2025-12-10,
20261008,730,670,60,rolling_horizon,holt_winters_weekly,30,684,710,27,129.1625511456,113.94490653896547,2025-12-11,
20261008,730,670,60,rolling_horizon,holt_winters_weekly,30,684,711,28,102.4427018659,96.37472217320565,2025-12-12,
20261008,730,670,60,rolling_horizon,holt_winters_weekly,30,684,712,29,97.2419952584,88.6203592851869,2025-12-13,
20261008,730,670,60,rolling_horizon,holt_winters_weekly,30,684,713,30,114.2274385444,91.0519322572048,2025-12-14,
20261008,730,670,60,rolling_horizon,holt_winters_weekly,30,685,685,1,100.9062127562,93.84941744662558,2025-11-16,
20261008,730,670,60,rolling_horizon,holt_winters_weekly,30,685,686,2,106.053250609,108.29983842350246,2025-11-17,
20261008,730,670,60,rolling_horizon,holt_winters_weekly,30,685,687,3,116.1333607552,124.72889933602568,2025-11-18,
20261008,730,670,60,rolling_horizon,holt_winters_weekly,30,685,688,4,131.4291834004,124.64280888481832,2025-11-19,
20261008,730,670,60,rolling_horizon,holt_winters_weekly,30,685,689,5,117.2375226637,118.00691884741042,2025-11-20,
20261008,730,670,60,rolling_horizon,holt_winters_weekly,30,685,690,6,104.4585069656,100.79380692099231,2025-11-21,
20261008,730,670,60,rolling_horizon,holt_winters_weekly,30,685,691,7,101.0512216839,94.82480622968205,2025-11-22,
20261008,730,670,60,rolling_horizon,holt_winters_weekly,30,685,692,8,106.7080803311,96.18516188367487,2025-11-23,
20261008,730,670,60,rolling_horizon,holt_winters_weekly,30,685,693,9,104.8566719454,110.63558286055175,2025-11-24,
20261008,730,670,60,rolling_horizon,holt_winters_weekly,30,685,694,10,141.7294464397,127.06464377307498,2025-11-25,
20261008,730,670,60,rolling_horizon,holt_winters_weekly,30,685,695,11,130.7468418113,126.97855332186761,2025-11-26,
20261008,730,670,60,rolling_horizon,holt_winters_weekly,30,685,696,12,128.4356754052,120.3426632844597,2025-11-27,
20261008,730,670,60,rolling_horizon,holt_winters_weekly,30,685,697,13,106.0560514778,103.1295513580416,2025-11-28,
20261008,730,670,60,rolling_horizon,holt_winters_weekly,30,685,698,14,87.0788274448,97.16055066673135,2025-11-29,
20261008,730,670,60,rolling_horizon,holt_winters_weekly,30,685,699,15,103.140705212,98.52090632072415,2025-11-30,
20261008,730,670,60,rolling_horizon,holt_winters_weekly,30,685,700,16,113.8373914368,112.97132729760104,2025-12-01,
20261008,730,670,60,rolling_horizon,holt_winters_weekly,30,685,701,17,128.6959921408,129.40038821012428,2025-12-02,
20261008,730,670,60,rolling_horizon,holt_winters_weekly,30,685,702,18,124.9544385883,129.31429775891692,2025-12-03,
20261008,730,670,60,rolling_horizon,holt_winters_weekly,30,685,703,19,123.0392046882,122.678407721509,2025-12-04,
20261008,730,670,60,rolling_horizon,holt_winters_weekly,30,685,704,20,112.0375299996,105.46529579509088,2025-12-05,
20261008,730,670,60,rolling_horizon,holt_winters_weekly,30,685,705,21,94.7981017475,99.49629510378064,2025-12-06,
20261008,730,670,60,rolling_horizon,holt_winters_weekly,30,685,706,22,97.1541570139,100.85665075777345,2025-12-07,
20261008,730,670,60,rolling_horizon,holt_winters_weekly,30,685,707,23,116.0552552441,115.30707173465032,2025-12-08,
20261008,730,670,60,rolling_horizon,holt_winters_weekly,30,685,708,24,124.9869441925,131.73613264717355,2025-12-09,
20261008,730,670,60,rolling_horizon,holt_winters_weekly,30,685,709,25,133.985128528,131.6500421959662,2025-12-10,
20261008,730,670,60,rolling_horizon,holt_winters_weekly,30,685,710,26,129.1625511456,125.01415215855829,2025-12-11,
20261008,730,670,60,rolling_horizon,holt_winters_weekly,30,685,711,27,102.4427018659,107.80104023214018,2025-12-12,
20261008,730,670,60,rolling_horizon,holt_winters_weekly,30,685,712,28,97.2419952584,101.83203954082992,2025-12-13,
20261008,730,670,60,rolling_horizon,holt_winters_weekly,30,685,713,29,114.2274385444,103.19239519482274,2025-12-14,
20261008,730,670,60,rolling_horizon,holt_winters_weekly,30,685,714,30,124.6821661264,117.64281617169962,2025-12-15,
20261008,730,670,60,rolling_horizon,holt_winters_weekly,30,686,686,1,106.053250609,109.99346929780033,2025-11-17,
20261008,730,670,60,rolling_horizon,holt_winters_weekly,30,686,687,2,116.1333607552,126.70480202270653,2025-11-18,
20261008,730,670,60,rolling_horizon,holt_winters_weekly,30,686,688,3,131.4291834004,126.90098338388216,2025-11-19,
20261008,730,670,60,rolling_horizon,holt_winters_weekly,30,686,689,4,117.2375226637,120.54736515885723,2025-11-20,
20261008,730,670,60,rolling_horizon,holt_winters_weekly,30,686,690,5,104.4585069656,103.6165250448221,2025-11-21,
20261008,730,670,60,rolling_horizon,holt_winters_weekly,30,686,691,6,101.0512216839,97.92979616589483,2025-11-22,
20261008,730,670,60,rolling_horizon,holt_winters_weekly,30,686,692,7,106.7080803311,100.70151088180252,2025-11-23,
20261008,730,670,60,rolling_horizon,holt_winters_weekly,30,686,693,8,104.8566719454,114.30511642153049,2025-11-24,
20261008,730,670,60,rolling_horizon,holt_winters_weekly,30,686,694,9,141.7294464397,131.01644914643668,2025-11-25,
20261008,730,670,60,rolling_horizon,holt_winters_weekly,30,686,695,10,130.7468418113,131.21263050761232,2025-11-26,
20261008,730,670,60,rolling_horizon,holt_winters_weekly,30,686,696,11,128.4356754052,124.85901228258737,2025-11-27,
20261008,730,670,60,rolling_horizon,holt_winters_weekly,30,686,697,12,106.0560514778,107.92817216855225,2025-11-28,
20261008,730,670,60,rolling_horizon,holt_winters_weekly,30,686,698,13,87.0788274448,102.24144328962498,2025-11-29,
20261008,730,670,60,rolling_horizon,holt_winters_weekly,30,686,699,14,103.140705212,105.01315800553267,2025-11-30,
20261008,730,670,60,rolling_horizon,holt_winters_weekly,30,686,700,15,113.8373914368,118.61676354526062,2025-12-01,
20261008,730,670,60,rolling_horizon,holt_winters_weekly,30,686,701,16,128.6959921408,135.32809627016684,2025-12-02,
20261008,730,670,60,rolling_horizon,holt_winters_weekly,30,686,702,17,124.9544385883,135.52427763134247,2025-12-03,
20261008,730,670,60,rolling_horizon,holt_winters_weekly,30,686,703,18,123.0392046882,129.17065940631753,2025-12-04,
20261008,730,670,60,rolling_horizon,holt_winters_weekly,30,686,704,19,112.0375299996,112.23981929228239,2025-12-05,
20261008,730,670,60,rolling_horizon,holt_winters_weekly,30,686,705,20,94.7981017475,106.55309041335512,2025-12-06,
20261008,730,670,60,rolling_horizon,holt_winters_weekly,30,686,706,21,97.1541570139,109.32480512926281,2025-12-07,
20261008,730,670,60,rolling_horizon,holt_winters_weekly,30,686,707,22,116.0552552441,122.92841066899078,2025-12-08,
20261008,730,670,60,rolling_horizon,holt_winters_weekly,30,686,708,23,124.9869441925,139.639743393897,2025-12-09,
20261008,730,670,60,rolling_horizon,holt_winters_weekly,30,686,709,24,133.985128528,139.8359247550726,2025-12-10,
20261008,730,670,60,rolling_horizon,holt_winters_weekly,30,686,710,25,129.1625511456,133.48230653004768,2025-12-11,
20261008,730,670,60,rolling_horizon,holt_winters_weekly,30,686,711,26,102.4427018659,116.55146641601253,2025-12-12,
20261008,730,670,60,rolling_horizon,holt_winters_weekly,30,686,712,27,97.2419952584,110.86473753708528,2025-12-13,
20261008,730,670,60,rolling_horizon,holt_winters_weekly,30,686,713,28,114.2274385444,113.63645225299297,2025-12-14,
20261008,730,670,60,rolling_horizon,holt_winters_weekly,30,686,714,29,124.6821661264,127.24005779272092,2025-12-15,
20261008,730,670,60,rolling_horizon,holt_winters_weekly,30,686,715,30,137.1927210045,143.95139051762715,2025-12-16,
20261008,730,670,60,rolling_horizon,holt_winters_weekly,30,687,687,1,116.1333607552,125.75914953739446,2025-11-18,
20261008,730,670,60,rolling_horizon,holt_winters_weekly,30,687,688,2,131.4291834004,125.79772215101806,2025-11-19,
20261008,730,670,60,rolling_horizon,holt_winters_weekly,30,687,689,3,117.2375226637,119.28649517844113,2025-11-20,
20261008,730,670,60,rolling_horizon,holt_winters_weekly,30,687,690,4,104.4585069656,102.19804631685398,2025-11-21,
20261008,730,670,60,rolling_horizon,holt_winters_weekly,30,687,691,5,101.0512216839,96.3537086903747,2025-11-22,
20261008,730,670,60,rolling_horizon,holt_winters_weekly,30,687,692,6,106.7080803311,98.96781465873038,2025-11-23,
20261008,730,670,60,rolling_horizon,holt_winters_weekly,30,687,693,7,104.8566719454,111.78337646069826,2025-11-24,
20261008,730,670,60,rolling_horizon,holt_winters_weekly,30,687,694,8,141.7294464397,128.96753542826053,2025-11-25,
20261008,730,670,60,rolling_horizon,holt_winters_weekly,30,687,695,9,130.7468418113,129.00610804188412,2025-11-26,
20261008,730,670,60,rolling_horizon,holt_winters_weekly,30,687,696,10,128.4356754052,122.49488106930718,2025-11-27,
20261008,730,670,60,rolling_horizon,holt_winters_weekly,30,687,697,11,106.0560514778,105.40643220772003,2025-11-28,
20261008,730,670,60,rolling_horizon,holt_winters_weekly,30,687,698,12,87.0788274448,99.56209458124076,2025-11-29,
20261008,730,670,60,rolling_horizon,holt_winters_weekly,30,687,699,13,103.140705212,102.17620054959643,2025-11-30,
20261008,730,670,60,rolling_horizon,holt_winters_weekly,30,687,700,14,113.8373914368,114.99176235156432,2025-12-01,
20261008,730,670,60,rolling_horizon,holt_winters_weekly,30,687,701,15,128.6959921408,132.1759213191266,2025-12-02,
20261008,730,670,60,rolling_horizon,holt_winters_weekly,30,687,702,16,124.9544385883,132.21449393275017,2025-12-03,
20261008,730,670,60,rolling_horizon,holt_winters_weekly,30,687,703,17,123.0392046882,125.70326696017324,2025-12-04,
20261008,730,670,60,rolling_horizon,holt_winters_weekly,30,687,704,18,112.0375299996,108.61481809858608,2025-12-05,
20261008,730,670,60,rolling_horizon,holt_winters_weekly,30,687,705,19,94.7981017475,102.77048047210681,2025-12-06,
20261008,730,670,60,rolling_horizon,holt_winters_weekly,30,687,706,20,97.1541570139,105.38458644046248,2025-12-07,
20261008,730,670,60,rolling_horizon,holt_winters_weekly,30,687,707,21,116.0552552441,118.20014824243037,2025-12-08,
20261008,730,670,60,rolling_horizon,holt_winters_weekly,30,687,708,22,124.9869441925,135.38430720999264,2025-12-09,
20261008,730,670,60,rolling_horizon,holt_winters_weekly,30,687,709,23,133.985128528,135.42287982361623,2025-12-10,
20261008,730,670,60,rolling_horizon,holt_winters_weekly,30,687,710,24,129.1625511456,128.9116528510393,2025-12-11,
20261008,730,670,60,rolling_horizon,holt_winters_weekly,30,687,711,25,102.4427018659,111.82320398945214,2025-12-12,
20261008,730,670,60,rolling_horizon,holt_winters_weekly,30,687,712,26,97.2419952584,105.97886636297287,2025-12-13,
20261008,730,670,60,rolling_horizon,holt_winters_weekly,30,687,713,27,114.2274385444,108.59297233132854,2025-12-14,
20261008,730,670,60,rolling_horizon,holt_winters_weekly,30,687,714,28,124.6821661264,121.40853413329643,2025-12-15,
20261008,730,670,60,rolling_horizon,holt_winters_weekly,30,687,715,29,137.1927210045,138.5926931008587,2025-12-16,
20261008,730,670,60,rolling_horizon,holt_winters_weekly,30,687,716,30,136.9806933036,138.63126571448228,2025-12-17,
20261008,730,670,60,rolling_horizon,holt_winters_weekly,30,688,688,1,131.4291834004,123.4875328432914,2025-11-19,
20261008,730,670,60,rolling_horizon,holt_winters_weekly,30,688,689,2,117.2375226637,116.59127431942669,2025-11-20,
20261008,730,670,60,rolling_horizon,holt_winters_weekly,30,688,690,3,104.4585069656,99.11779390655177,2025-11-21,
20261008,730,670,60,rolling_horizon,holt_winters_weekly,30,688,691,4,101.0512216839,92.8884247287847,2025-11-22,
20261008,730,670,60,rolling_horizon,holt_winters_weekly,30,688,692,5,106.7080803311,95.1174991458526,2025-11-23,
20261008,730,670,60,rolling_horizon,holt_winters_weekly,30,688,693,6,104.8566719454,107.54802939653271,2025-11-24,
20261008,730,670,60,rolling_horizon,holt_winters_weekly,30,688,694,7,141.7294464397,122.80703060765607,2025-11-25,
20261008,730,670,60,rolling_horizon,holt_winters_weekly,30,688,695,8,130.7468418113,124.00069787514302,2025-11-26,
20261008,730,670,60,rolling_horizon,holt_winters_weekly,30,688,696,9,128.4356754052,117.1044393512783,2025-11-27,
20261008,730,670,60,rolling_horizon,holt_winters_weekly,30,688,697,10,106.0560514778,99.63095893840338,2025-11-28,
20261008,730,670,60,rolling_horizon,holt_winters_weekly,30,688,698,11,87.0788274448,93.40158976063631,2025-11-29,
20261008,730,670,60,rolling_horizon,holt_winters_weekly,30,688,699,12,103.140705212,95.63066417770422,2025-11-30,
20261008,730,670,60,rolling_horizon,holt_winters_weekly,30,688,700,13,113.8373914368,108.06119442838433,2025-12-01,
20261008,730,670,60,rolling_horizon,holt_winters_weekly,30,688,701,14,128.6959921408,123.32019563950769,2025-12-02,
20261008,730,670,60,rolling_horizon,holt_winters_weekly,30,688,702,15,124.9544385883,124.51386290699463,2025-12-03,
20261008,730,670,60,rolling_horizon,holt_winters_weekly,30,688,703,16,123.0392046882,117.61760438312992,2025-12-04,
20261008,730,670,60,rolling_horizon,holt_winters_weekly,30,688,704,17,112.0375299996,100.144123970255,2025-12-05,
20261008,730,670,60,rolling_horizon,holt_winters_weekly,30,688,705,18,94.7981017475,93.91475479248793,2025-12-06,
20261008,730,670,60,rolling_horizon,holt_winters_weekly,30,688,706,19,97.1541570139,96.14382920955583,2025-12-07,
20261008,730,670,60,rolling_horizon,holt_winters_weekly,30,688,707,20,116.0552552441,108.57435946023594,2025-12-08,
20261008,730,670,60,rolling_horizon,holt_winters_weekly,30,688,708,21,124.9869441925,123.8333606713593,2025-12-09,
20261008,730,670,60,rolling_horizon,holt_winters_weekly,30,688,709,22,133.985128528,125.02702793884625,2025-12-10,
20261008,730,670,60,rolling_horizon,holt_winters_weekly,30,688,710,23,129.1625511456,118.13076941498153,2025-12-11,
20261008,730,670,60,rolling_horizon,holt_winters_weekly,30,688,711,24,102.4427018659,100.65728900210661,2025-12-12,
20261008,730,670,60,rolling_horizon,holt_winters_weekly,30,688,712,25,97.2419952584,94.42791982433954,2025-12-13,
20261008,730,670,60,rolling_horizon,holt_winters_weekly,30,688,713,26,114.2274385444,96.65699424140745,2025-12-14,
20261008,730,670,60,rolling_horizon,holt_winters_weekly,30,688,714,27,124.6821661264,109.08752449208755,2025-12-15,
20261008,730,670,60,rolling_horizon,holt_winters_weekly,30,688,715,28,137.1927210045,124.34652570321092,2025-12-16,
20261008,730,670,60,rolling_horizon,holt_winters_weekly,30,688,716,29,136.9806933036,125.54019297069786,2025-12-17,
20261008,730,670,60,rolling_horizon,holt_winters_weekly,30,688,717,30,137.8994379973,118.64393444683314,2025-12-18,
20261008,730,670,60,rolling_horizon,holt_winters_weekly,30,689,689,1,117.2375226637,118.49727045313276,2025-11-20,
20261008,730,670,60,rolling_horizon,holt_winters_weekly,30,689,690,2,104.4585069656,101.34145606254218,2025-11-21,
20261008,730,670,60,rolling_horizon,holt_winters_weekly,30,689,691,3,101.0512216839,95.42975290705947,2025-11-22,
20261008,730,670,60,rolling_horizon,holt_winters_weekly,30,689,692,4,106.7080803311,97.97649334641171,2025-11-23,
20261008,730,670,60,rolling_horizon,holt_winters_weekly,30,689,693,5,104.8566719454,110.72468961937616,2025-11-24,
20261008,730,670,60,rolling_horizon,holt_winters_weekly,30,689,694,6,141.7294464397,126.30135685278388,2025-11-25,
20261008,730,670,60,rolling_horizon,holt_winters_weekly,30,689,695,7,130.7468418113,129.08335423169254,2025-11-26,
20261008,730,670,60,rolling_horizon,holt_winters_weekly,30,689,696,8,128.4356754052,121.2340976409748,2025-11-27,
20261008,730,670,60,rolling_horizon,holt_winters_weekly,30,689,697,9,106.0560514778,104.07828325038422,2025-11-28,
20261008,730,670,60,rolling_horizon,holt_winters_weekly,30,689,698,10,87.0788274448,98.1665800949015,2025-11-29,
20261008,730,670,60,rolling_horizon,holt_winters_weekly,30,689,699,11,103.140705212,100.71332053425375,2025-11-30,
20261008,730,670,60,rolling_horizon,holt_winters_weekly,30,689,700,12,113.8373914368,113.4615168072182,2025-12-01,
20261008,730,670,60,rolling_horizon,holt_winters_weekly,30,689,701,13,128.6959921408,129.0381840406259,2025-12-02,
20261008,730,670,60,rolling_horizon,holt_winters_weekly,30,689,702,14,124.9544385883,131.82018141953458,2025-12-03,
20261008,730,670,60,rolling_horizon,holt_winters_weekly,30,689,703,15,123.0392046882,123.97092482881682,2025-12-04,
20261008,730,670,60,rolling_horizon,holt_winters_weekly,30,689,704,16,112.0375299996,106.81511043822624,2025-12-05,
20261008,730,670,60,rolling_horizon,holt_winters_weekly,30,689,705,17,94.7981017475,100.90340728274353,2025-12-06,
20261008,730,670,60,rolling_horizon,holt_winters_weekly,30,689,706,18,97.1541570139,103.45014772209579,2025-12-07,
20261008,730,670,60,rolling_horizon,holt_winters_weekly,30,689,707,19,116.0552552441,116.19834399506024,2025-12-08,
20261008,730,670,60,rolling_horizon,holt_winters_weekly,30,689,708,20,124.9869441925,131.77501122846795,2025-12-09,
20261008,730,670,60,rolling_horizon,holt_winters_weekly,30,689,709,21,133.985128528,134.55700860737662,2025-12-10,
20261008,730,670,60,rolling_horizon,holt_winters_weekly,30,689,710,22,129.1625511456,126.70775201665886,2025-12-11,
20261008,730,670,60,rolling_horizon,holt_winters_weekly,30,689,711,23,102.4427018659,109.55193762606828,2025-12-12,
20261008,730,670,60,rolling_horizon,holt_winters_weekly,30,689,712,24,97.2419952584,103.64023447058557,2025-12-13,
20261008,730,670,60,rolling_horizon,holt_winters_weekly,30,689,713,25,114.2274385444,106.18697490993782,2025-12-14,
20261008,730,670,60,rolling_horizon,holt_winters_weekly,30,689,714,26,124.6821661264,118.93517118290227,2025-12-15,
20261008,730,670,60,rolling_horizon,holt_winters_weekly,30,689,715,27,137.1927210045,134.51183841630996,2025-12-16,
20261008,730,670,60,rolling_horizon,holt_winters_weekly,30,689,716,28,136.9806933036,137.29383579521863,2025-12-17,
20261008,730,670,60,rolling_horizon,holt_winters_weekly,30,689,717,29,137.8994379973,129.4445792045009,2025-12-18,
20261008,730,670,60,rolling_horizon,holt_winters_weekly,30,689,718,30,119.7019547049,112.28876481391032,2025-12-19,
20261008,730,670,60,rolling_horizon,holt_winters_weekly,30,690,690,1,104.4585069656,101.03911659307832,2025-11-21,
20261008,730,670,60,rolling_horizon,holt_winters_weekly,30,690,691,2,101.0512216839,95.07702352601831,2025-11-22,
20261008,730,670,60,rolling_horizon,holt_winters_weekly,30,690,692,3,106.7080803311,97.57337405379324,2025-11-23,
20261008,730,670,60,rolling_horizon,holt_winters_weekly,30,690,693,4,104.8566719454,110.27118041518038,2025-11-24,
20261008,730,670,60,rolling_horizon,holt_winters_weekly,30,690,694,5,141.7294464397,125.79745773701077,2025-11-25,
20261008,730,670,60,rolling_horizon,holt_winters_weekly,30,690,695,6,130.7468418113,128.52906520434215,2025-11-26,
20261008,730,670,60,rolling_horizon,holt_winters_weekly,30,690,696,7,128.4356754052,120.42785905573784,2025-11-27,
20261008,730,670,60,rolling_horizon,holt_winters_weekly,30,690,697,8,106.0560514778,103.42321439987919,2025-11-28,
20261008,730,670,60,rolling_horizon,holt_winters_weekly,30,690,698,9,87.0788274448,97.46112133281916,2025-11-29,
20261008,730,670,60,rolling_horizon,holt_winters_weekly,30,690,699,10,103.140705212,99.95747186059411,2025-11-30,
20261008,730,670,60,rolling_horizon,holt_winters_weekly,30,690,700,11,113.8373914368,112.65527822198125,2025-12-01,
20261008,730,670,60,rolling_horizon,holt_winters_weekly,30,690,701,12,128.6959921408,128.18155554381164,2025-12-02,
20261008,730,670,60,rolling_horizon,holt_winters_weekly,30,690,702,13,124.9544385883,130.913163011143,2025-12-03,
20261008,730,670,60,rolling_horizon,holt_winters_weekly,30,690,703,14,123.0392046882,122.81195686253871,2025-12-04,
20261008,730,670,60,rolling_horizon,holt_winters_weekly,30,690,704,15,112.0375299996,105.80731220668005,2025-12-05,
20261008,730,670,60,rolling_horizon,holt_winters_weekly,30,690,705,16,94.7981017475,99.84521913962003,2025-12-06,
20261008,730,670,60,rolling_horizon,holt_winters_weekly,30,690,706,17,97.1541570139,102.34156966739498,2025-12-07,
20261008,730,670,60,rolling_horizon,holt_winters_weekly,30,690,707,18,116.0552552441,115.03937602878212,2025-12-08,
20261008,730,670,60,rolling_horizon,holt_winters_weekly,30,690,708,19,124.9869441925,130.5656533506125,2025-12-09,
20261008,730,670,60,rolling_horizon,holt_winters_weekly,30,690,709,20,133.985128528,133.29726081794385,2025-12-10,
20261008,730,670,60,rolling_horizon,holt_winters_weekly,30,690,710,21,129.1625511456,125.19605466933957,2025-12-11,
20261008,730,670,60,rolling_horizon,holt_winters_weekly,30,690,711,22,102.4427018659,108.19141001348092,2025-12-12,
20261008,730,670,60,rolling_horizon,holt_winters_weekly,30,690,712,23,97.2419952584,102.2293169464209,2025-12-13,
20261008,730,670,60,rolling_horizon,holt_winters_weekly,30,690,713,24,114.2274385444,104.72566747419584,2025-12-14,
20261008,730,670,60,rolling_horizon,holt_winters_weekly,30,690,714,25,124.6821661264,117.42347383558298,2025-12-15,
20261008,730,670,60,rolling_horizon,holt_winters_weekly,30,690,715,26,137.1927210045,132.94975115741337,2025-12-16,
20261008,730,670,60,rolling_horizon,holt_winters_weekly,30,690,716,27,136.9806933036,135.68135862474472,2025-12-17,
20261008,730,670,60,rolling_horizon,holt_winters_weekly,30,690,717,28,137.8994379973,127.58015247614044,2025-12-18,
20261008,730,670,60,rolling_horizon,holt_winters_weekly,30,690,718,29,119.7019547049,110.57550782028179,2025-12-19,
20261008,730,670,60,rolling_horizon,holt_winters_weekly,30,690,719,30,108.3331542232,104.61341475322176,2025-12-20,
20261008,730,670,60,rolling_horizon,holt_winters_weekly,30,691,691,1,101.0512216839,95.8976772154235,2025-11-22,
20261008,730,670,60,rolling_horizon,holt_winters_weekly,30,691,692,2,106.7080803311,98.5308033580993,2025-11-23,
20261008,730,670,60,rolling_horizon,holt_winters_weekly,30,691,693,3,104.8566719454,111.36538533438731,2025-11-24,
20261008,730,670,60,rolling_horizon,holt_winters_weekly,30,691,694,4,141.7294464397,127.02843827111857,2025-11-25,
20261008,730,670,60,rolling_horizon,holt_winters_weekly,30,691,695,5,130.7468418113,129.8968213533508,2025-11-26,
20261008,730,670,60,rolling_horizon,holt_winters_weekly,30,691,696,6,128.4356754052,121.93239081964737,2025-11-27,
20261008,730,670,60,rolling_horizon,holt_winters_weekly,30,691,697,7,106.0560514778,105.61162423829305,2025-11-28,
20261008,730,670,60,rolling_horizon,holt_winters_weekly,30,691,698,8,87.0788274448,99.23920432653043,2025-11-29,
20261008,730,670,60,rolling_horizon,holt_winters_weekly,30,691,699,9,103.140705212,101.87233046920623,2025-11-30,
20261008,730,670,60,rolling_horizon,holt_winters_weekly,30,691,700,10,113.8373914368,114.70691244549424,2025-12-01,
20261008,730,670,60,rolling_horizon,holt_winters_weekly,30,691,701,11,128.6959921408,130.3699653822255,2025-12-02,
20261008,730,670,60,rolling_horizon,holt_winters_weekly,30,691,702,12,124.9544385883,133.23834846445772,2025-12-03,
20261008,730,670,60,rolling_horizon,holt_winters_weekly,30,691,703,13,123.0392046882,125.2739179307543,2025-12-04,
20261008,730,670,60,rolling_horizon,holt_winters_weekly,30,691,704,14,112.0375299996,108.95315134939997,2025-12-05,
20261008,730,670,60,rolling_horizon,holt_winters_weekly,30,691,705,15,94.7981017475,102.58073143763735,2025-12-06,
20261008,730,670,60,rolling_horizon,holt_winters_weekly,30,691,706,16,97.1541570139,105.21385758031316,2025-12-07,
20261008,730,670,60,rolling_horizon,holt_winters_weekly,30,691,707,17,116.0552552441,118.04843955660117,2025-12-08,
20261008,730,670,60,rolling_horizon,holt_winters_weekly,30,691,708,18,124.9869441925,133.71149249333243,2025-12-09,
20261008,730,670,60,rolling_horizon,holt_winters_weekly,30,691,709,19,133.985128528,136.57987557556464,2025-12-10,
20261008,730,670,60,rolling_horizon,holt_winters_weekly,30,691,710,20,129.1625511456,128.61544504186122,2025-12-11,
20261008,730,670,60,rolling_horizon,holt_winters_weekly,30,691,711,21,102.4427018659,112.2946784605069,2025-12-12,
20261008,730,670,60,rolling_horizon,holt_winters_weekly,30,691,712,22,97.2419952584,105.92225854874428,2025-12-13,
20261008,730,670,60,rolling_horizon,holt_winters_weekly,30,691,713,23,114.2274385444,108.55538469142009,2025-12-14,
20261008,730,670,60,rolling_horizon,holt_winters_weekly,30,691,714,24,124.6821661264,121.3899666677081,2025-12-15,
20261008,730,670,60,rolling_horizon,holt_winters_weekly,30,691,715,25,137.1927210045,137.05301960443936,2025-12-16,
20261008,730,670,60,rolling_horizon,holt_winters_weekly,30,691,716,26,136.9806933036,139.92140268667157,2025-12-17,
20261008,730,670,60,rolling_horizon,holt_winters_weekly,30,691,717,27,137.8994379973,131.95697215296815,2025-12-18,
20261008,730,670,60,rolling_horizon,holt_winters_weekly,30,691,718,28,119.7019547049,115.63620557161383,2025-12-19,
20261008,730,670,60,rolling_horizon,holt_winters_weekly,30,691,719,29,108.3331542232,109.26378565985122,2025-12-20,
20261008,730,670,60,rolling_horizon,holt_winters_weekly,30,691,720,30,108.8625518294,111.89691180252703,2025-12-21,
20261008,730,670,60,rolling_horizon,holt_winters_weekly,30,692,692,1,106.7080803311,99.76765403053368,2025-11-23,
20261008,730,670,60,rolling_horizon,holt_winters_weekly,30,692,693,2,104.8566719454,112.80837778556074,2025-11-24,
20261008,730,670,60,rolling_horizon,holt_winters_weekly,30,692,694,3,141.7294464397,128.67757250103108,2025-11-25,
20261008,730,670,60,rolling_horizon,holt_winters_weekly,30,692,695,4,130.7468418113,131.75209736200233,2025-11-26,
20261008,730,670,60,rolling_horizon,holt_winters_weekly,30,692,696,5,128.4356754052,123.99380860703798,2025-11-27,
20261008,730,670,60,rolling_horizon,holt_winters_weekly,30,692,697,6,106.0560514778,107.87918380442272,2025-11-28,
20261008,730,670,60,rolling_horizon,holt_winters_weekly,30,692,698,7,87.0788274448,102.5374727863554,2025-11-29,
20261008,730,670,60,rolling_horizon,holt_winters_weekly,30,692,699,8,103.140705212,104.55217359281403,2025-11-30,
20261008,730,670,60,rolling_horizon,holt_winters_weekly,30,692,700,9,113.8373914368,117.5928973478411,2025-12-01,
20261008,730,670,60,rolling_horizon,holt_winters_weekly,30,692,701,10,128.6959921408,133.46209206331142,2025-12-02,
20261008,730,670,60,rolling_horizon,holt_winters_weekly,30,692,702,11,124.9544385883,136.5366169242827,2025-12-03,
20261008,730,670,60,rolling_horizon,holt_winters_weekly,30,692,703,12,123.0392046882,128.7783281693183,2025-12-04,
20261008,730,670,60,rolling_horizon,holt_winters_weekly,30,692,704,13,112.0375299996,112.66370336670307,2025-12-05,
20261008,730,670,60,rolling_horizon,holt_winters_weekly,30,692,705,14,94.7981017475,107.32199234863576,2025-12-06,
20261008,730,670,60,rolling_horizon,holt_winters_weekly,30,692,706,15,97.1541570139,109.33669315509438,2025-12-07,
20261008,730,670,60,rolling_horizon,holt_winters_weekly,30,692,707,16,116.0552552441,122.37741691012145,2025-12-08,
20261008,730,670,60,rolling_horizon,holt_winters_weekly,30,692,708,17,124.9869441925,138.24661162559178,2025-12-09,
20261008,730,670,60,rolling_horizon,holt_winters_weekly,30,692,709,18,133.985128528,141.32113648656306,2025-12-10,
20261008,730,670,60,rolling_horizon,holt_winters_weekly,30,692,710,19,129.1625511456,133.56284773159868,2025-12-11,
20261008,730,670,60,rolling_horizon,holt_winters_weekly,30,692,711,20,102.4427018659,117.44822292898343,2025-12-12,
20261008,730,670,60,rolling_horizon,holt_winters_weekly,30,692,712,21,97.2419952584,112.10651191091611,2025-12-13,
20261008,730,670,60,rolling_horizon,holt_winters_weekly,30,692,713,22,114.2274385444,114.12121271737475,2025-12-14,
20261008,730,670,60,rolling_horizon,holt_winters_weekly,30,692,714,23,124.6821661264,127.16193647240182,2025-12-15,
20261008,730,670,60,rolling_horizon,holt_winters_weekly,30,692,715,24,137.1927210045,143.03113118787212,2025-12-16,
20261008,730,670,60,rolling_horizon,holt_winters_weekly,30,692,716,25,136.9806933036,146.1056560488434,2025-12-17,
20261008,730,670,60,rolling_horizon,holt_winters_weekly,30,692,717,26,137.8994379973,138.34736729387905,2025-12-18,
20261008,730,670,60,rolling_horizon,holt_winters_weekly,30,692,718,27,119.7019547049,122.23274249126379,2025-12-19,
20261008,730,670,60,rolling_horizon,holt_winters_weekly,30,692,719,28,108.3331542232,116.89103147319648,2025-12-20,
20261008,730,670,60,rolling_horizon,holt_winters_weekly,30,692,720,29,108.8625518294,118.90573227965511,2025-12-21,
20261008,730,670,60,rolling_horizon,holt_winters_weekly,30,692,721,30,120.5254118304,131.94645603468217,2025-12-22,
20261008,730,670,60,rolling_horizon,holt_winters_weekly,30,693,693,1,104.8566719454,114.47408009769669,2025-11-24,
20261008,730,670,60,rolling_horizon,holt_winters_weekly,30,693,694,2,141.7294464397,130.62089186518966,2025-11-25,
20261008,730,670,60,rolling_horizon,holt_winters_weekly,30,693,695,3,130.7468418113,133.9730337781836,2025-11-26,
20261008,730,670,60,rolling_horizon,holt_winters_weekly,30,693,696,4,128.4356754052,126.4923620752419,2025-11-27,
20261008,730,670,60,rolling_horizon,holt_winters_weekly,30,693,697,5,106.0560514778,110.6553543246493,2025-11-28,
20261008,730,670,60,rolling_horizon,holt_winters_weekly,30,693,698,6,87.0788274448,105.59126035860464,2025-11-29,
20261008,730,670,60,rolling_horizon,holt_winters_weekly,30,693,699,7,103.140705212,108.99404642517653,2025-11-30,
20261008,730,670,60,rolling_horizon,holt_winters_weekly,30,693,700,8,113.8373914368,121.20191902413565,2025-12-01,
20261008,730,670,60,rolling_horizon,holt_winters_weekly,30,693,701,9,128.6959921408,137.34873079162864,2025-12-02,
20261008,730,670,60,rolling_horizon,holt_winters_weekly,30,693,702,10,124.9544385883,140.70087270462258,2025-12-03,
20261008,730,670,60,rolling_horizon,holt_winters_weekly,30,693,703,11,123.0392046882,133.22020100168086,2025-12-04,
20261008,730,670,60,rolling_horizon,holt_winters_weekly,30,693,704,12,112.0375299996,117.38319325108827,2025-12-05,
20261008,730,670,60,rolling_horizon,holt_winters_weekly,30,693,705,13,94.7981017475,112.3190992850436,2025-12-06,
20261008,730,670,60,rolling_horizon,holt_winters_weekly,30,693,706,14,97.1541570139,115.7218853516155,2025-12-07,
20261008,730,670,60,rolling_horizon,holt_winters_weekly,30,693,707,15,116.0552552441,127.92975795057463,2025-12-08,
20261008,730,670,60,rolling_horizon,holt_winters_weekly,30,693,708,16,124.9869441925,144.0765697180676,2025-12-09,
20261008,730,670,60,rolling_horizon,holt_winters_weekly,30,693,709,17,133.985128528,147.42871163106153,2025-12-10,
20261008,730,670,60,rolling_horizon,holt_winters_weekly,30,693,710,18,129.1625511456,139.94803992811984,2025-12-11,
20261008,730,670,60,rolling_horizon,holt_winters_weekly,30,693,711,19,102.4427018659,124.11103217752722,2025-12-12,
20261008,730,670,60,rolling_horizon,holt_winters_weekly,30,693,712,20,97.2419952584,119.04693821148257,2025-12-13,
20261008,730,670,60,rolling_horizon,holt_winters_weekly,30,693,713,21,114.2274385444,122.44972427805448,2025-12-14,
20261008,730,670,60,rolling_horizon,holt_winters_weekly,30,693,714,22,124.6821661264,134.6575968770136,2025-12-15,
20261008,730,670,60,rolling_horizon,holt_winters_weekly,30,693,715,23,137.1927210045,150.80440864450657,2025-12-16,
20261008,730,670,60,rolling_horizon,holt_winters_weekly,30,693,716,24,136.9806933036,154.1565505575005,2025-12-17,
20261008,730,670,60,rolling_horizon,holt_winters_weekly,30,693,717,25,137.8994379973,146.6758788545588,2025-12-18,
20261008,730,670,60,rolling_horizon,holt_winters_weekly,30,693,718,26,119.7019547049,130.8388711039662,2025-12-19,
20261008,730,670,60,rolling_horizon,holt_winters_weekly,30,693,719,27,108.3331542232,125.77477713792155,2025-12-20,
20261008,730,670,60,rolling_horizon,holt_winters_weekly,30,693,720,28,108.8625518294,129.17756320449342,2025-12-21,
20261008,730,670,60,rolling_horizon,holt_winters_weekly,30,693,721,29,120.5254118304,141.38543580345257,2025-12-22,
20261008,730,670,60,rolling_horizon,holt_winters_weekly,30,693,722,30,139.3049085557,157.53224757094554,2025-12-23,
20261008,730,670,60,rolling_horizon,holt_winters_weekly,30,694,694,1,141.7294464397,128.31271390863844,2025-11-25,
20261008,730,670,60,rolling_horizon,holt_winters_weekly,30,694,695,2,130.7468418113,131.28015949554054,2025-11-26,
20261008,730,670,60,rolling_horizon,holt_winters_weekly,30,694,696,3,128.4356754052,123.41479146650695,2025-11-27,
20261008,730,670,60,rolling_horizon,holt_winters_weekly,30,694,697,4,106.0560514778,107.1930873898225,2025-11-28,
20261008,730,670,60,rolling_horizon,holt_winters_weekly,30,694,698,5,87.0788274448,101.74429709768596,2025-11-29,
20261008,730,670,60,rolling_horizon,holt_winters_weekly,30,694,699,6,103.140705212,104.762386838166,2025-11-30,
20261008,730,670,60,rolling_horizon,holt_winters_weekly,30,694,700,7,113.8373914368,115.04677780666577,2025-12-01,
20261008,730,670,60,rolling_horizon,holt_winters_weekly,30,694,701,8,128.6959921408,132.34767855243436,2025-12-02,
20261008,730,670,60,rolling_horizon,holt_winters_weekly,30,694,702,9,124.9544385883,135.31512413933643,2025-12-03,
20261008,730,670,60,rolling_horizon,holt_winters_weekly,30,694,703,10,123.0392046882,127.44975611030284,2025-12-04,
20261008,730,670,60,rolling_horizon,holt_winters_weekly,30,694,704,11,112.0375299996,111.22805203361838,2025-12-05,
20261008,730,670,60,rolling_horizon,holt_winters_weekly,30,694,705,12,94.7981017475,105.77926174148185,2025-12-06,
20261008,730,670,60,rolling_horizon,holt_winters_weekly,30,694,706,13,97.1541570139,108.79735148196188,2025-12-07,
20261008,730,670,60,rolling_horizon,holt_winters_weekly,30,694,707,14,116.0552552441,119.08174245046166,2025-12-08,
20261008,730,670,60,rolling_horizon,holt_winters_weekly,30,694,708,15,124.9869441925,136.38264319623025,2025-12-09,
20261008,730,670,60,rolling_horizon,holt_winters_weekly,30,694,709,16,133.985128528,139.35008878313232,2025-12-10,
20261008,730,670,60,rolling_horizon,holt_winters_weekly,30,694,710,17,129.1625511456,131.48472075409873,2025-12-11,
20261008,730,670,60,rolling_horizon,holt_winters_weekly,30,694,711,18,102.4427018659,115.26301667741427,2025-12-12,
20261008,730,670,60,rolling_horizon,holt_winters_weekly,30,694,712,19,97.2419952584,109.81422638527773,2025-12-13,
20261008,730,670,60,rolling_horizon,holt_winters_weekly,30,694,713,20,114.2274385444,112.83231612575777,2025-12-14,
20261008,730,670,60,rolling_horizon,holt_winters_weekly,30,694,714,21,124.6821661264,123.11670709425755,2025-12-15,
20261008,730,670,60,rolling_horizon,holt_winters_weekly,30,694,715,22,137.1927210045,140.41760784002614,2025-12-16,
20261008,730,670,60,rolling_horizon,holt_winters_weekly,30,694,716,23,136.9806933036,143.3850534269282,2025-12-17,
20261008,730,670,60,rolling_horizon,holt_winters_weekly,30,694,717,24,137.8994379973,135.51968539789462,2025-12-18,
20261008,730,670,60,rolling_horizon,holt_winters_weekly,30,694,718,25,119.7019547049,119.29798132121016,2025-12-19,
20261008,730,670,60,rolling_horizon,holt_winters_weekly,30,694,719,26,108.3331542232,113.84919102907364,2025-12-20,
20261008,730,670,60,rolling_horizon,holt_winters_weekly,30,694,720,27,108.8625518294,116.86728076955364,2025-12-21,
20261008,730,670,60,rolling_horizon,holt_winters_weekly,30,694,721,28,120.5254118304,127.15167173805344,2025-12-22,
20261008,730,670,60,rolling_horizon,holt_winters_weekly,30,694,722,29,139.3049085557,144.45257248382202,2025-12-23,
20261008,730,670,60,rolling_horizon,holt_winters_weekly,30,694,723,30,143.880104289,147.4200180707241,2025-12-24,
20261008,730,670,60,rolling_horizon,holt_winters_weekly,30,695,695,1,130.7468418113,134.5001753029953,2025-11-26,
20261008,730,670,60,rolling_horizon,holt_winters_weekly,30,695,696,2,128.4356754052,127.1714765752042,2025-11-27,
20261008,730,670,60,rolling_horizon,holt_winters_weekly,30,695,697,3,106.0560514778,111.48644179976219,2025-11-28,
20261008,730,670,60,rolling_horizon,holt_winters_weekly,30,695,698,4,87.0788274448,106.57432080886812,2025-11-29,
20261008,730,670,60,rolling_horizon,holt_winters_weekly,30,695,699,5,103.140705212,110.12907985059061,2025-11-30,
20261008,730,670,60,rolling_horizon,holt_winters_weekly,30,695,700,6,113.8373914368,120.95014012033286,2025-12-01,
20261008,730,670,60,rolling_horizon,holt_winters_weekly,30,695,701,7,128.6959921408,140.93438737231375,2025-12-02,
20261008,730,670,60,rolling_horizon,holt_winters_weekly,30,695,702,8,124.9544385883,142.29182505548843,2025-12-03,
20261008,730,670,60,rolling_horizon,holt_winters_weekly,30,695,703,9,123.0392046882,134.96312632769732,2025-12-04,
20261008,730,670,60,rolling_horizon,holt_winters_weekly,30,695,704,10,112.0375299996,119.27809155225532,2025-12-05,
20261008,730,670,60,rolling_horizon,holt_winters_weekly,30,695,705,11,94.7981017475,114.36597056136125,2025-12-06,
20261008,730,670,60,rolling_horizon,holt_winters_weekly,30,695,706,12,97.1541570139,117.92072960308374,2025-12-07,
20261008,730,670,60,rolling_horizon,holt_winters_weekly,30,695,707,13,116.0552552441,128.741789872826,2025-12-08,
20261008,730,670,60,rolling_horizon,holt_winters_weekly,30,695,708,14,124.9869441925,148.72603712480688,2025-12-09,
20261008,730,670,60,rolling_horizon,holt_winters_weekly,30,695,709,15,133.985128528,150.08347480798156,2025-12-10,
20261008,730,670,60,rolling_horizon,holt_winters_weekly,30,695,710,16,129.1625511456,142.75477608019045,2025-12-11,
20261008,730,670,60,rolling_horizon,holt_winters_weekly,30,695,711,17,102.4427018659,127.06974130474845,2025-12-12,
20261008,730,670,60,rolling_horizon,holt_winters_weekly,30,695,712,18,97.2419952584,122.15762031385438,2025-12-13,
20261008,730,670,60,rolling_horizon,holt_winters_weekly,30,695,713,19,114.2274385444,125.71237935557684,2025-12-14,
20261008,730,670,60,rolling_horizon,holt_winters_weekly,30,695,714,20,124.6821661264,136.5334396253191,2025-12-15,
20261008,730,670,60,rolling_horizon,holt_winters_weekly,30,695,715,21,137.1927210045,156.51768687729998,2025-12-16,
20261008,730,670,60,rolling_horizon,holt_winters_weekly,30,695,716,22,136.9806933036,157.87512456047466,2025-12-17,
20261008,730,670,60,rolling_horizon,holt_winters_weekly,30,695,717,23,137.8994379973,150.54642583268355,2025-12-18,
20261008,730,670,60,rolling_horizon,holt_winters_weekly,30,695,718,24,119.7019547049,134.86139105724155,2025-12-19,
20261008,730,670,60,rolling_horizon,holt_winters_weekly,30,695,719,25,108.3331542232,129.94927006634748,2025-12-20,
20261008,730,670,60,rolling_horizon,holt_winters_weekly,30,695,720,26,108.8625518294,133.50402910806997,2025-12-21,
20261008,730,670,60,rolling_horizon,holt_winters_weekly,30,695,721,27,120.5254118304,144.32508937781222,2025-12-22,
20261008,730,670,60,rolling_horizon,holt_winters_weekly,30,695,722,28,139.3049085557,164.3093366297931,2025-12-23,
20261008,730,670,60,rolling_horizon,holt_winters_weekly,30,695,723,29,143.880104289,165.6667743129678,2025-12-24,
20261008,730,670,60,rolling_horizon,holt_winters_weekly,30,695,724,30,126.2461868417,158.33807558517668,2025-12-25,
20261008,730,670,60,rolling_horizon,holt_winters_weekly,30,696,696,1,128.4356754052,126.27067653719732,2025-11-27,
20261008,730,670,60,rolling_horizon,holt_winters_weekly,30,696,697,2,106.0560514778,110.43550842208751,2025-11-28,
20261008,730,670,60,rolling_horizon,holt_winters_weekly,30,696,698,3,87.0788274448,105.37325409152562,2025-11-29,
20261008,730,670,60,rolling_horizon,holt_winters_weekly,30,696,699,4,103.140705212,108.7778797935803,2025-11-30,
20261008,730,670,60,rolling_horizon,holt_winters_weekly,30,696,700,5,113.8373914368,119.44880672365474,2025-12-01,
20261008,730,670,60,rolling_horizon,holt_winters_weekly,30,696,701,6,128.6959921408,139.2829206359678,2025-12-02,
20261008,730,670,60,rolling_horizon,holt_winters_weekly,30,696,702,7,124.9544385883,139.88969162080343,2025-12-03,
20261008,730,670,60,rolling_horizon,holt_winters_weekly,30,696,703,8,123.0392046882,133.01139291201576,2025-12-04,
20261008,730,670,60,rolling_horizon,holt_winters_weekly,30,696,704,9,112.0375299996,117.17622479690594,2025-12-05,
20261008,730,670,60,rolling_horizon,holt_winters_weekly,30,696,705,10,94.7981017475,112.11397046634407,2025-12-06,
20261008,730,670,60,rolling_horizon,holt_winters_weekly,30,696,706,11,97.1541570139,115.51859616839874,2025-12-07,
20261008,730,670,60,rolling_horizon,holt_winters_weekly,30,696,707,12,116.0552552441,126.18952309847319,2025-12-08,
20261008,730,670,60,rolling_horizon,holt_winters_weekly,30,696,708,13,124.9869441925,146.02363701078625,2025-12-09,
20261008,730,670,60,rolling_horizon,holt_winters_weekly,30,696,709,14,133.985128528,146.63040799562188,2025-12-10,
20261008,730,670,60,rolling_horizon,holt_winters_weekly,30,696,710,15,129.1625511456,139.7521092868342,2025-12-11,
20261008,730,670,60,rolling_horizon,holt_winters_weekly,30,696,711,16,102.4427018659,123.91694117172437,2025-12-12,
20261008,730,670,60,rolling_horizon,holt_winters_weekly,30,696,712,17,97.2419952584,118.8546868411625,2025-12-13,
20261008,730,670,60,rolling_horizon,holt_winters_weekly,30,696,713,18,114.2274385444,122.25931254321719,2025-12-14,
20261008,730,670,60,rolling_horizon,holt_winters_weekly,30,696,714,19,124.6821661264,132.93023947329164,2025-12-15,
20261008,730,670,60,rolling_horizon,holt_winters_weekly,30,696,715,20,137.1927210045,152.7643533856047,2025-12-16,
20261008,730,670,60,rolling_horizon,holt_winters_weekly,30,696,716,21,136.9806933036,153.37112437044033,2025-12-17,
20261008,730,670,60,rolling_horizon,holt_winters_weekly,30,696,717,22,137.8994379973,146.49282566165266,2025-12-18,
20261008,730,670,60,rolling_horizon,holt_winters_weekly,30,696,718,23,119.7019547049,130.65765754654282,2025-12-19,
20261008,730,670,60,rolling_horizon,holt_winters_weekly,30,696,719,24,108.3331542232,125.59540321598095,2025-12-20,
20261008,730,670,60,rolling_horizon,holt_winters_weekly,30,696,720,25,108.8625518294,129.00002891803564,2025-12-21,
20261008,730,670,60,rolling_horizon,holt_winters_weekly,30,696,721,26,120.5254118304,139.67095584811005,2025-12-22,
20261008,730,670,60,rolling_horizon,holt_winters_weekly,30,696,722,27,139.3049085557,159.50506976042314,2025-12-23,
20261008,730,670,60,rolling_horizon,holt_winters_weekly,30,696,723,28,143.880104289,160.11184074525877,2025-12-24,
20261008,730,670,60,rolling_horizon,holt_winters_weekly,30,696,724,29,126.2461868417,153.23354203647108,2025-12-25,
20261008,730,670,60,rolling_horizon,holt_winters_weekly,30,696,725,30,107.3164425454,137.39837392136127,2025-12-26,
20261008,730,670,60,rolling_horizon,holt_winters_weekly,30,697,697,1,106.0560514778,110.95510815040815,2025-11-28,
20261008,730,670,60,rolling_horizon,holt_winters_weekly,30,697,698,2,87.0788274448,105.97945377456638,2025-11-29,
20261008,730,670,60,rolling_horizon,holt_winters_weekly,30,697,699,3,103.140705212,109.47067943134117,2025-11-30,
20261008,730,670,60,rolling_horizon,holt_winters_weekly,30,697,700,4,113.8373914368,120.22820631613571,2025-12-01,
20261008,730,670,60,rolling_horizon,holt_winters_weekly,30,697,701,5,128.6959921408,140.14892018316888,2025-12-02,
20261008,730,670,60,rolling_horizon,holt_winters_weekly,30,697,702,6,124.9544385883,140.84229112272462,2025-12-03,
20261008,730,670,60,rolling_horizon,holt_winters_weekly,30,697,703,7,123.0392046882,134.39699218753748,2025-12-04,
20261008,730,670,60,rolling_horizon,holt_winters_weekly,30,697,704,8,112.0375299996,118.30202420826734,2025-12-05,
20261008,730,670,60,rolling_horizon,holt_winters_weekly,30,697,705,9,94.7981017475,113.32636983242557,2025-12-06,
20261008,730,670,60,rolling_horizon,holt_winters_weekly,30,697,706,10,97.1541570139,116.81759548920036,2025-12-07,
20261008,730,670,60,rolling_horizon,holt_winters_weekly,30,697,707,11,116.0552552441,127.5751223739949,2025-12-08,
20261008,730,670,60,rolling_horizon,holt_winters_weekly,30,697,708,12,124.9869441925,147.4958362410281,2025-12-09,
20261008,730,670,60,rolling_horizon,holt_winters_weekly,30,697,709,13,133.985128528,148.18920718058382,2025-12-10,
20261008,730,670,60,rolling_horizon,holt_winters_weekly,30,697,710,14,129.1625511456,141.74390824539668,2025-12-11,
20261008,730,670,60,rolling_horizon,holt_winters_weekly,30,697,711,15,102.4427018659,125.64894026612654,2025-12-12,
20261008,730,670,60,rolling_horizon,holt_winters_weekly,30,697,712,16,97.2419952584,120.67328589028477,2025-12-13,
20261008,730,670,60,rolling_horizon,holt_winters_weekly,30,697,713,17,114.2274385444,124.16451154705956,2025-12-14,
20261008,730,670,60,rolling_horizon,holt_winters_weekly,30,697,714,18,124.6821661264,134.9220384318541,2025-12-15,
20261008,730,670,60,rolling_horizon,holt_winters_weekly,30,697,715,19,137.1927210045,154.84275229888726,2025-12-16,
20261008,730,670,60,rolling_horizon,holt_winters_weekly,30,697,716,20,136.9806933036,155.536123238443,2025-12-17,
20261008,730,670,60,rolling_horizon,holt_winters_weekly,30,697,717,21,137.8994379973,149.09082430325586,2025-12-18,
20261008,730,670,60,rolling_horizon,holt_winters_weekly,30,697,718,22,119.7019547049,132.99585632398572,2025-12-19,
20261008,730,670,60,rolling_horizon,holt_winters_weekly,30,697,719,23,108.3331542232,128.02020194814395,2025-12-20,
20261008,730,670,60,rolling_horizon,holt_winters_weekly,30,697,720,24,108.8625518294,131.51142760491874,2025-12-21,
20261008,730,670,60,rolling_horizon,holt_winters_weekly,30,697,721,25,120.5254118304,142.26895448971328,2025-12-22,
20261008,730,670,60,rolling_horizon,holt_winters_weekly,30,697,722,26,139.3049085557,162.18966835674647,2025-12-23,
20261008,730,670,60,rolling_horizon,holt_winters_weekly,30,697,723,27,143.880104289,162.8830392963022,2025-12-24,
20261008,730,670,60,rolling_horizon,holt_winters_weekly,30,697,724,28,126.2461868417,156.43774036111506,2025-12-25,
20261008,730,670,60,rolling_horizon,holt_winters_weekly,30,697,725,29,107.3164425454,140.34277238184492,2025-12-26,
20261008,730,670,60,rolling_horizon,holt_winters_weekly,30,697,726,30,118.4815108613,135.36711800600315,2025-12-27,
20261008,730,670,60,rolling_horizon,holt_winters_weekly,30,698,698,1,87.0788274448,104.80368017314045,2025-11-29,
20261008,730,670,60,rolling_horizon,holt_winters_weekly,30,698,699,2,103.140705212,108.0989435630109,2025-11-30,
20261008,730,670,60,rolling_horizon,holt_winters_weekly,30,698,700,3,113.8373914368,118.66050818090113,2025-12-01,
20261008,730,670,60,rolling_horizon,holt_winters_weekly,30,698,701,4,128.6959921408,138.38525978103,2025-12-02,
20261008,730,670,60,rolling_horizon,holt_winters_weekly,30,698,702,5,124.9544385883,138.8826684536814,2025-12-03,
20261008,730,670,60,rolling_horizon,holt_winters_weekly,30,698,703,6,123.0392046882,132.24140725158992,2025-12-04,
20261008,730,670,60,rolling_horizon,holt_winters_weekly,30,698,704,7,112.0375299996,115.16662793779818,2025-12-05,
20261008,730,670,60,rolling_horizon,holt_winters_weekly,30,698,705,8,94.7981017475,110.77886036266938,2025-12-06,
20261008,730,670,60,rolling_horizon,holt_winters_weekly,30,698,706,9,97.1541570139,114.07412375253985,2025-12-07,
20261008,730,670,60,rolling_horizon,holt_winters_weekly,30,698,707,10,116.0552552441,124.63568837043006,2025-12-08,
20261008,730,670,60,rolling_horizon,holt_winters_weekly,30,698,708,11,124.9869441925,144.36043997055893,2025-12-09,
20261008,730,670,60,rolling_horizon,holt_winters_weekly,30,698,709,12,133.985128528,144.85784864321033,2025-12-10,
20261008,730,670,60,rolling_horizon,holt_winters_weekly,30,698,710,13,129.1625511456,138.21658744111886,2025-12-11,
20261008,730,670,60,rolling_horizon,holt_winters_weekly,30,698,711,14,102.4427018659,121.14180812732712,2025-12-12,
20261008,730,670,60,rolling_horizon,holt_winters_weekly,30,698,712,15,97.2419952584,116.75404055219832,2025-12-13,
20261008,730,670,60,rolling_horizon,holt_winters_weekly,30,698,713,16,114.2274385444,120.04930394206878,2025-12-14,
20261008,730,670,60,rolling_horizon,holt_winters_weekly,30,698,714,17,124.6821661264,130.610868559959,2025-12-15,
20261008,730,670,60,rolling_horizon,holt_winters_weekly,30,698,715,18,137.1927210045,150.33562016008787,2025-12-16,
20261008,730,670,60,rolling_horizon,holt_winters_weekly,30,698,716,19,136.9806933036,150.83302883273927,2025-12-17,
20261008,730,670,60,rolling_horizon,holt_winters_weekly,30,698,717,20,137.8994379973,144.1917676306478,2025-12-18,
20261008,730,670,60,rolling_horizon,holt_winters_weekly,30,698,718,21,119.7019547049,127.11698831685604,2025-12-19,
20261008,730,670,60,rolling_horizon,holt_winters_weekly,30,698,719,22,108.3331542232,122.72922074172726,2025-12-20,
20261008,730,670,60,rolling_horizon,holt_winters_weekly,30,698,720,23,108.8625518294,126.02448413159772,2025-12-21,
20261008,730,670,60,rolling_horizon,holt_winters_weekly,30,698,721,24,120.5254118304,136.58604874948793,2025-12-22,
20261008,730,670,60,rolling_horizon,holt_winters_weekly,30,698,722,25,139.3049085557,156.31080034961678,2025-12-23,
20261008,730,670,60,rolling_horizon,holt_winters_weekly,30,698,723,26,143.880104289,156.80820902226822,2025-12-24,
20261008,730,670,60,rolling_horizon,holt_winters_weekly,30,698,724,27,126.2461868417,150.16694782017674,2025-12-25,
20261008,730,670,60,rolling_horizon,holt_winters_weekly,30,698,725,28,107.3164425454,133.09216850638498,2025-12-26,
20261008,730,670,60,rolling_horizon,holt_winters_weekly,30,698,726,29,118.4815108613,128.7044009312562,2025-12-27,
20261008,730,670,60,rolling_horizon,holt_winters_weekly,30,698,727,30,115.7158276032,131.99966432112666,2025-12-28,
20261008,730,670,60,rolling_horizon,holt_winters_weekly,30,699,699,1,103.140705212,103.8449789082092,2025-11-30,
20261008,730,670,60,rolling_horizon,holt_winters_weekly,30,699,700,2,113.8373914368,113.6975494169658,2025-12-01,
20261008,730,670,60,rolling_horizon,holt_winters_weekly,30,699,701,3,128.6959921408,132.71330690796106,2025-12-02,
20261008,730,670,60,rolling_horizon,holt_winters_weekly,30,699,702,4,124.9544385883,132.50172147147885,2025-12-03,
20261008,730,670,60,rolling_horizon,holt_winters_weekly,30,699,703,5,123.0392046882,125.15146616025376,2025-12-04,
20261008,730,670,60,rolling_horizon,holt_winters_weekly,30,699,704,6,112.0375299996,107.36769273732838,2025-12-05,
20261008,730,670,60,rolling_horizon,holt_winters_weekly,30,699,705,7,94.7981017475,99.43495461653148,2025-12-06,
20261008,730,670,60,rolling_horizon,holt_winters_weekly,30,699,706,8,97.1541570139,104.85720033380282,2025-12-07,
20261008,730,670,60,rolling_horizon,holt_winters_weekly,30,699,707,9,116.0552552441,114.70977084255942,2025-12-08,
20261008,730,670,60,rolling_horizon,holt_winters_weekly,30,699,708,10,124.9869441925,133.72552833355468,2025-12-09,
20261008,730,670,60,rolling_horizon,holt_winters_weekly,30,699,709,11,133.985128528,133.51394289707247,2025-12-10,
20261008,730,670,60,rolling_horizon,holt_winters_weekly,30,699,710,12,129.1625511456,126.16368758584738,2025-12-11,
20261008,730,670,60,rolling_horizon,holt_winters_weekly,30,699,711,13,102.4427018659,108.379914162922,2025-12-12,
20261008,730,670,60,rolling_horizon,holt_winters_weekly,30,699,712,14,97.2419952584,100.44717604212511,2025-12-13,
20261008,730,670,60,rolling_horizon,holt_winters_weekly,30,699,713,15,114.2274385444,105.86942175939643,2025-12-14,
20261008,730,670,60,rolling_horizon,holt_winters_weekly,30,699,714,16,124.6821661264,115.72199226815303,2025-12-15,
20261008,730,670,60,rolling_horizon,holt_winters_weekly,30,699,715,17,137.1927210045,134.7377497591483,2025-12-16,
20261008,730,670,60,rolling_horizon,holt_winters_weekly,30,699,716,18,136.9806933036,134.5261643226661,2025-12-17,
20261008,730,670,60,rolling_horizon,holt_winters_weekly,30,699,717,19,137.8994379973,127.175909011441,2025-12-18,
20261008,730,670,60,rolling_horizon,holt_winters_weekly,30,699,718,20,119.7019547049,109.3921355885156,2025-12-19,
20261008,730,670,60,rolling_horizon,holt_winters_weekly,30,699,719,21,108.3331542232,101.45939746771873,2025-12-20,
20261008,730,670,60,rolling_horizon,holt_winters_weekly,30,699,720,22,108.8625518294,106.88164318499005,2025-12-21,
20261008,730,670,60,rolling_horizon,holt_winters_weekly,30,699,721,23,120.5254118304,116.73421369374665,2025-12-22,
20261008,730,670,60,rolling_horizon,holt_winters_weekly,30,699,722,24,139.3049085557,135.7499711847419,2025-12-23,
20261008,730,670,60,rolling_horizon,holt_winters_weekly,30,699,723,25,143.880104289,135.53838574825969,2025-12-24,
20261008,730,670,60,rolling_horizon,holt_winters_weekly,30,699,724,26,126.2461868417,128.1881304370346,2025-12-25,
20261008,730,670,60,rolling_horizon,holt_winters_weekly,30,699,725,27,107.3164425454,110.40435701410922,2025-12-26,
20261008,730,670,60,rolling_horizon,holt_winters_weekly,30,699,726,28,118.4815108613,102.47161889331235,2025-12-27,
20261008,730,670,60,rolling_horizon,holt_winters_weekly,30,699,727,29,115.7158276032,107.89386461058366,2025-12-28,
20261008,730,670,60,rolling_horizon,holt_winters_weekly,30,699,728,30,127.5141535018,117.74643511934026,2025-12-29,
20261008,730,670,60,rolling_horizon,holt_winters_weekly,30,700,700,1,113.8373914368,113.5285237298756,2025-12-01,
20261008,730,670,60,rolling_horizon,holt_winters_weekly,30,700,701,2,128.6959921408,132.5161102730225,2025-12-02,
20261008,730,670,60,rolling_horizon,holt_winters_weekly,30,700,702,3,124.9544385883,132.27635388869192,2025-12-03,
20261008,730,670,60,rolling_horizon,holt_winters_weekly,30,700,703,4,123.0392046882,124.89792762961847,2025-12-04,
20261008,730,670,60,rolling_horizon,holt_winters_weekly,30,700,704,5,112.0375299996,107.08598325884472,2025-12-05,
20261008,730,670,60,rolling_horizon,holt_winters_weekly,30,700,705,6,94.7981017475,99.12507419019946,2025-12-06,
20261008,730,670,60,rolling_horizon,holt_winters_weekly,30,700,706,7,97.1541570139,104.40646516822893,2025-12-07,
20261008,730,670,60,rolling_horizon,holt_winters_weekly,30,700,707,8,116.0552552441,114.34354852053065,2025-12-08,
20261008,730,670,60,rolling_horizon,holt_winters_weekly,30,700,708,9,124.9869441925,133.33113506367755,2025-12-09,
20261008,730,670,60,rolling_horizon,holt_winters_weekly,30,700,709,10,133.985128528,133.09137867934697,2025-12-10,
20261008,730,670,60,rolling_horizon,holt_winters_weekly,30,700,710,11,129.1625511456,125.71295242027351,2025-12-11,
20261008,730,670,60,rolling_horizon,holt_winters_weekly,30,700,711,12,102.4427018659,107.90100804949975,2025-12-12,
20261008,730,670,60,rolling_horizon,holt_winters_weekly,30,700,712,13,97.2419952584,99.94009898085451,2025-12-13,
20261008,730,670,60,rolling_horizon,holt_winters_weekly,30,700,713,14,114.2274385444,105.22148995888398,2025-12-14,
20261008,730,670,60,rolling_horizon,holt_winters_weekly,30,700,714,15,124.6821661264,115.1585733111857,2025-12-15,
20261008,730,670,60,rolling_horizon,holt_winters_weekly,30,700,715,16,137.1927210045,134.14615985433258,2025-12-16,
20261008,730,670,60,rolling_horizon,holt_winters_weekly,30,700,716,17,136.9806933036,133.906403470002,2025-12-17,
20261008,730,670,60,rolling_horizon,holt_winters_weekly,30,700,717,18,137.8994379973,126.52797721092855,2025-12-18,
20261008,730,670,60,rolling_horizon,holt_winters_weekly,30,700,718,19,119.7019547049,108.71603284015481,2025-12-19,
20261008,730,670,60,rolling_horizon,holt_winters_weekly,30,700,719,20,108.3331542232,100.75512377150955,2025-12-20,
20261008,730,670,60,rolling_horizon,holt_winters_weekly,30,700,720,21,108.8625518294,106.03651474953904,2025-12-21,
20261008,730,670,60,rolling_horizon,holt_winters_weekly,30,700,721,22,120.5254118304,115.97359810184075,2025-12-22,
20261008,730,670,60,rolling_horizon,holt_winters_weekly,30,700,722,23,139.3049085557,134.9611846449876,2025-12-23,
20261008,730,670,60,rolling_horizon,holt_winters_weekly,30,700,723,24,143.880104289,134.72142826065704,2025-12-24,
20261008,730,670,60,rolling_horizon,holt_winters_weekly,30,700,724,25,126.2461868417,127.3430020015836,2025-12-25,
20261008,730,670,60,rolling_horizon,holt_winters_weekly,30,700,725,26,107.3164425454,109.53105763080984,2025-12-26,
20261008,730,670,60,rolling_horizon,holt_winters_weekly,30,700,726,27,118.4815108613,101.5701485621646,2025-12-27,
20261008,730,670,60,rolling_horizon,holt_winters_weekly,30,700,727,28,115.7158276032,106.85153954019408,2025-12-28,
20261008,730,670,60,rolling_horizon,holt_winters_weekly,30,700,728,29,127.5141535018,116.7886228924958,2025-12-29,
20261008,730,670,60,rolling_horizon,holt_winters_weekly,30,700,729,30,135.9980120378,135.77620943564267,2025-12-30,
20261008,730,670,60,rolling_horizon,seasonal_linear_regression,30,670,670,1,93.6787814212,86.84672073580487,2025-11-01,
20261008,730,670,60,rolling_horizon,seasonal_linear_regression,30,670,671,2,88.2360415032,91.73558625859096,2025-11-02,
20261008,730,670,60,rolling_horizon,seasonal_linear_regression,30,670,672,3,105.9545255841,102.8483693792673,2025-11-03,
20261008,730,670,60,rolling_horizon,seasonal_linear_regression,30,670,673,4,119.7326428272,120.85903778406964,2025-11-04,
20261008,730,670,60,rolling_horizon,seasonal_linear_regression,30,670,674,5,122.247387964,122.64208568306594,2025-11-05,
20261008,730,670,60,rolling_horizon,seasonal_linear_regression,30,670,675,6,111.0550970756,114.1263220169626,2025-11-06,
20261008,730,670,60,rolling_horizon,seasonal_linear_regression,30,670,676,7,102.903983799,100.00373114048443,2025-11-07,
20261008,730,670,60,rolling_horizon,seasonal_linear_regression,30,670,677,8,85.6239730153,88.66157457798272,2025-11-08,
20261008,730,670,60,rolling_horizon,seasonal_linear_regression,30,670,678,9,88.7840059698,94.12603178683275,2025-11-09,
20261008,730,670,60,rolling_horizon,seasonal_linear_regression,30,670,679,10,105.4360307607,106.02141571317725,2025-11-10,
20261008,730,670,60,rolling_horizon,seasonal_linear_regression,30,670,680,11,130.1261804302,121.04339299335061,2025-11-11,
20261008,730,670,60,rolling_horizon,seasonal_linear_regression,30,670,681,12,120.2341328764,125.11628152932917,2025-11-12,
20261008,730,670,60,rolling_horizon,seasonal_linear_regression,30,670,682,13,116.4643974318,116.20754955673192,2025-11-13,
20261008,730,670,60,rolling_horizon,seasonal_linear_regression,30,670,683,14,91.643990521,101.80114088076925,2025-11-14,
20261008,730,670,60,rolling_horizon,seasonal_linear_regression,30,670,684,15,98.2022208221,91.68879777886377,2025-11-15,
20261008,730,670,60,rolling_horizon,seasonal_linear_regression,30,670,685,16,100.9062127562,95.34958167265404,2025-11-16,
20261008,730,670,60,rolling_horizon,seasonal_linear_regression,30,670,686,17,106.053250609,109.34959412613034,2025-11-17,
20261008,730,670,60,rolling_horizon,seasonal_linear_regression,30,670,687,18,116.1333607552,125.06666801363963,2025-11-18,
20261008,730,670,60,rolling_horizon,seasonal_linear_regression,30,670,688,19,131.4291834004,127.18678669012206,2025-11-19,
20261008,730,670,60,rolling_horizon,seasonal_linear_regression,30,670,689,20,117.2375226637,118.22138524826096,2025-11-20,
20261008,730,670,60,rolling_horizon,seasonal_linear_regression,30,670,690,21,104.4585069656,103.45182027122883,2025-11-21,
20261008,730,670,60,rolling_horizon,seasonal_linear_regression,30,670,691,22,101.0512216839,92.7118049098076,2025-11-22,
20261008,730,670,60,rolling_horizon,seasonal_linear_regression,30,670,692,23,106.7080803311,97.49934871611549,2025-11-23,
20261008,730,670,60,rolling_horizon,seasonal_linear_regression,30,670,693,24,104.8566719454,112.19129178667845,2025-11-24,
20261008,730,670,60,rolling_horizon,seasonal_linear_regression,30,670,694,25,141.7294464397,126.48659377054992,2025-11-25,
20261008,730,670,60,rolling_horizon,seasonal_linear_regression,30,670,695,26,130.7468418113,130.5534660662256,2025-11-26,
20261008,730,670,60,rolling_horizon,seasonal_linear_regression,30,670,696,27,128.4356754052,121.66515233967402,2025-11-27,
20261008,730,670,60,rolling_horizon,seasonal_linear_regression,30,670,697,28,106.0560514778,106.83374310277804,2025-11-28,
20261008,730,670,60,rolling_horizon,seasonal_linear_regression,30,670,698,29,87.0788274448,96.62888823419189,2025-11-29,
20261008,730,670,60,rolling_horizon,seasonal_linear_regression,30,670,699,30,103.140705212,101.3916730677156,2025-11-30,
20261008,730,670,60,rolling_horizon,seasonal_linear_regression,30,671,671,1,88.2360415032,91.92253821889881,2025-11-02,
20261008,730,670,60,rolling_horizon,seasonal_linear_regression,30,671,672,2,105.9545255841,103.09012281519017,2025-11-03,
20261008,730,670,60,rolling_horizon,seasonal_linear_regression,30,671,673,3,119.7326428272,121.05143329341126,2025-11-04,
20261008,730,670,60,rolling_horizon,seasonal_linear_regression,30,671,674,4,122.247387964,122.90108871512393,2025-11-05,
20261008,730,670,60,rolling_horizon,seasonal_linear_regression,30,671,675,5,111.0550970756,114.38705573354673,2025-11-06,
20261008,730,670,60,rolling_horizon,seasonal_linear_regression,30,671,676,6,102.903983799,100.2655208021556,2025-11-07,
20261008,730,670,60,rolling_horizon,seasonal_linear_regression,30,671,677,7,85.6239730153,89.03711755640506,2025-11-08,
20261008,730,670,60,rolling_horizon,seasonal_linear_regression,30,671,678,8,88.7840059698,94.25148189316451,2025-11-09,
20261008,730,670,60,rolling_horizon,seasonal_linear_regression,30,671,679,9,105.4360307607,106.13621533675905,2025-11-10,
20261008,730,670,60,rolling_horizon,seasonal_linear_regression,30,671,680,10,130.1261804302,121.19343941926445,2025-11-11,
20261008,730,670,60,rolling_horizon,seasonal_linear_regression,30,671,681,11,120.2341328764,125.23497031303987,2025-11-12,
20261008,730,670,60,rolling_horizon,seasonal_linear_regression,30,671,682,12,116.4643974318,116.34530089771988,2025-11-13,
20261008,730,670,60,rolling_horizon,seasonal_linear_regression,30,671,683,13,91.643990521,101.94244990540801,2025-11-14,
20261008,730,670,60,rolling_horizon,seasonal_linear_regression,30,671,684,14,98.2022208221,92.12233114703258,2025-11-15,
20261008,730,670,60,rolling_horizon,seasonal_linear_regression,30,671,685,15,100.9062127562,95.49450928003807,2025-11-16,
20261008,730,670,60,rolling_horizon,seasonal_linear_regression,30,671,686,16,106.053250609,109.49677834182694,2025-11-17,
20261008,730,670,60,rolling_horizon,seasonal_linear_regression,30,671,687,17,116.1333607552,125.22026843790354,2025-11-18,
20261008,730,670,60,rolling_horizon,seasonal_linear_regression,30,671,688,18,131.4291834004,127.34070267240168,2025-11-19,
20261008,730,670,60,rolling_horizon,seasonal_linear_regression,30,671,689,19,117.2375226637,118.38604611973778,2025-11-20,
20261008,730,670,60,rolling_horizon,seasonal_linear_regression,30,671,690,20,104.4585069656,103.61993097546247,2025-11-21,
20261008,730,670,60,rolling_horizon,seasonal_linear_regression,30,671,691,21,101.0512216839,93.04454777004639,2025-11-22,
20261008,730,670,60,rolling_horizon,seasonal_linear_regression,30,671,692,22,106.7080803311,97.68107236487685,2025-11-23,
20261008,730,670,60,rolling_horizon,seasonal_linear_regression,30,671,693,23,104.8566719454,112.36850624136605,2025-11-24,
20261008,730,670,60,rolling_horizon,seasonal_linear_regression,30,671,694,24,141.7294464397,126.66417675762659,2025-11-25,
20261008,730,670,60,rolling_horizon,seasonal_linear_regression,30,671,695,25,130.7468418113,130.73240272368685,2025-11-26,
20261008,730,670,60,rolling_horizon,seasonal_linear_regression,30,671,696,26,128.4356754052,121.85771889129,2025-11-27,
20261008,730,670,60,rolling_horizon,seasonal_linear_regression,30,671,697,27,106.0560514778,107.03910461103624,2025-11-28,
20261008,730,670,60,rolling_horizon,seasonal_linear_regression,30,671,698,28,87.0788274448,96.4647472503184,2025-11-29,
20261008,730,670,60,rolling_horizon,seasonal_linear_regression,30,671,699,29,103.140705212,101.49529044957444,2025-11-30,
20261008,730,670,60,rolling_horizon,seasonal_linear_regression,30,671,700,30,113.8373914368,115.02507968251393,2025-12-01,
20261008,730,670,60,rolling_horizon,seasonal_linear_regression,30,672,672,1,105.9545255841,103.05301964834098,2025-11-03,
20261008,730,670,60,rolling_horizon,seasonal_linear_regression,30,672,673,2,119.7326428272,120.89534352891133,2025-11-04,
20261008,730,670,60,rolling_horizon,seasonal_linear_regression,30,672,674,3,122.247387964,122.78112760141812,2025-11-05,
20261008,730,670,60,rolling_horizon,seasonal_linear_regression,30,672,675,4,111.0550970756,114.28562417193643,2025-11-06,
20261008,730,670,60,rolling_horizon,seasonal_linear_regression,30,672,676,5,102.903983799,100.15763641397598,2025-11-07,
20261008,730,670,60,rolling_horizon,seasonal_linear_regression,30,672,677,6,85.6239730153,88.90434295600744,2025-11-08,
20261008,730,670,60,rolling_horizon,seasonal_linear_regression,30,672,678,7,88.7840059698,94.03827225370287,2025-11-09,
20261008,730,670,60,rolling_horizon,seasonal_linear_regression,30,672,679,8,105.4360307607,106.09040347614973,2025-11-10,
20261008,730,670,60,rolling_horizon,seasonal_linear_regression,30,672,680,9,130.1261804302,121.12688245161735,2025-11-11,
20261008,730,670,60,rolling_horizon,seasonal_linear_regression,30,672,681,10,120.2341328764,125.1742830039284,2025-11-12,
20261008,730,670,60,rolling_horizon,seasonal_linear_regression,30,672,682,11,116.4643974318,116.3135538222391,2025-11-13,
20261008,730,670,60,rolling_horizon,seasonal_linear_regression,30,672,683,12,91.643990521,101.89273168365071,2025-11-14,
20261008,730,670,60,rolling_horizon,seasonal_linear_regression,30,672,684,13,98.2022208221,92.03064448482655,2025-11-15,
20261008,730,670,60,rolling_horizon,seasonal_linear_regression,30,672,685,14,100.9062127562,95.27498414644151,2025-11-16,
20261008,730,670,60,rolling_horizon,seasonal_linear_regression,30,672,686,15,106.053250609,109.42390640543272,2025-11-17,
20261008,730,670,60,rolling_horizon,seasonal_linear_regression,30,672,687,16,116.1333607552,125.11421914783796,2025-11-18,
20261008,730,670,60,rolling_horizon,seasonal_linear_regression,30,672,688,17,131.4291834004,127.24210536088731,2025-11-19,
20261008,730,670,60,rolling_horizon,seasonal_linear_regression,30,672,689,18,117.2375226637,118.31634472033375,2025-11-20,
20261008,730,670,60,rolling_horizon,seasonal_linear_regression,30,672,690,19,104.4585069656,103.53311851617536,2025-11-21,
20261008,730,670,60,rolling_horizon,seasonal_linear_regression,30,672,691,20,101.0512216839,92.97042390358502,2025-11-22,
20261008,730,670,60,rolling_horizon,seasonal_linear_regression,30,672,692,21,106.7080803311,97.51431101318713,2025-11-23,
20261008,730,670,60,rolling_horizon,seasonal_linear_regression,30,672,693,22,104.8566719454,112.27208123559922,2025-11-24,
20261008,730,670,60,rolling_horizon,seasonal_linear_regression,30,672,694,23,141.7294464397,126.550695308179,2025-11-25,
20261008,730,670,60,rolling_horizon,seasonal_linear_regression,30,672,695,24,130.7468418113,130.61972777734354,2025-11-26,
20261008,730,670,60,rolling_horizon,seasonal_linear_regression,30,672,696,25,128.4356754052,121.76836224973522,2025-11-27,
20261008,730,670,60,rolling_horizon,seasonal_linear_regression,30,672,697,26,106.0560514778,106.9473323244215,2025-11-28,
20261008,730,670,60,rolling_horizon,seasonal_linear_regression,30,672,698,27,87.0788274448,96.36869199080957,2025-11-29,
20261008,730,670,60,rolling_horizon,seasonal_linear_regression,30,672,699,28,103.140705212,101.58993244645671,2025-11-30,
20261008,730,670,60,rolling_horizon,seasonal_linear_regression,30,672,700,29,113.8373914368,114.96678420221451,2025-12-01,
20261008,730,670,60,rolling_horizon,seasonal_linear_regression,30,672,701,30,128.6959921408,130.13288624220831,2025-12-02,
20261008,730,670,60,rolling_horizon,seasonal_linear_regression,30,673,673,1,119.7326428272,120.88454113016087,2025-11-04,
20261008,730,670,60,rolling_horizon,seasonal_linear_regression,30,673,674,2,122.247387964,122.89331304771576,2025-11-05,
20261008,730,670,60,rolling_horizon,seasonal_linear_regression,30,673,675,3,111.0550970756,114.41951640744355,2025-11-06,
20261008,730,670,60,rolling_horizon,seasonal_linear_regression,30,673,676,4,102.903983799,100.2591202312542,2025-11-07,
20261008,730,670,60,rolling_horizon,seasonal_linear_regression,30,673,677,5,85.6239730153,89.01116122956773,2025-11-08,
20261008,730,670,60,rolling_horizon,seasonal_linear_regression,30,673,678,6,88.7840059698,94.12110968067418,2025-11-09,
20261008,730,670,60,rolling_horizon,seasonal_linear_regression,30,673,679,7,105.4360307607,106.24854679836744,2025-11-10,
20261008,730,670,60,rolling_horizon,seasonal_linear_regression,30,673,680,8,130.1261804302,121.19696783423115,2025-11-11,
20261008,730,670,60,rolling_horizon,seasonal_linear_regression,30,673,681,9,120.2341328764,125.21575215206576,2025-11-12,
20261008,730,670,60,rolling_horizon,seasonal_linear_regression,30,673,682,10,116.4643974318,116.40789508304943,2025-11-13,
20261008,730,670,60,rolling_horizon,seasonal_linear_regression,30,673,683,11,91.643990521,101.96391182407797,2025-11-14,
20261008,730,670,60,rolling_horizon,seasonal_linear_regression,30,673,684,12,98.2022208221,92.07790531019828,2025-11-15,
20261008,730,670,60,rolling_horizon,seasonal_linear_regression,30,673,685,13,100.9062127562,95.3509261049503,2025-11-16,
20261008,730,670,60,rolling_horizon,seasonal_linear_regression,30,673,686,14,106.053250609,109.58972085442792,2025-11-17,
20261008,730,670,60,rolling_horizon,seasonal_linear_regression,30,673,687,15,116.1333607552,125.13178502410574,2025-11-18,
20261008,730,670,60,rolling_horizon,seasonal_linear_regression,30,673,688,16,131.4291834004,127.29500919919701,2025-11-19,
20261008,730,670,60,rolling_horizon,seasonal_linear_regression,30,673,689,17,117.2375226637,118.40523768461435,2025-11-20,
20261008,730,670,60,rolling_horizon,seasonal_linear_regression,30,673,690,18,104.4585069656,103.59676343036017,2025-11-21,
20261008,730,670,60,rolling_horizon,seasonal_linear_regression,30,673,691,19,101.0512216839,93.0631906947333,2025-11-22,
20261008,730,670,60,rolling_horizon,seasonal_linear_regression,30,673,692,20,106.7080803311,97.60869871268414,2025-11-23,
20261008,730,670,60,rolling_horizon,seasonal_linear_regression,30,673,693,21,104.8566719454,112.39007938633495,2025-11-24,
20261008,730,670,60,rolling_horizon,seasonal_linear_regression,30,673,694,22,141.7294464397,126.62206013989726,2025-11-25,
20261008,730,670,60,rolling_horizon,seasonal_linear_regression,30,673,695,23,130.7468418113,130.66459521637307,2025-11-26,
20261008,730,670,60,rolling_horizon,seasonal_linear_regression,30,673,696,24,128.4356754052,121.85990785470176,2025-11-27,
20261008,730,670,60,rolling_horizon,seasonal_linear_regression,30,673,697,25,106.0560514778,107.03752742359802,2025-11-28,
20261008,730,670,60,rolling_horizon,seasonal_linear_regression,30,673,698,26,87.0788274448,96.47656679637839,2025-11-29,
20261008,730,670,60,rolling_horizon,seasonal_linear_regression,30,673,699,27,103.140705212,101.65906381787318,2025-11-30,
20261008,730,670,60,rolling_horizon,seasonal_linear_regression,30,673,700,28,113.8373914368,114.89307856394089,2025-12-01,
20261008,730,670,60,rolling_horizon,seasonal_linear_regression,30,673,701,29,128.6959921408,130.190898112598,2025-12-02,
20261008,730,670,60,rolling_horizon,seasonal_linear_regression,30,673,702,30,124.9544385883,133.95442161880283,2025-12-03,
20261008,730,670,60,rolling_horizon,seasonal_linear_regression,30,674,674,1,122.247387964,122.8781103312349,2025-11-05,
20261008,730,670,60,rolling_horizon,seasonal_linear_regression,30,674,675,2,111.0550970756,114.39961368877948,2025-11-06,
20261008,730,670,60,rolling_horizon,seasonal_linear_regression,30,674,676,3,102.903983799,100.22772378690343,2025-11-07,
20261008,730,670,60,rolling_horizon,seasonal_linear_regression,30,674,677,4,85.6239730153,88.96975323775223,2025-11-08,
20261008,730,670,60,rolling_horizon,seasonal_linear_regression,30,674,678,5,88.7840059698,94.08287937046225,2025-11-09,
20261008,730,670,60,rolling_horizon,seasonal_linear_regression,30,674,679,6,105.4360307607,106.20493327117947,2025-11-10,
20261008,730,670,60,rolling_horizon,seasonal_linear_regression,30,674,680,7,130.1261804302,121.16174754238409,2025-11-11,
20261008,730,670,60,rolling_horizon,seasonal_linear_regression,30,674,681,8,120.2341328764,125.19163383885461,2025-11-12,
20261008,730,670,60,rolling_horizon,seasonal_linear_regression,30,674,682,9,116.4643974318,116.39992334254976,2025-11-13,
20261008,730,670,60,rolling_horizon,seasonal_linear_regression,30,674,683,10,91.643990521,101.9453598229752,2025-11-14,
20261008,730,670,60,rolling_horizon,seasonal_linear_regression,30,674,684,11,98.2022208221,92.06146151613439,2025-11-15,
20261008,730,670,60,rolling_horizon,seasonal_linear_regression,30,674,685,12,100.9062127562,95.3327047626426,2025-11-16,
20261008,730,670,60,rolling_horizon,seasonal_linear_regression,30,674,686,13,106.053250609,109.56726035758538,2025-11-17,
20261008,730,670,60,rolling_horizon,seasonal_linear_regression,30,674,687,14,116.1333607552,125.05258585379443,2025-11-18,
20261008,730,670,60,rolling_horizon,seasonal_linear_regression,30,674,688,15,131.4291834004,127.26815792076877,2025-11-19,
20261008,730,670,60,rolling_horizon,seasonal_linear_regression,30,674,689,16,117.2375226637,118.38768487092739,2025-11-20,
20261008,730,670,60,rolling_horizon,seasonal_linear_regression,30,674,690,17,104.4585069656,103.5711144583488,2025-11-21,
20261008,730,670,60,rolling_horizon,seasonal_linear_regression,30,674,691,18,101.0512216839,93.04268320331721,2025-11-22,
20261008,730,670,60,rolling_horizon,seasonal_linear_regression,30,674,692,19,106.7080803311,97.58931975324413,2025-11-23,
20261008,730,670,60,rolling_horizon,seasonal_linear_regression,30,674,693,20,104.8566719454,112.35408820327575,2025-11-24,
20261008,730,670,60,rolling_horizon,seasonal_linear_regression,30,674,694,21,141.7294464397,126.56608625171884,2025-11-25,
20261008,730,670,60,rolling_horizon,seasonal_linear_regression,30,674,695,22,130.7468418113,130.6260851248776,2025-11-26,
20261008,730,670,60,rolling_horizon,seasonal_linear_regression,30,674,696,23,128.4356754052,121.8329317199782,2025-11-27,
20261008,730,670,60,rolling_horizon,seasonal_linear_regression,30,674,697,24,106.0560514778,107.00941866809444,2025-11-28,
20261008,730,670,60,rolling_horizon,seasonal_linear_regression,30,674,698,25,87.0788274448,96.45427293238936,2025-11-29,
20261008,730,670,60,rolling_horizon,seasonal_linear_regression,30,674,699,26,103.140705212,101.62395720118002,2025-11-30,
20261008,730,670,60,rolling_horizon,seasonal_linear_regression,30,674,700,27,113.8373914368,114.86114959972247,2025-12-01,
20261008,730,670,60,rolling_horizon,seasonal_linear_regression,30,674,701,28,128.6959921408,130.22246083131995,2025-12-02,
20261008,730,670,60,rolling_horizon,seasonal_linear_regression,30,674,702,29,124.9544385883,133.9410191634547,2025-12-03,
20261008,730,670,60,rolling_horizon,seasonal_linear_regression,30,674,703,30,123.0392046882,126.54315411946209,2025-12-04,
20261008,730,670,60,rolling_horizon,seasonal_linear_regression,30,675,675,1,111.0550970756,114.38208774106624,2025-11-06,
20261008,730,670,60,rolling_horizon,seasonal_linear_regression,30,675,676,2,102.903983799,100.20453829561029,2025-11-07,
20261008,730,670,60,rolling_horizon,seasonal_linear_regression,30,675,677,3,85.6239730153,88.95361402565595,2025-11-08,
20261008,730,670,60,rolling_horizon,seasonal_linear_regression,30,675,678,4,88.7840059698,94.05936993610067,2025-11-09,
20261008,730,670,60,rolling_horizon,seasonal_linear_regression,30,675,679,5,105.4360307607,106.1862149148933,2025-11-10,
20261008,730,670,60,rolling_horizon,seasonal_linear_regression,30,675,680,6,130.1261804302,121.13764100431717,2025-11-11,
20261008,730,670,60,rolling_horizon,seasonal_linear_regression,30,675,681,7,120.2341328764,125.16445844916097,2025-11-12,
20261008,730,670,60,rolling_horizon,seasonal_linear_regression,30,675,682,8,116.4643974318,116.38958564863242,2025-11-13,
20261008,730,670,60,rolling_horizon,seasonal_linear_regression,30,675,683,9,91.643990521,101.93633756282361,2025-11-14,
20261008,730,670,60,rolling_horizon,seasonal_linear_regression,30,675,684,10,98.2022208221,92.05092437671419,2025-11-15,
20261008,730,670,60,rolling_horizon,seasonal_linear_regression,30,675,685,11,100.9062127562,95.32371328084037,2025-11-16,
20261008,730,670,60,rolling_horizon,seasonal_linear_regression,30,675,686,12,106.053250609,109.55660907562333,2025-11-17,
20261008,730,670,60,rolling_horizon,seasonal_linear_regression,30,675,687,13,116.1333607552,125.04127449845919,2025-11-18,
20261008,730,670,60,rolling_horizon,seasonal_linear_regression,30,675,688,14,131.4291834004,127.23218510561765,2025-11-19,
20261008,730,670,60,rolling_horizon,seasonal_linear_regression,30,675,689,15,117.2375226637,118.37517632844902,2025-11-20,
20261008,730,670,60,rolling_horizon,seasonal_linear_regression,30,675,690,16,104.4585069656,103.55834130034827,2025-11-21,
20261008,730,670,60,rolling_horizon,seasonal_linear_regression,30,675,691,17,101.0512216839,93.0286011125213,2025-11-22,
20261008,730,670,60,rolling_horizon,seasonal_linear_regression,30,675,692,18,106.7080803311,97.57533000255307,2025-11-23,
20261008,730,670,60,rolling_horizon,seasonal_linear_regression,30,675,693,19,104.8566719454,112.33950957337265,2025-11-24,
20261008,730,670,60,rolling_horizon,seasonal_linear_regression,30,675,694,20,141.7294464397,126.55329082275739,2025-11-25,
20261008,730,670,60,rolling_horizon,seasonal_linear_regression,30,675,695,21,130.7468418113,130.59642946229724,2025-11-26,
20261008,730,670,60,rolling_horizon,seasonal_linear_regression,30,675,696,22,128.4356754052,121.81567408374576,2025-11-27,
20261008,730,670,60,rolling_horizon,seasonal_linear_regression,30,675,697,23,106.0560514778,106.99153114743876,2025-11-28,
20261008,730,670,60,rolling_horizon,seasonal_linear_regression,30,675,698,24,87.0788274448,96.43789191264614,2025-11-29,
20261008,730,670,60,rolling_horizon,seasonal_linear_regression,30,675,699,25,103.140705212,101.60725110774501,2025-11-30,
20261008,730,670,60,rolling_horizon,seasonal_linear_regression,30,675,700,26,113.8373914368,114.84461012156999,2025-12-01,
20261008,730,670,60,rolling_horizon,seasonal_linear_regression,30,675,701,27,128.6959921408,130.20447998217605,2025-12-02,
20261008,730,670,60,rolling_horizon,seasonal_linear_regression,30,675,702,28,124.9544385883,133.95600862267793,2025-12-03,
20261008,730,670,60,rolling_horizon,seasonal_linear_regression,30,675,703,29,123.0392046882,126.53592882503699,2025-12-04,
20261008,730,670,60,rolling_horizon,seasonal_linear_regression,30,675,704,30,112.0375299996,110.30508322490414,2025-12-05,
20261008,730,670,60,rolling_horizon,seasonal_linear_regression,30,676,676,1,102.903983799,100.12899990328606,2025-11-07,
20261008,730,670,60,rolling_horizon,seasonal_linear_regression,30,676,677,2,85.6239730153,88.85416376757121,2025-11-08,
20261008,730,670,60,rolling_horizon,seasonal_linear_regression,30,676,678,3,88.7840059698,93.96324954822148,2025-11-09,
20261008,730,670,60,rolling_horizon,seasonal_linear_regression,30,676,679,4,105.4360307607,106.08317777833918,2025-11-10,
20261008,730,670,60,rolling_horizon,seasonal_linear_regression,30,676,680,5,130.1261804302,121.01034276023802,2025-11-11,
20261008,730,670,60,rolling_horizon,seasonal_linear_regression,30,676,681,6,120.2341328764,125.06571630292365,2025-11-12,
20261008,730,670,60,rolling_horizon,seasonal_linear_regression,30,676,682,7,116.4643974318,116.21856503607205,2025-11-13,
20261008,730,670,60,rolling_horizon,seasonal_linear_regression,30,676,683,8,91.643990521,101.89046067693516,2025-11-14,
20261008,730,670,60,rolling_horizon,seasonal_linear_regression,30,676,684,9,98.2022208221,92.00833110321628,2025-11-15,
20261008,730,670,60,rolling_horizon,seasonal_linear_regression,30,676,685,10,100.9062127562,95.27132628135541,2025-11-16,
20261008,730,670,60,rolling_horizon,seasonal_linear_regression,30,676,686,11,106.053250609,109.51416862583255,2025-11-17,
20261008,730,670,60,rolling_horizon,seasonal_linear_regression,30,676,687,12,116.1333607552,125.00977685112002,2025-11-18,
20261008,730,670,60,rolling_horizon,seasonal_linear_regression,30,676,688,13,131.4291834004,127.18728179293839,2025-11-19,
20261008,730,670,60,rolling_horizon,seasonal_linear_regression,30,676,689,14,117.2375226637,118.1791382369347,2025-11-20,
20261008,730,670,60,rolling_horizon,seasonal_linear_regression,30,676,690,15,104.4585069656,103.50547691803195,2025-11-21,
20261008,730,670,60,rolling_horizon,seasonal_linear_regression,30,676,691,16,101.0512216839,92.95562417370365,2025-11-22,
20261008,730,670,60,rolling_horizon,seasonal_linear_regression,30,676,692,17,106.7080803311,97.50027923978314,2025-11-23,
20261008,730,670,60,rolling_horizon,seasonal_linear_regression,30,676,693,18,104.8566719454,112.28315938642163,2025-11-24,
20261008,730,670,60,rolling_horizon,seasonal_linear_regression,30,676,694,19,141.7294464397,126.48556877578676,2025-11-25,
20261008,730,670,60,rolling_horizon,seasonal_linear_regression,30,676,695,20,130.7468418113,130.53931612973201,2025-11-26,
20261008,730,670,60,rolling_horizon,seasonal_linear_regression,30,676,696,21,128.4356754052,121.65912740282556,2025-11-27,
20261008,730,670,60,rolling_horizon,seasonal_linear_regression,30,676,697,22,106.0560514778,106.90844037381294,2025-11-28,
20261008,730,670,60,rolling_horizon,seasonal_linear_regression,30,676,698,23,87.0788274448,96.34606271488747,2025-11-29,
20261008,730,670,60,rolling_horizon,seasonal_linear_regression,30,676,699,24,103.140705212,101.53375997022522,2025-11-30,
20261008,730,670,60,rolling_horizon,seasonal_linear_regression,30,676,700,25,113.8373914368,114.76221077402943,2025-12-01,
20261008,730,670,60,rolling_horizon,seasonal_linear_regression,30,676,701,26,128.6959921408,130.11464547822015,2025-12-02,
20261008,730,670,60,rolling_horizon,seasonal_linear_regression,30,676,702,27,124.9544385883,133.86452864877674,2025-12-03,
20261008,730,670,60,rolling_horizon,seasonal_linear_regression,30,676,703,28,123.0392046882,126.63931149375912,2025-12-04,
20261008,730,670,60,rolling_horizon,seasonal_linear_regression,30,676,704,29,112.0375299996,110.26406097388508,2025-12-05,
20261008,730,670,60,rolling_horizon,seasonal_linear_regression,30,676,705,30,94.7981017475,99.50505355267842,2025-12-06,
20261008,730,670,60,rolling_horizon,seasonal_linear_regression,30,677,677,1,85.6239730153,88.88000448298408,2025-11-08,
20261008,730,670,60,rolling_horizon,seasonal_linear_regression,30,677,678,2,88.7840059698,94.05197064767799,2025-11-09,
20261008,730,670,60,rolling_horizon,seasonal_linear_regression,30,677,679,3,105.4360307607,106.1474901910251,2025-11-10,
20261008,730,670,60,rolling_horizon,seasonal_linear_regression,30,677,680,4,130.1261804302,121.07205902387341,2025-11-11,
20261008,730,670,60,rolling_horizon,seasonal_linear_regression,30,677,681,5,120.2341328764,125.14548923459188,2025-11-12,
20261008,730,670,60,rolling_horizon,seasonal_linear_regression,30,677,682,6,116.4643974318,116.32158395586748,2025-11-13,
20261008,730,670,60,rolling_horizon,seasonal_linear_regression,30,677,683,7,91.643990521,102.01227884327909,2025-11-14,
20261008,730,670,60,rolling_horizon,seasonal_linear_regression,30,677,684,8,98.2022208221,92.01917225033276,2025-11-15,
20261008,730,670,60,rolling_horizon,seasonal_linear_regression,30,677,685,9,100.9062127562,95.28791454851262,2025-11-16,
20261008,730,670,60,rolling_horizon,seasonal_linear_regression,30,677,686,10,106.053250609,109.54110710117675,2025-11-17,
20261008,730,670,60,rolling_horizon,seasonal_linear_regression,30,677,687,11,116.1333607552,125.04778481138828,2025-11-18,
20261008,730,670,60,rolling_horizon,seasonal_linear_regression,30,677,688,12,131.4291834004,127.20267238622318,2025-11-19,
20261008,730,670,60,rolling_horizon,seasonal_linear_regression,30,677,689,13,117.2375226637,118.21003888523819,2025-11-20,
20261008,730,670,60,rolling_horizon,seasonal_linear_regression,30,677,690,14,104.4585069656,103.6459984802882,2025-11-21,
20261008,730,670,60,rolling_horizon,seasonal_linear_regression,30,677,691,15,101.0512216839,92.99826467413504,2025-11-22,
20261008,730,670,60,rolling_horizon,seasonal_linear_regression,30,677,692,16,106.7080803311,97.53179807033166,2025-11-23,
20261008,730,670,60,rolling_horizon,seasonal_linear_regression,30,677,693,17,104.8566719454,112.34434849548188,2025-11-24,
20261008,730,670,60,rolling_horizon,seasonal_linear_regression,30,677,694,18,141.7294464397,126.49838909677601,2025-11-25,
20261008,730,670,60,rolling_horizon,seasonal_linear_regression,30,677,695,19,130.7468418113,130.59854162431384,2025-11-26,
20261008,730,670,60,rolling_horizon,seasonal_linear_regression,30,677,696,20,128.4356754052,121.72475993976241,2025-11-27,
20261008,730,670,60,rolling_horizon,seasonal_linear_regression,30,677,697,21,106.0560514778,107.04260743653094,2025-11-28,
20261008,730,670,60,rolling_horizon,seasonal_linear_regression,30,677,698,22,87.0788274448,96.38617248150695,2025-11-29,
20261008,730,670,60,rolling_horizon,seasonal_linear_regression,30,677,699,23,103.140705212,101.59926895293347,2025-11-30,
20261008,730,670,60,rolling_horizon,seasonal_linear_regression,30,677,700,24,113.8373914368,114.81749223511224,2025-12-01,
20261008,730,670,60,rolling_horizon,seasonal_linear_regression,30,677,701,25,128.6959921408,130.17870052652825,2025-12-02,
20261008,730,670,60,rolling_horizon,seasonal_linear_regression,30,677,702,26,124.9544385883,133.93397433847758,2025-12-03,
20261008,730,670,60,rolling_horizon,seasonal_linear_regression,30,677,703,27,123.0392046882,126.71354984215395,2025-12-04,
20261008,730,670,60,rolling_horizon,seasonal_linear_regression,30,677,704,28,112.0375299996,110.17501650411577,2025-12-05,
20261008,730,670,60,rolling_horizon,seasonal_linear_regression,30,677,705,29,94.7981017475,99.54634895001846,2025-12-06,
20261008,730,670,60,rolling_horizon,seasonal_linear_regression,30,677,706,30,97.1541570139,105.6986383315575,2025-12-07,
20261008,730,670,60,rolling_horizon,seasonal_linear_regression,30,678,678,1,88.7840059698,94.0200755898577,2025-11-09,
20261008,730,670,60,rolling_horizon,seasonal_linear_regression,30,678,679,2,105.4360307607,106.02535109594191,2025-11-10,
20261008,730,670,60,rolling_horizon,seasonal_linear_regression,30,678,680,3,130.1261804302,120.97295088847977,2025-11-11,
20261008,730,670,60,rolling_horizon,seasonal_linear_regression,30,678,681,4,120.2341328764,125.0474206578233,2025-11-12,
20261008,730,670,60,rolling_horizon,seasonal_linear_regression,30,678,682,5,116.4643974318,116.23080147611608,2025-11-13,
20261008,730,670,60,rolling_horizon,seasonal_linear_regression,30,678,683,6,91.643990521,101.89724066473991,2025-11-14,
20261008,730,670,60,rolling_horizon,seasonal_linear_regression,30,678,684,7,98.2022208221,91.88958436471376,2025-11-15,
20261008,730,670,60,rolling_horizon,seasonal_linear_regression,30,678,685,8,100.9062127562,95.23329234639868,2025-11-16,
20261008,730,670,60,rolling_horizon,seasonal_linear_regression,30,678,686,9,106.053250609,109.51077123531104,2025-11-17,
20261008,730,670,60,rolling_horizon,seasonal_linear_regression,30,678,687,10,116.1333607552,125.02904685817111,2025-11-18,
20261008,730,670,60,rolling_horizon,seasonal_linear_regression,30,678,688,11,131.4291834004,127.15532433330009,2025-11-19,
20261008,730,670,60,rolling_horizon,seasonal_linear_regression,30,678,689,12,117.2375226637,118.16386520482092,2025-11-20,
20261008,730,670,60,rolling_horizon,seasonal_linear_regression,30,678,690,13,104.4585069656,103.61515305121111,2025-11-21,
20261008,730,670,60,rolling_horizon,seasonal_linear_regression,30,678,691,14,101.0512216839,92.82335853543555,2025-11-22,
20261008,730,670,60,rolling_horizon,seasonal_linear_regression,30,678,692,15,106.7080803311,97.47478316701199,2025-11-23,
20261008,730,670,60,rolling_horizon,seasonal_linear_regression,30,678,693,16,104.8566719454,112.30975213745933,2025-11-24,
20261008,730,670,60,rolling_horizon,seasonal_linear_regression,30,678,694,17,141.7294464397,126.41332723661799,2025-11-25,
20261008,730,670,60,rolling_horizon,seasonal_linear_regression,30,678,695,18,130.7468418113,130.56484558000147,2025-11-26,
20261008,730,670,60,rolling_horizon,seasonal_linear_regression,30,678,696,19,128.4356754052,121.67474058621974,2025-11-27,
20261008,730,670,60,rolling_horizon,seasonal_linear_regression,30,678,697,20,106.0560514778,106.99025359752613,2025-11-28,
20261008,730,670,60,rolling_horizon,seasonal_linear_regression,30,678,698,21,87.0788274448,96.23013464067208,2025-11-29,
20261008,730,670,60,rolling_horizon,seasonal_linear_regression,30,678,699,22,103.140705212,101.54504488688735,2025-11-30,
20261008,730,670,60,rolling_horizon,seasonal_linear_regression,30,678,700,23,113.8373914368,114.7434274107759,2025-12-01,
20261008,730,670,60,rolling_horizon,seasonal_linear_regression,30,678,701,24,128.6959921408,130.10805908562088,2025-12-02,
20261008,730,670,60,rolling_horizon,seasonal_linear_regression,30,678,702,25,124.9544385883,133.8584876770351,2025-12-03,
20261008,730,670,60,rolling_horizon,seasonal_linear_regression,30,678,703,26,123.0392046882,126.65187617865377,2025-12-04,
20261008,730,670,60,rolling_horizon,seasonal_linear_regression,30,678,704,27,112.0375299996,110.08664305410548,2025-12-05,
20261008,730,670,60,rolling_horizon,seasonal_linear_regression,30,678,705,28,94.7981017475,99.64737367794623,2025-12-06,
20261008,730,670,60,rolling_horizon,seasonal_linear_regression,30,678,706,29,97.1541570139,105.66010017214103,2025-12-07,
20261008,730,670,60,rolling_horizon,seasonal_linear_regression,30,678,707,30,116.0552552441,118.93304553291955,2025-12-08,
20261008,730,670,60,rolling_horizon,seasonal_linear_regression,30,679,679,1,105.4360307607,105.95348643479474,2025-11-10,
20261008,730,670,60,rolling_horizon,seasonal_linear_regression,30,679,680,2,130.1261804302,120.82780688180355,2025-11-11,
20261008,730,670,60,rolling_horizon,seasonal_linear_regression,30,679,681,3,120.2341328764,124.9003524269142,2025-11-12,
20261008,730,670,60,rolling_horizon,seasonal_linear_regression,30,679,682,4,116.4643974318,116.11593386857112,2025-11-13,
20261008,730,670,60,rolling_horizon,seasonal_linear_regression,30,679,683,5,91.643990521,101.7751304001099,2025-11-14,
20261008,730,670,60,rolling_horizon,seasonal_linear_regression,30,679,684,6,98.2022208221,91.70231191271023,2025-11-15,
20261008,730,670,60,rolling_horizon,seasonal_linear_regression,30,679,685,7,100.9062127562,95.05367483474356,2025-11-16,
20261008,730,670,60,rolling_horizon,seasonal_linear_regression,30,679,686,8,106.053250609,109.4623010066307,2025-11-17,
20261008,730,670,60,rolling_horizon,seasonal_linear_regression,30,679,687,9,116.1333607552,124.95274385296216,2025-11-18,
20261008,730,670,60,rolling_horizon,seasonal_linear_regression,30,679,688,10,131.4291834004,127.10257324341637,2025-11-19,
20261008,730,670,60,rolling_horizon,seasonal_linear_regression,30,679,689,11,117.2375226637,118.14171059949786,2025-11-20,
20261008,730,670,60,rolling_horizon,seasonal_linear_regression,30,679,690,12,104.4585069656,103.55582576759707,2025-11-21,
20261008,730,670,60,rolling_horizon,seasonal_linear_regression,30,679,691,13,101.0512216839,92.8014203372727,2025-11-22,
20261008,730,670,60,rolling_horizon,seasonal_linear_regression,30,679,692,14,106.7080803311,97.22908005036152,2025-11-23,
20261008,730,670,60,rolling_horizon,seasonal_linear_regression,30,679,693,15,104.8566719454,112.2360928469875,2025-11-24,
20261008,730,670,60,rolling_horizon,seasonal_linear_regression,30,679,694,16,141.7294464397,126.3407896659819,2025-11-25,
20261008,730,670,60,rolling_horizon,seasonal_linear_regression,30,679,695,17,130.7468418113,130.46706058174823,2025-11-26,
20261008,730,670,60,rolling_horizon,seasonal_linear_regression,30,679,696,18,128.4356754052,121.6034681409783,2025-11-27,
20261008,730,670,60,rolling_horizon,seasonal_linear_regression,30,679,697,19,106.0560514778,106.90709072345362,2025-11-28,
20261008,730,670,60,rolling_horizon,seasonal_linear_regression,30,679,698,20,87.0788274448,96.14730784507219,2025-11-29,
20261008,730,670,60,rolling_horizon,seasonal_linear_regression,30,679,699,21,103.140705212,101.3226569340668,2025-11-30,
20261008,730,670,60,rolling_horizon,seasonal_linear_regression,30,679,700,22,113.8373914368,114.65113120302522,2025-12-01,
20261008,730,670,60,rolling_horizon,seasonal_linear_regression,30,679,701,23,128.6959921408,130.00663498890208,2025-12-02,
20261008,730,670,60,rolling_horizon,seasonal_linear_regression,30,679,702,24,124.9544385883,133.7617653804914,2025-12-03,
20261008,730,670,60,rolling_horizon,seasonal_linear_regression,30,679,703,25,123.0392046882,126.51129145271307,2025-12-04,
20261008,730,670,60,rolling_horizon,seasonal_linear_regression,30,679,704,26,112.0375299996,109.98248169206272,2025-12-05,
20261008,730,670,60,rolling_horizon,seasonal_linear_regression,30,679,705,27,94.7981017475,99.57507190622846,2025-12-06,
20261008,730,670,60,rolling_horizon,seasonal_linear_regression,30,679,706,28,97.1541570139,105.81108993913404,2025-12-07,
20261008,730,670,60,rolling_horizon,seasonal_linear_regression,30,679,707,29,116.0552552441,118.85028739172276,2025-12-08,
20261008,730,670,60,rolling_horizon,seasonal_linear_regression,30,679,708,30,124.9869441925,133.15193114854173,2025-12-09,
20261008,730,670,60,rolling_horizon,seasonal_linear_regression,30,680,680,1,130.1261804302,120.8208626798696,2025-11-11,
20261008,730,670,60,rolling_horizon,seasonal_linear_regression,30,680,681,2,120.2341328764,124.88139314837417,2025-11-12,
20261008,730,670,60,rolling_horizon,seasonal_linear_regression,30,680,682,3,116.4643974318,116.10102217188069,2025-11-13,
20261008,730,670,60,rolling_horizon,seasonal_linear_regression,30,680,683,4,91.643990521,101.7576627286171,2025-11-14,
20261008,730,670,60,rolling_horizon,seasonal_linear_regression,30,680,684,5,98.2022208221,91.68810094008495,2025-11-15,
20261008,730,670,60,rolling_horizon,seasonal_linear_regression,30,680,685,6,100.9062127562,95.03517496434142,2025-11-16,
20261008,730,670,60,rolling_horizon,seasonal_linear_regression,30,680,686,7,106.053250609,109.44166283461846,2025-11-17,
20261008,730,670,60,rolling_horizon,seasonal_linear_regression,30,680,687,8,116.1333607552,124.94932101852191,2025-11-18,
20261008,730,670,60,rolling_horizon,seasonal_linear_regression,30,680,688,9,131.4291834004,127.09528790781769,2025-11-19,
20261008,730,670,60,rolling_horizon,seasonal_linear_regression,30,680,689,10,117.2375226637,118.13425863931934,2025-11-20,
20261008,730,670,60,rolling_horizon,seasonal_linear_regression,30,680,690,11,104.4585069656,103.55213921740096,2025-11-21,
20261008,730,670,60,rolling_horizon,seasonal_linear_regression,30,680,691,12,101.0512216839,92.79524598723947,2025-11-22,
20261008,730,670,60,rolling_horizon,seasonal_linear_regression,30,680,692,13,106.7080803311,97.2193082768872,2025-11-23,
20261008,730,670,60,rolling_horizon,seasonal_linear_regression,30,680,693,14,104.8566719454,112.21127355103636,2025-11-24,
20261008,730,670,60,rolling_horizon,seasonal_linear_regression,30,680,694,15,141.7294464397,126.32943953138647,2025-11-25,
20261008,730,670,60,rolling_horizon,seasonal_linear_regression,30,680,695,16,130.7468418113,130.46070925116373,2025-11-26,
20261008,730,670,60,rolling_horizon,seasonal_linear_regression,30,680,696,17,128.4356754052,121.59640714406123,2025-11-27,
20261008,730,670,60,rolling_horizon,seasonal_linear_regression,30,680,697,18,106.0560514778,106.90025178266842,2025-11-28,
20261008,730,670,60,rolling_horizon,seasonal_linear_regression,30,680,698,19,87.0788274448,96.13629346353446,2025-11-29,
20261008,730,670,60,rolling_horizon,seasonal_linear_regression,30,680,699,20,103.140705212,101.31377747690658,2025-11-30,
20261008,730,670,60,rolling_horizon,seasonal_linear_regression,30,680,700,21,113.8373914368,114.62989050812075,2025-12-01,
20261008,730,670,60,rolling_horizon,seasonal_linear_regression,30,680,701,22,128.6959921408,129.99734173294019,2025-12-02,
20261008,730,670,60,rolling_horizon,seasonal_linear_regression,30,680,702,23,124.9544385883,133.7515918499803,2025-12-03,
20261008,730,670,60,rolling_horizon,seasonal_linear_regression,30,680,703,24,123.0392046882,126.50022535135395,2025-12-04,
20261008,730,670,60,rolling_horizon,seasonal_linear_regression,30,680,704,25,112.0375299996,109.97020518357522,2025-12-05,
20261008,730,670,60,rolling_horizon,seasonal_linear_regression,30,680,705,26,94.7981017475,99.56569228023864,2025-12-06,
20261008,730,670,60,rolling_horizon,seasonal_linear_regression,30,680,706,27,97.1541570139,105.79915234374084,2025-12-07,
20261008,730,670,60,rolling_horizon,seasonal_linear_regression,30,680,707,28,116.0552552441,118.86721712719418,2025-12-08,
20261008,730,670,60,rolling_horizon,seasonal_linear_regression,30,680,708,29,124.9869441925,133.14602911351585,2025-12-09,
20261008,730,670,60,rolling_horizon,seasonal_linear_regression,30,680,709,30,133.985128528,136.86823659420634,2025-12-10,
20261008,730,670,60,rolling_horizon,seasonal_linear_regression,30,681,681,1,120.2341328764,124.97838508601035,2025-11-12,
20261008,730,670,60,rolling_horizon,seasonal_linear_regression,30,681,682,2,116.4643974318,116.32048140059851,2025-11-13,
20261008,730,670,60,rolling_horizon,seasonal_linear_regression,30,681,683,3,91.643990521,101.96204161137484,2025-11-14,
20261008,730,670,60,rolling_horizon,seasonal_linear_regression,30,681,684,4,98.2022208221,92.02585941720372,2025-11-15,
20261008,730,670,60,rolling_horizon,seasonal_linear_regression,30,681,685,5,100.9062127562,95.29244841004629,2025-11-16,
20261008,730,670,60,rolling_horizon,seasonal_linear_regression,30,681,686,6,106.053250609,109.69649918898267,2025-11-17,
20261008,730,670,60,rolling_horizon,seasonal_linear_regression,30,681,687,7,116.1333607552,125.25182302968506,2025-11-18,
20261008,730,670,60,rolling_horizon,seasonal_linear_regression,30,681,688,8,131.4291834004,127.16911082035631,2025-11-19,
20261008,730,670,60,rolling_horizon,seasonal_linear_regression,30,681,689,9,117.2375226637,118.20352251290797,2025-11-20,
20261008,730,670,60,rolling_horizon,seasonal_linear_regression,30,681,690,10,104.4585069656,103.68640718403913,2025-11-21,
20261008,730,670,60,rolling_horizon,seasonal_linear_regression,30,681,691,11,101.0512216839,92.87879220840205,2025-11-22,
20261008,730,670,60,rolling_horizon,seasonal_linear_regression,30,681,692,12,106.7080803311,97.3352893181841,2025-11-23,
20261008,730,670,60,rolling_horizon,seasonal_linear_regression,30,681,693,13,104.8566719454,112.26918016884338,2025-11-24,
20261008,730,670,60,rolling_horizon,seasonal_linear_regression,30,681,694,14,141.7294464397,126.97994223883961,2025-11-25,
20261008,730,670,60,rolling_horizon,seasonal_linear_regression,30,681,695,15,130.7468418113,130.54183031264074,2025-11-26,
20261008,730,670,60,rolling_horizon,seasonal_linear_regression,30,681,696,16,128.4356754052,121.7300840781777,2025-11-27,
20261008,730,670,60,rolling_horizon,seasonal_linear_regression,30,681,697,17,106.0560514778,107.0455343498902,2025-11-28,
20261008,730,670,60,rolling_horizon,seasonal_linear_regression,30,681,698,18,87.0788274448,96.37533931631606,2025-11-29,
20261008,730,670,60,rolling_horizon,seasonal_linear_regression,30,681,699,19,103.140705212,101.46000766065617,2025-11-30,
20261008,730,670,60,rolling_horizon,seasonal_linear_regression,30,681,700,20,113.8373914368,114.82790165253937,2025-12-01,
20261008,730,670,60,rolling_horizon,seasonal_linear_regression,30,681,701,21,128.6959921408,130.40780582057323,2025-12-02,
20261008,730,670,60,rolling_horizon,seasonal_linear_regression,30,681,702,22,124.9544385883,133.9371487554522,2025-12-03,
20261008,730,670,60,rolling_horizon,seasonal_linear_regression,30,681,703,23,123.0392046882,126.62107802021956,2025-12-04,
20261008,730,670,60,rolling_horizon,seasonal_linear_regression,30,681,704,24,112.0375299996,110.19046971046055,2025-12-05,
20261008,730,670,60,rolling_horizon,seasonal_linear_regression,30,681,705,25,94.7981017475,99.78284389889677,2025-12-06,
20261008,730,670,60,rolling_horizon,seasonal_linear_regression,30,681,706,26,97.1541570139,105.94014963606242,2025-12-07,
20261008,730,670,60,rolling_horizon,seasonal_linear_regression,30,681,707,27,116.0552552441,119.04100779700639,2025-12-08,
20261008,730,670,60,rolling_horizon,seasonal_linear_regression,30,681,708,28,124.9869441925,132.90200301716368,2025-12-09,
20261008,730,670,60,rolling_horizon,seasonal_linear_regression,30,681,709,29,133.985128528,136.95492051542533,2025-12-10,
20261008,730,670,60,rolling_horizon,seasonal_linear_regression,30,681,710,30,129.1625511456,128.27931756114958,2025-12-11,
20261008,730,670,60,rolling_horizon,seasonal_linear_regression,30,682,682,1,116.4643974318,116.26848395496245,2025-11-13,
20261008,730,670,60,rolling_horizon,seasonal_linear_regression,30,682,683,2,91.643990521,101.84206263353099,2025-11-14,
20261008,730,670,60,rolling_horizon,seasonal_linear_regression,30,682,684,3,98.2022208221,91.92015017003541,2025-11-15,
20261008,730,670,60,rolling_horizon,seasonal_linear_regression,30,682,685,4,100.9062127562,95.15310942212,2025-11-16,
20261008,730,670,60,rolling_horizon,seasonal_linear_regression,30,682,686,5,106.053250609,109.5752571321882,2025-11-17,
20261008,730,670,60,rolling_horizon,seasonal_linear_regression,30,682,687,6,116.1333607552,125.10782554603384,2025-11-18,
20261008,730,670,60,rolling_horizon,seasonal_linear_regression,30,682,688,7,131.4291834004,126.94746931548207,2025-11-19,
20261008,730,670,60,rolling_horizon,seasonal_linear_regression,30,682,689,8,117.2375226637,118.1465682870471,2025-11-20,
20261008,730,670,60,rolling_horizon,seasonal_linear_regression,30,682,690,9,104.4585069656,103.65230227833763,2025-11-21,
20261008,730,670,60,rolling_horizon,seasonal_linear_regression,30,682,691,10,101.0512216839,92.82342320537919,2025-11-22,
20261008,730,670,60,rolling_horizon,seasonal_linear_regression,30,682,692,11,106.7080803311,97.26490728759836,2025-11-23,
20261008,730,670,60,rolling_horizon,seasonal_linear_regression,30,682,693,12,104.8566719454,112.20839644391208,2025-11-24,
20261008,730,670,60,rolling_horizon,seasonal_linear_regression,30,682,694,13,141.7294464397,126.92077680528018,2025-11-25,
20261008,730,670,60,rolling_horizon,seasonal_linear_regression,30,682,695,14,130.7468418113,130.20510739695828,2025-11-26,
20261008,730,670,60,rolling_horizon,seasonal_linear_regression,30,682,696,15,128.4356754052,121.65802743317954,2025-11-27,
20261008,730,670,60,rolling_horizon,seasonal_linear_regression,30,682,697,16,106.0560514778,106.9785274846131,2025-11-28,
20261008,730,670,60,rolling_horizon,seasonal_linear_regression,30,682,698,17,87.0788274448,96.29386797629013,2025-11-29,
20261008,730,670,60,rolling_horizon,seasonal_linear_regression,30,682,699,18,103.140705212,101.37334396151846,2025-11-30,
20261008,730,670,60,rolling_horizon,seasonal_linear_regression,30,682,700,19,113.8373914368,114.73640589148181,2025-12-01,
20261008,730,670,60,rolling_horizon,seasonal_linear_regression,30,682,701,20,128.6959921408,130.31772650870062,2025-12-02,
20261008,730,670,60,rolling_horizon,seasonal_linear_regression,30,682,702,21,124.9544385883,133.7387213312618,2025-12-03,
20261008,730,670,60,rolling_horizon,seasonal_linear_regression,30,682,703,22,123.0392046882,126.51064912958964,2025-12-04,
20261008,730,670,60,rolling_horizon,seasonal_linear_regression,30,682,704,23,112.0375299996,110.08081545235018,2025-12-05,
20261008,730,670,60,rolling_horizon,seasonal_linear_regression,30,682,705,24,94.7981017475,99.70654287927528,2025-12-06,
20261008,730,670,60,rolling_horizon,seasonal_linear_regression,30,682,706,25,97.1541570139,105.83293975904962,2025-12-07,
20261008,730,670,60,rolling_horizon,seasonal_linear_regression,30,682,707,26,116.0552552441,118.9163832017257,2025-12-08,
20261008,730,670,60,rolling_horizon,seasonal_linear_regression,30,682,708,27,124.9869441925,132.77983731032464,2025-12-09,
20261008,730,670,60,rolling_horizon,seasonal_linear_regression,30,682,709,28,133.985128528,137.07002056751116,2025-12-10,
20261008,730,670,60,rolling_horizon,seasonal_linear_regression,30,682,710,29,129.1625511456,128.2285370610971,2025-12-11,
20261008,730,670,60,rolling_horizon,seasonal_linear_regression,30,682,711,30,102.4427018659,113.38854756889896,2025-12-12,
20261008,730,670,60,rolling_horizon,seasonal_linear_regression,30,683,683,1,91.643990521,101.84516710195794,2025-11-14,
20261008,730,670,60,rolling_horizon,seasonal_linear_regression,30,683,684,2,98.2022208221,91.9230662210457,2025-11-15,
20261008,730,670,60,rolling_horizon,seasonal_linear_regression,30,683,685,3,100.9062127562,95.15870846050848,2025-11-16,
20261008,730,670,60,rolling_horizon,seasonal_linear_regression,30,683,686,4,106.053250609,109.57930581199389,2025-11-17,
20261008,730,670,60,rolling_horizon,seasonal_linear_regression,30,683,687,5,116.1333607552,125.1106151987733,2025-11-18,
20261008,730,670,60,rolling_horizon,seasonal_linear_regression,30,683,688,6,131.4291834004,126.95190799088004,2025-11-19,
20261008,730,670,60,rolling_horizon,seasonal_linear_regression,30,683,689,7,117.2375226637,118.15546875408108,2025-11-20,
20261008,730,670,60,rolling_horizon,seasonal_linear_regression,30,683,690,8,104.4585069656,103.65311821829619,2025-11-21,
20261008,730,670,60,rolling_horizon,seasonal_linear_regression,30,683,691,9,101.0512216839,92.8271888825775,2025-11-22,
20261008,730,670,60,rolling_horizon,seasonal_linear_regression,30,683,692,10,106.7080803311,97.26764293616588,2025-11-23,
20261008,730,670,60,rolling_horizon,seasonal_linear_regression,30,683,693,11,104.8566719454,112.21056840142592,2025-11-24,
20261008,730,670,60,rolling_horizon,seasonal_linear_regression,30,683,694,12,141.7294464397,126.91985632345359,2025-11-25,
20261008,730,670,60,rolling_horizon,seasonal_linear_regression,30,683,695,13,130.7468418113,130.2076879776664,2025-11-26,
20261008,730,670,60,rolling_horizon,seasonal_linear_regression,30,683,696,14,128.4356754052,121.67240235664576,2025-11-27,
20261008,730,670,60,rolling_horizon,seasonal_linear_regression,30,683,697,15,106.0560514778,106.98235817926115,2025-11-28,
20261008,730,670,60,rolling_horizon,seasonal_linear_regression,30,683,698,16,87.0788274448,96.2966440001569,2025-11-29,
20261008,730,670,60,rolling_horizon,seasonal_linear_regression,30,683,699,17,103.140705212,101.37628438453703,2025-11-30,
20261008,730,670,60,rolling_horizon,seasonal_linear_regression,30,683,700,18,113.8373914368,114.73940499801029,2025-12-01,
20261008,730,670,60,rolling_horizon,seasonal_linear_regression,30,683,701,19,128.6959921408,130.32141924390544,2025-12-02,
20261008,730,670,60,rolling_horizon,seasonal_linear_regression,30,683,702,20,124.9544385883,133.74317286040696,2025-12-03,
20261008,730,670,60,rolling_horizon,seasonal_linear_regression,30,683,703,21,123.0392046882,126.51736467715273,2025-12-04,
20261008,730,670,60,rolling_horizon,seasonal_linear_regression,30,683,704,22,112.0375299996,110.08418824649789,2025-12-05,
20261008,730,670,60,rolling_horizon,seasonal_linear_regression,30,683,705,23,94.7981017475,99.71382142135371,2025-12-06,
20261008,730,670,60,rolling_horizon,seasonal_linear_regression,30,683,706,24,97.1541570139,105.83526458762844,2025-12-07,
20261008,730,670,60,rolling_horizon,seasonal_linear_regression,30,683,707,25,116.0552552441,118.91825066452157,2025-12-08,
20261008,730,670,60,rolling_horizon,seasonal_linear_regression,30,683,708,26,124.9869441925,132.78350526891336,2025-12-09,
20261008,730,670,60,rolling_horizon,seasonal_linear_regression,30,683,709,27,133.985128528,137.07396783092827,2025-12-10,
20261008,730,670,60,rolling_horizon,seasonal_linear_regression,30,683,710,28,129.1625511456,128.2248879385993,2025-12-11,
20261008,730,670,60,rolling_horizon,seasonal_linear_regression,30,683,711,29,102.4427018659,113.39323581400276,2025-12-12,
20261008,730,670,60,rolling_horizon,seasonal_linear_regression,30,683,712,30,97.2419952584,104.04140244101609,2025-12-13,
20261008,730,670,60,rolling_horizon,seasonal_linear_regression,30,684,684,1,98.2022208221,91.90160362081906,2025-11-15,
20261008,730,670,60,rolling_horizon,seasonal_linear_regression,30,684,685,2,100.9062127562,94.89778545846957,2025-11-16,
20261008,730,670,60,rolling_horizon,seasonal_linear_regression,30,684,686,3,106.053250609,109.36268462851694,2025-11-17,
20261008,730,670,60,rolling_horizon,seasonal_linear_regression,30,684,687,4,116.1333607552,124.84468948574022,2025-11-18,
20261008,730,670,60,rolling_horizon,seasonal_linear_regression,30,684,688,5,131.4291834004,126.73337720222571,2025-11-19,
20261008,730,670,60,rolling_horizon,seasonal_linear_regression,30,684,689,6,117.2375226637,117.84825300499688,2025-11-20,
20261008,730,670,60,rolling_horizon,seasonal_linear_regression,30,684,690,7,104.4585069656,103.35462137297691,2025-11-21,
20261008,730,670,60,rolling_horizon,seasonal_linear_regression,30,684,691,8,101.0512216839,92.72333159603022,2025-11-22,
20261008,730,670,60,rolling_horizon,seasonal_linear_regression,30,684,692,9,106.7080803311,97.17095235618126,2025-11-23,
20261008,730,670,60,rolling_horizon,seasonal_linear_regression,30,684,693,10,104.8566719454,112.12921091256794,2025-11-24,
20261008,730,670,60,rolling_horizon,seasonal_linear_regression,30,684,694,11,141.7294464397,126.93270656930054,2025-11-25,
20261008,730,670,60,rolling_horizon,seasonal_linear_regression,30,684,695,12,130.7468418113,130.10632869783603,2025-11-26,
20261008,730,670,60,rolling_horizon,seasonal_linear_regression,30,684,696,13,128.4356754052,121.55431247614752,2025-11-27,
20261008,730,670,60,rolling_horizon,seasonal_linear_regression,30,684,697,14,106.0560514778,106.24283889002572,2025-11-28,
20261008,730,670,60,rolling_horizon,seasonal_linear_regression,30,684,698,15,87.0788274448,96.20631365912186,2025-11-29,
20261008,730,670,60,rolling_horizon,seasonal_linear_regression,30,684,699,16,103.140705212,101.25813859350683,2025-11-30,
20261008,730,670,60,rolling_horizon,seasonal_linear_regression,30,684,700,17,113.8373914368,114.60575167804109,2025-12-01,
20261008,730,670,60,rolling_horizon,seasonal_linear_regression,30,684,701,18,128.6959921408,130.16500671722633,2025-12-02,
20261008,730,670,60,rolling_horizon,seasonal_linear_regression,30,684,702,19,124.9544385883,133.5591688775662,2025-12-03,
20261008,730,670,60,rolling_horizon,seasonal_linear_regression,30,684,703,20,123.0392046882,126.37389485838912,2025-12-04,
20261008,730,670,60,rolling_horizon,seasonal_linear_regression,30,684,704,21,112.0375299996,109.6972815927611,2025-12-05,
20261008,730,670,60,rolling_horizon,seasonal_linear_regression,30,684,705,22,94.7981017475,99.46644429212483,2025-12-06,
20261008,730,670,60,rolling_horizon,seasonal_linear_regression,30,684,706,23,97.1541570139,105.6832781614221,2025-12-07,
20261008,730,670,60,rolling_horizon,seasonal_linear_regression,30,684,707,24,116.0552552441,118.78257052457002,2025-12-08,
20261008,730,670,60,rolling_horizon,seasonal_linear_regression,30,684,708,25,124.9869441925,132.6045359094519,2025-12-09,
20261008,730,670,60,rolling_horizon,seasonal_linear_regression,30,684,709,26,133.985128528,136.89551967312764,2025-12-10,
20261008,730,670,60,rolling_horizon,seasonal_linear_regression,30,684,710,27,129.1625511456,127.97868046697658,2025-12-11,
20261008,730,670,60,rolling_horizon,seasonal_linear_regression,30,684,711,28,102.4427018659,113.60284700677994,2025-12-12,
20261008,730,670,60,rolling_horizon,seasonal_linear_regression,30,684,712,29,97.2419952584,103.90310214426927,2025-12-13,
20261008,730,670,60,rolling_horizon,seasonal_linear_regression,30,684,713,30,114.2274385444,109.19782722273385,2025-12-14,
20261008,730,670,60,rolling_horizon,seasonal_linear_regression,30,685,685,1,100.9062127562,94.90845525957684,2025-11-16,
20261008,730,670,60,rolling_horizon,seasonal_linear_regression,30,685,686,2,106.053250609,109.53993571201181,2025-11-17,
20261008,730,670,60,rolling_horizon,seasonal_linear_regression,30,685,687,3,116.1333607552,124.98829392063226,2025-11-18,
20261008,730,670,60,rolling_horizon,seasonal_linear_regression,30,685,688,4,131.4291834004,126.92768736749258,2025-11-19,
20261008,730,670,60,rolling_horizon,seasonal_linear_regression,30,685,689,5,117.2375226637,117.98180981802125,2025-11-20,
20261008,730,670,60,rolling_horizon,seasonal_linear_regression,30,685,690,6,104.4585069656,103.57017751789772,2025-11-21,
20261008,730,670,60,rolling_horizon,seasonal_linear_regression,30,685,691,7,101.0512216839,92.84751445763914,2025-11-22,
20261008,730,670,60,rolling_horizon,seasonal_linear_regression,30,685,692,8,106.7080803311,97.18028453128181,2025-11-23,
20261008,730,670,60,rolling_horizon,seasonal_linear_regression,30,685,693,9,104.8566719454,112.14042671939978,2025-11-24,
20261008,730,670,60,rolling_horizon,seasonal_linear_regression,30,685,694,10,141.7294464397,127.0620063141887,2025-11-25,
20261008,730,670,60,rolling_horizon,seasonal_linear_regression,30,685,695,11,130.7468418113,130.11688081337434,2025-11-26,
20261008,730,670,60,rolling_horizon,seasonal_linear_regression,30,685,696,12,128.4356754052,121.57112705034297,2025-11-27,
20261008,730,670,60,rolling_horizon,seasonal_linear_regression,30,685,697,13,106.0560514778,106.22042339589052,2025-11-28,
20261008,730,670,60,rolling_horizon,seasonal_linear_regression,30,685,698,14,87.0788274448,96.69742769138111,2025-11-29,
20261008,730,670,60,rolling_horizon,seasonal_linear_regression,30,685,699,15,103.140705212,101.30594717497434,2025-11-30,
20261008,730,670,60,rolling_horizon,seasonal_linear_regression,30,685,700,16,113.8373914368,114.6779257820549,2025-12-01,
20261008,730,670,60,rolling_horizon,seasonal_linear_regression,30,685,701,17,128.6959921408,130.24274655687077,2025-12-02,
20261008,730,670,60,rolling_horizon,seasonal_linear_regression,30,685,702,18,124.9544385883,133.63175751709878,2025-12-03,
20261008,730,670,60,rolling_horizon,seasonal_linear_regression,30,685,703,19,123.0392046882,126.47761118485369,2025-12-04,
20261008,730,670,60,rolling_horizon,seasonal_linear_regression,30,685,704,20,112.0375299996,109.79919705748034,2025-12-05,
20261008,730,670,60,rolling_horizon,seasonal_linear_regression,30,685,705,21,94.7981017475,99.63472005087851,2025-12-06,
20261008,730,670,60,rolling_horizon,seasonal_linear_regression,30,685,706,22,97.1541570139,105.80104157401365,2025-12-07,
20261008,730,670,60,rolling_horizon,seasonal_linear_regression,30,685,707,23,116.0552552441,118.90561067559383,2025-12-08,
20261008,730,670,60,rolling_horizon,seasonal_linear_regression,30,685,708,24,124.9869441925,132.73253109341113,2025-12-09,
20261008,730,670,60,rolling_horizon,seasonal_linear_regression,30,685,709,25,133.985128528,137.00213095665003,2025-12-10,
20261008,730,670,60,rolling_horizon,seasonal_linear_regression,30,685,710,26,129.1625511456,128.0523946387384,2025-12-11,
20261008,730,670,60,rolling_horizon,seasonal_linear_regression,30,685,711,27,102.4427018659,113.64933048691364,2025-12-12,
20261008,730,670,60,rolling_horizon,seasonal_linear_regression,30,685,712,28,97.2419952584,103.74102906551025,2025-12-13,
20261008,730,670,60,rolling_horizon,seasonal_linear_regression,30,685,713,29,114.2274385444,109.28156616928027,2025-12-14,
20261008,730,670,60,rolling_horizon,seasonal_linear_regression,30,685,714,30,124.6821661264,121.98818053871491,2025-12-15,
20261008,730,670,60,rolling_horizon,seasonal_linear_regression,30,686,686,1,106.053250609,109.57399657248698,2025-11-17,
20261008,730,670,60,rolling_horizon,seasonal_linear_regression,30,686,687,2,116.1333607552,125.08061440030133,2025-11-18,
20261008,730,670,60,rolling_horizon,seasonal_linear_regression,30,686,688,3,131.4291834004,127.09916857387134,2025-11-19,
20261008,730,670,60,rolling_horizon,seasonal_linear_regression,30,686,689,4,117.2375226637,118.14890010838644,2025-11-20,
20261008,730,670,60,rolling_horizon,seasonal_linear_regression,30,686,690,5,104.4585069656,103.72056106949549,2025-11-21,
20261008,730,670,60,rolling_horizon,seasonal_linear_regression,30,686,691,6,101.0512216839,92.9893894775314,2025-11-22,
20261008,730,670,60,rolling_horizon,seasonal_linear_regression,30,686,692,7,106.7080803311,97.36991351366487,2025-11-23,
20261008,730,670,60,rolling_horizon,seasonal_linear_regression,30,686,693,8,104.8566719454,112.13621516893318,2025-11-24,
20261008,730,670,60,rolling_horizon,seasonal_linear_regression,30,686,694,9,141.7294464397,127.10795907689635,2025-11-25,
20261008,730,670,60,rolling_horizon,seasonal_linear_regression,30,686,695,10,130.7468418113,130.14645241139078,2025-11-26,
20261008,730,670,60,rolling_horizon,seasonal_linear_regression,30,686,696,11,128.4356754052,121.61620736165605,2025-11-27,
20261008,730,670,60,rolling_horizon,seasonal_linear_regression,30,686,697,12,106.0560514778,106.28544258784268,2025-11-28,
20261008,730,670,60,rolling_horizon,seasonal_linear_regression,30,686,698,13,87.0788274448,96.76200500789764,2025-11-29,
20261008,730,670,60,rolling_horizon,seasonal_linear_regression,30,686,699,14,103.140705212,101.72594746218692,2025-11-30,
20261008,730,670,60,rolling_horizon,seasonal_linear_regression,30,686,700,15,113.8373914368,114.73739044704371,2025-12-01,
20261008,730,670,60,rolling_horizon,seasonal_linear_regression,30,686,701,16,128.6959921408,130.31630193642332,2025-12-02,
20261008,730,670,60,rolling_horizon,seasonal_linear_regression,30,686,702,17,124.9544385883,133.72037707557047,2025-12-03,
20261008,730,670,60,rolling_horizon,seasonal_linear_regression,30,686,703,18,123.0392046882,126.54465525104342,2025-12-04,
20261008,730,670,60,rolling_horizon,seasonal_linear_regression,30,686,704,19,112.0375299996,109.9104988386589,2025-12-05,
20261008,730,670,60,rolling_horizon,seasonal_linear_regression,30,686,705,20,94.7981017475,99.74142301652637,2025-12-06,
20261008,730,670,60,rolling_horizon,seasonal_linear_regression,30,686,706,21,97.1541570139,105.99637172397615,2025-12-07,
20261008,730,670,60,rolling_horizon,seasonal_linear_regression,30,686,707,22,116.0552552441,118.98508773733101,2025-12-08,
20261008,730,670,60,rolling_horizon,seasonal_linear_regression,30,686,708,23,124.9869441925,132.86752045206595,2025-12-09,
20261008,730,670,60,rolling_horizon,seasonal_linear_regression,30,686,709,24,133.985128528,137.07370544166815,2025-12-10,
20261008,730,670,60,rolling_horizon,seasonal_linear_regression,30,686,710,25,129.1625511456,128.16842392160925,2025-12-11,
20261008,730,670,60,rolling_horizon,seasonal_linear_regression,30,686,711,26,102.4427018659,113.74246904967185,2025-12-12,
20261008,730,670,60,rolling_horizon,seasonal_linear_regression,30,686,712,27,97.2419952584,103.90018700136943,2025-12-13,
20261008,730,670,60,rolling_horizon,seasonal_linear_regression,30,686,713,28,114.2274385444,109.14272537821626,2025-12-14,
20261008,730,670,60,rolling_horizon,seasonal_linear_regression,30,686,714,29,124.6821661264,122.06134042934036,2025-12-15,
20261008,730,670,60,rolling_horizon,seasonal_linear_regression,30,686,715,30,137.1927210045,138.58231066438293,2025-12-16,
20261008,730,670,60,rolling_horizon,seasonal_linear_regression,30,687,687,1,116.1333607552,125.0625877965931,2025-11-18,
20261008,730,670,60,rolling_horizon,seasonal_linear_regression,30,687,688,2,131.4291834004,127.00510479668446,2025-11-19,
20261008,730,670,60,rolling_horizon,seasonal_linear_regression,30,687,689,3,117.2375226637,118.0689054451027,2025-11-20,
20261008,730,670,60,rolling_horizon,seasonal_linear_regression,30,687,690,4,104.4585069656,103.62797892447816,2025-11-21,
20261008,730,670,60,rolling_horizon,seasonal_linear_regression,30,687,691,5,101.0512216839,92.91621154054292,2025-11-22,
20261008,730,670,60,rolling_horizon,seasonal_linear_regression,30,687,692,6,106.7080803311,97.28707134925025,2025-11-23,
20261008,730,670,60,rolling_horizon,seasonal_linear_regression,30,687,693,7,104.8566719454,112.04662368639629,2025-11-24,
20261008,730,670,60,rolling_horizon,seasonal_linear_regression,30,687,694,8,141.7294464397,127.07412315315969,2025-11-25,
20261008,730,670,60,rolling_horizon,seasonal_linear_regression,30,687,695,9,130.7468418113,130.12167158826924,2025-11-26,
20261008,730,670,60,rolling_horizon,seasonal_linear_regression,30,687,696,10,128.4356754052,121.59629759506697,2025-11-27,
20261008,730,670,60,rolling_horizon,seasonal_linear_regression,30,687,697,11,106.0560514778,106.27195447909344,2025-11-28,
20261008,730,670,60,rolling_horizon,seasonal_linear_regression,30,687,698,12,87.0788274448,96.7291713990694,2025-11-29,
20261008,730,670,60,rolling_horizon,seasonal_linear_regression,30,687,699,13,103.140705212,101.69086534568805,2025-11-30,
20261008,730,670,60,rolling_horizon,seasonal_linear_regression,30,687,700,14,113.8373914368,114.4838280044628,2025-12-01,
20261008,730,670,60,rolling_horizon,seasonal_linear_regression,30,687,701,15,128.6959921408,130.2855351027224,2025-12-02,
20261008,730,670,60,rolling_horizon,seasonal_linear_regression,30,687,702,16,124.9544385883,133.68189924793478,2025-12-03,
20261008,730,670,60,rolling_horizon,seasonal_linear_regression,30,687,703,17,123.0392046882,126.49260455474405,2025-12-04,
20261008,730,670,60,rolling_horizon,seasonal_linear_regression,30,687,704,18,112.0375299996,109.85535264650798,2025-12-05,
20261008,730,670,60,rolling_horizon,seasonal_linear_regression,30,687,705,19,94.7981017475,99.71031906133658,2025-12-06,
20261008,730,670,60,rolling_horizon,seasonal_linear_regression,30,687,706,20,97.1541570139,105.94056599402938,2025-12-07,
20261008,730,670,60,rolling_horizon,seasonal_linear_regression,30,687,707,21,116.0552552441,118.84444414812833,2025-12-08,
20261008,730,670,60,rolling_horizon,seasonal_linear_regression,30,687,708,22,124.9869441925,132.80506392625148,2025-12-09,
20261008,730,670,60,rolling_horizon,seasonal_linear_regression,30,687,709,23,133.985128528,137.01338334922275,2025-12-10,
20261008,730,670,60,rolling_horizon,seasonal_linear_regression,30,687,710,24,129.1625511456,128.1158498218988,2025-12-11,
20261008,730,670,60,rolling_horizon,seasonal_linear_regression,30,687,711,25,102.4427018659,113.70714750442357,2025-12-12,
20261008,730,670,60,rolling_horizon,seasonal_linear_regression,30,687,712,26,97.2419952584,103.84739979998312,2025-12-13,
20261008,730,670,60,rolling_horizon,seasonal_linear_regression,30,687,713,27,114.2274385444,109.07261627831895,2025-12-14,
20261008,730,670,60,rolling_horizon,seasonal_linear_regression,30,687,714,28,124.6821661264,122.15131102874284,2025-12-15,
20261008,730,670,60,rolling_horizon,seasonal_linear_regression,30,687,715,29,137.1927210045,138.55591295350678,2025-12-16,
20261008,730,670,60,rolling_horizon,seasonal_linear_regression,30,687,716,30,136.9806933036,141.84394631068471,2025-12-17,
20261008,730,670,60,rolling_horizon,seasonal_linear_regression,30,688,688,1,131.4291834004,126.93303785938497,2025-11-19,
20261008,730,670,60,rolling_horizon,seasonal_linear_regression,30,688,689,2,117.2375226637,117.87403732975827,2025-11-20,
20261008,730,670,60,rolling_horizon,seasonal_linear_regression,30,688,690,3,104.4585069656,103.4772558553268,2025-11-21,
20261008,730,670,60,rolling_horizon,seasonal_linear_regression,30,688,691,4,101.0512216839,92.66419162689454,2025-11-22,
20261008,730,670,60,rolling_horizon,seasonal_linear_regression,30,688,692,5,106.7080803311,97.0383892560958,2025-11-23,
20261008,730,670,60,rolling_horizon,seasonal_linear_regression,30,688,693,6,104.8566719454,111.80361224018407,2025-11-24,
20261008,730,670,60,rolling_horizon,seasonal_linear_regression,30,688,694,7,141.7294464397,126.89056983559749,2025-11-25,
20261008,730,670,60,rolling_horizon,seasonal_linear_regression,30,688,695,8,130.7468418113,130.00082085083613,2025-11-26,
20261008,730,670,60,rolling_horizon,seasonal_linear_regression,30,688,696,9,128.4356754052,121.5524614347978,2025-11-27,
20261008,730,670,60,rolling_horizon,seasonal_linear_regression,30,688,697,10,106.0560514778,106.21780865690835,2025-11-28,
20261008,730,670,60,rolling_horizon,seasonal_linear_regression,30,688,698,11,87.0788274448,96.70820835686209,2025-11-29,
20261008,730,670,60,rolling_horizon,seasonal_linear_regression,30,688,699,12,103.140705212,101.59451745397519,2025-11-30,
20261008,730,670,60,rolling_horizon,seasonal_linear_regression,30,688,700,13,113.8373914368,114.40251631211731,2025-12-01,
20261008,730,670,60,rolling_horizon,seasonal_linear_regression,30,688,701,14,128.6959921408,129.65325606432725,2025-12-02,
20261008,730,670,60,rolling_horizon,seasonal_linear_regression,30,688,702,15,124.9544385883,133.62153292216817,2025-12-03,
20261008,730,670,60,rolling_horizon,seasonal_linear_regression,30,688,703,16,123.0392046882,126.31980490862952,2025-12-04,
20261008,730,670,60,rolling_horizon,seasonal_linear_regression,30,688,704,17,112.0375299996,109.75847952656886,2025-12-05,
20261008,730,670,60,rolling_horizon,seasonal_linear_regression,30,688,705,18,94.7981017475,99.68129700286181,2025-12-06,
20261008,730,670,60,rolling_horizon,seasonal_linear_regression,30,688,706,19,97.1541570139,105.74507967568252,2025-12-07,
20261008,730,670,60,rolling_horizon,seasonal_linear_regression,30,688,707,20,116.0552552441,118.65257866449019,2025-12-08,
20261008,730,670,60,rolling_horizon,seasonal_linear_regression,30,688,708,21,124.9869441925,132.51505141395273,2025-12-09,
20261008,730,670,60,rolling_horizon,seasonal_linear_regression,30,688,709,22,133.985128528,136.8076998164329,2025-12-10,
20261008,730,670,60,rolling_horizon,seasonal_linear_regression,30,688,710,23,129.1625511456,128.00156672715548,2025-12-11,
20261008,730,670,60,rolling_horizon,seasonal_linear_regression,30,688,711,24,102.4427018659,113.62882378732002,2025-12-12,
20261008,730,670,60,rolling_horizon,seasonal_linear_regression,30,688,712,25,97.2419952584,103.81637932025069,2025-12-13,
20261008,730,670,60,rolling_horizon,seasonal_linear_regression,30,688,713,26,114.2274385444,108.9043168789326,2025-12-14,
20261008,730,670,60,rolling_horizon,seasonal_linear_regression,30,688,714,27,124.6821661264,122.05890805887657,2025-12-15,
20261008,730,670,60,rolling_horizon,seasonal_linear_regression,30,688,715,28,137.1927210045,138.75990591246727,2025-12-16,
20261008,730,670,60,rolling_horizon,seasonal_linear_regression,30,688,716,29,136.9806933036,141.77270912792028,2025-12-17,
20261008,730,670,60,rolling_horizon,seasonal_linear_regression,30,688,717,30,137.8994379973,133.2921890260959,2025-12-18,
20261008,730,670,60,rolling_horizon,seasonal_linear_regression,30,689,689,1,117.2375226637,117.90612555728694,2025-11-20,
20261008,730,670,60,rolling_horizon,seasonal_linear_regression,30,689,690,2,104.4585069656,103.62489399434344,2025-11-21,
20261008,730,670,60,rolling_horizon,seasonal_linear_regression,30,689,691,3,101.0512216839,92.73008720941243,2025-11-22,
20261008,730,670,60,rolling_horizon,seasonal_linear_regression,30,689,692,4,106.7080803311,97.14267106841407,2025-11-23,
20261008,730,670,60,rolling_horizon,seasonal_linear_regression,30,689,693,5,104.8566719454,111.91483873584411,2025-11-24,
20261008,730,670,60,rolling_horizon,seasonal_linear_regression,30,689,694,6,141.7294464397,127.07449172045835,2025-11-25,
20261008,730,670,60,rolling_horizon,seasonal_linear_regression,30,689,695,7,130.7468418113,130.08504961090193,2025-11-26,
20261008,730,670,60,rolling_horizon,seasonal_linear_regression,30,689,696,8,128.4356754052,121.5642114091479,2025-11-27,
20261008,730,670,60,rolling_horizon,seasonal_linear_regression,30,689,697,9,106.0560514778,106.2262522474648,2025-11-28,
20261008,730,670,60,rolling_horizon,seasonal_linear_regression,30,689,698,10,87.0788274448,96.74518610237465,2025-11-29,
20261008,730,670,60,rolling_horizon,seasonal_linear_regression,30,689,699,11,103.140705212,101.62288343024557,2025-11-30,
20261008,730,670,60,rolling_horizon,seasonal_linear_regression,30,689,700,12,113.8373914368,114.43814045501176,2025-12-01,
20261008,730,670,60,rolling_horizon,seasonal_linear_regression,30,689,701,13,128.6959921408,129.6917027726622,2025-12-02,
20261008,730,670,60,rolling_horizon,seasonal_linear_regression,30,689,702,14,124.9544385883,133.9243076837929,2025-12-03,
20261008,730,670,60,rolling_horizon,seasonal_linear_regression,30,689,703,15,123.0392046882,126.37441234555581,2025-12-04,
20261008,730,670,60,rolling_horizon,seasonal_linear_regression,30,689,704,16,112.0375299996,109.81988346084563,2025-12-05,
20261008,730,670,60,rolling_horizon,seasonal_linear_regression,30,689,705,17,94.7981017475,99.67706927721156,2025-12-06,
20261008,730,670,60,rolling_horizon,seasonal_linear_regression,30,689,706,18,97.1541570139,105.81043354196618,2025-12-07,
20261008,730,670,60,rolling_horizon,seasonal_linear_regression,30,689,707,19,116.0552552441,118.7327736541979,2025-12-08,
20261008,730,670,60,rolling_horizon,seasonal_linear_regression,30,689,708,20,124.9869441925,132.60830750550394,2025-12-09,
20261008,730,670,60,rolling_horizon,seasonal_linear_regression,30,689,709,21,133.985128528,136.9741989906197,2025-12-10,
20261008,730,670,60,rolling_horizon,seasonal_linear_regression,30,689,710,22,129.1625511456,128.0442294776135,2025-12-11,
20261008,730,670,60,rolling_horizon,seasonal_linear_regression,30,689,711,23,102.4427018659,113.62931176434495,2025-12-12,
20261008,730,670,60,rolling_horizon,seasonal_linear_regression,30,689,712,24,97.2419952584,103.86680564401377,2025-12-13,
20261008,730,670,60,rolling_horizon,seasonal_linear_regression,30,689,713,25,114.2274385444,108.9924587327273,2025-12-14,
20261008,730,670,60,rolling_horizon,seasonal_linear_regression,30,689,714,26,124.6821661264,122.08364903205074,2025-12-15,
20261008,730,670,60,rolling_horizon,seasonal_linear_regression,30,689,715,27,137.1927210045,138.81440924913522,2025-12-16,
20261008,730,670,60,rolling_horizon,seasonal_linear_regression,30,689,716,28,136.9806933036,141.69014737650832,2025-12-17,
20261008,730,670,60,rolling_horizon,seasonal_linear_regression,30,689,717,29,137.8994379973,133.33171585254877,2025-12-18,
20261008,730,670,60,rolling_horizon,seasonal_linear_regression,30,689,718,30,119.7019547049,116.66248079605293,2025-12-19,
20261008,730,670,60,rolling_horizon,seasonal_linear_regression,30,690,690,1,104.4585069656,103.62171136151937,2025-11-21,
20261008,730,670,60,rolling_horizon,seasonal_linear_regression,30,690,691,2,101.0512216839,92.7086292185113,2025-11-22,
20261008,730,670,60,rolling_horizon,seasonal_linear_regression,30,690,692,3,106.7080803311,97.12152472352045,2025-11-23,
20261008,730,670,60,rolling_horizon,seasonal_linear_regression,30,690,693,4,104.8566719454,111.89819087832711,2025-11-24,
20261008,730,670,60,rolling_horizon,seasonal_linear_regression,30,690,694,5,141.7294464397,127.05829750982093,2025-11-25,
20261008,730,670,60,rolling_horizon,seasonal_linear_regression,30,690,695,6,130.7468418113,130.0636865075703,2025-11-26,
20261008,730,670,60,rolling_horizon,seasonal_linear_regression,30,690,696,7,128.4356754052,121.55048889431646,2025-11-27,
20261008,730,670,60,rolling_horizon,seasonal_linear_regression,30,690,697,8,106.0560514778,106.21834469414352,2025-11-28,
20261008,730,670,60,rolling_horizon,seasonal_linear_regression,30,690,698,9,87.0788274448,96.74211424958139,2025-11-29,
20261008,730,670,60,rolling_horizon,seasonal_linear_regression,30,690,699,10,103.140705212,101.62083752411809,2025-11-30,
20261008,730,670,60,rolling_horizon,seasonal_linear_regression,30,690,700,11,113.8373914368,114.43087542761577,2025-12-01,
20261008,730,670,60,rolling_horizon,seasonal_linear_regression,30,690,701,12,128.6959921408,129.68219241485303,2025-12-02,
20261008,730,670,60,rolling_horizon,seasonal_linear_regression,30,690,702,13,124.9544385883,133.91927978392187,2025-12-03,
20261008,730,670,60,rolling_horizon,seasonal_linear_regression,30,690,703,14,123.0392046882,126.32922679260491,2025-12-04,
20261008,730,670,60,rolling_horizon,seasonal_linear_regression,30,690,704,15,112.0375299996,109.81248904563745,2025-12-05,
20261008,730,670,60,rolling_horizon,seasonal_linear_regression,30,690,705,16,94.7981017475,99.6661398805104,2025-12-06,
20261008,730,670,60,rolling_horizon,seasonal_linear_regression,30,690,706,17,97.1541570139,105.80668242935099,2025-12-07,
20261008,730,670,60,rolling_horizon,seasonal_linear_regression,30,690,707,18,116.0552552441,118.7266869572145,2025-12-08,
20261008,730,670,60,rolling_horizon,seasonal_linear_regression,30,690,708,19,124.9869441925,132.59594694039515,2025-12-09,
20261008,730,670,60,rolling_horizon,seasonal_linear_regression,30,690,709,20,133.985128528,136.96436472870528,2025-12-10,
20261008,730,670,60,rolling_horizon,seasonal_linear_regression,30,690,710,21,129.1625511456,128.01782825724604,2025-12-11,
20261008,730,670,60,rolling_horizon,seasonal_linear_regression,30,690,711,22,102.4427018659,113.61990028315495,2025-12-12,
20261008,730,670,60,rolling_horizon,seasonal_linear_regression,30,690,712,23,97.2419952584,103.8573743830325,2025-12-13,
20261008,730,670,60,rolling_horizon,seasonal_linear_regression,30,690,713,24,114.2274385444,108.98535410235854,2025-12-14,
20261008,730,670,60,rolling_horizon,seasonal_linear_regression,30,690,714,25,124.6821661264,122.07278299817881,2025-12-15,
20261008,730,670,60,rolling_horizon,seasonal_linear_regression,30,690,715,26,137.1927210045,138.80873593403703,2025-12-16,
20261008,730,670,60,rolling_horizon,seasonal_linear_regression,30,690,716,27,136.9806933036,141.6823950507296,2025-12-17,
20261008,730,670,60,rolling_horizon,seasonal_linear_regression,30,690,717,28,137.8994379973,133.34858361281567,2025-12-18,
20261008,730,670,60,rolling_horizon,seasonal_linear_regression,30,690,718,29,119.7019547049,116.65875289114774,2025-12-19,
20261008,730,670,60,rolling_horizon,seasonal_linear_regression,30,690,719,30,108.3331542232,107.2097202891091,2025-12-20,
20261008,730,670,60,rolling_horizon,seasonal_linear_regression,30,691,691,1,101.0512216839,92.70422169448875,2025-11-22,
20261008,730,670,60,rolling_horizon,seasonal_linear_regression,30,691,692,2,106.7080803311,97.13392662058732,2025-11-23,
20261008,730,670,60,rolling_horizon,seasonal_linear_regression,30,691,693,3,104.8566719454,111.91936630918553,2025-11-24,
20261008,730,670,60,rolling_horizon,seasonal_linear_regression,30,691,694,4,141.7294464397,127.09220571451306,2025-11-25,
20261008,730,670,60,rolling_horizon,seasonal_linear_regression,30,691,695,5,130.7468418113,130.08248544259504,2025-11-26,
20261008,730,670,60,rolling_horizon,seasonal_linear_regression,30,691,696,6,128.4356754052,121.57560718467857,2025-11-27,
20261008,730,670,60,rolling_horizon,seasonal_linear_regression,30,691,697,7,106.0560514778,106.22611327712184,2025-11-28,
20261008,730,670,60,rolling_horizon,seasonal_linear_regression,30,691,698,8,87.0788274448,96.74919422216999,2025-11-29,
20261008,730,670,60,rolling_horizon,seasonal_linear_regression,30,691,699,9,103.140705212,101.62811352183326,2025-11-30,
20261008,730,670,60,rolling_horizon,seasonal_linear_regression,30,691,700,10,113.8373914368,114.43460067204205,2025-12-01,
20261008,730,670,60,rolling_horizon,seasonal_linear_regression,30,691,701,11,128.6959921408,129.6849830403612,2025-12-02,
20261008,730,670,60,rolling_horizon,seasonal_linear_regression,30,691,702,12,124.9544385883,133.92653399477695,2025-12-03,
20261008,730,670,60,rolling_horizon,seasonal_linear_regression,30,691,703,13,123.0392046882,126.33597062234503,2025-12-04,
20261008,730,670,60,rolling_horizon,seasonal_linear_regression,30,691,704,14,112.0375299996,109.87284220172751,2025-12-05,
20261008,730,670,60,rolling_horizon,seasonal_linear_regression,30,691,705,15,94.7981017475,99.66916642514889,2025-12-06,
20261008,730,670,60,rolling_horizon,seasonal_linear_regression,30,691,706,16,97.1541570139,105.81268020979815,2025-12-07,
20261008,730,670,60,rolling_horizon,seasonal_linear_regression,30,691,707,17,116.0552552441,118.736624694498,2025-12-08,
20261008,730,670,60,rolling_horizon,seasonal_linear_regression,30,691,708,18,124.9869441925,132.60957230973145,2025-12-09,
20261008,730,670,60,rolling_horizon,seasonal_linear_regression,30,691,709,19,133.985128528,136.97761433619235,2025-12-10,
20261008,730,670,60,rolling_horizon,seasonal_linear_regression,30,691,710,20,129.1625511456,128.02908145590845,2025-12-11,
20261008,730,670,60,rolling_horizon,seasonal_linear_regression,30,691,711,21,102.4427018659,113.64360736268691,2025-12-12,
20261008,730,670,60,rolling_horizon,seasonal_linear_regression,30,691,712,22,97.2419952584,103.8638383620455,2025-12-13,
20261008,730,670,60,rolling_horizon,seasonal_linear_regression,30,691,713,23,114.2274385444,108.99400766129838,2025-12-14,
20261008,730,670,60,rolling_horizon,seasonal_linear_regression,30,691,714,24,124.6821661264,122.08015090360595,2025-12-15,
20261008,730,670,60,rolling_horizon,seasonal_linear_regression,30,691,715,25,137.1927210045,138.81800251985896,2025-12-16,
20261008,730,670,60,rolling_horizon,seasonal_linear_regression,30,691,716,26,136.9806933036,141.69341500250812,2025-12-17,
20261008,730,670,60,rolling_horizon,seasonal_linear_regression,30,691,717,27,137.8994379973,133.3636022902292,2025-12-18,
20261008,730,670,60,rolling_horizon,seasonal_linear_regression,30,691,718,28,119.7019547049,116.64148177240622,2025-12-19,
20261008,730,670,60,rolling_horizon,seasonal_linear_regression,30,691,719,29,108.3331542232,107.2136188523582,2025-12-20,
20261008,730,670,60,rolling_horizon,seasonal_linear_regression,30,691,720,30,108.8625518294,110.86081018720279,2025-12-21,
20261008,730,670,60,rolling_horizon,seasonal_linear_regression,30,692,692,1,106.7080803311,97.26754537143506,2025-11-23,
20261008,730,670,60,rolling_horizon,seasonal_linear_regression,30,692,693,2,104.8566719454,112.0971368728051,2025-11-24,
20261008,730,670,60,rolling_horizon,seasonal_linear_regression,30,692,694,3,141.7294464397,127.14003818395486,2025-11-25,
20261008,730,670,60,rolling_horizon,seasonal_linear_regression,30,692,695,4,130.7468418113,130.3563839331141,2025-11-26,
20261008,730,670,60,rolling_horizon,seasonal_linear_regression,30,692,696,5,128.4356754052,121.82767775229468,2025-11-27,
20261008,730,670,60,rolling_horizon,seasonal_linear_regression,30,692,697,6,106.0560514778,106.52874494106845,2025-11-28,
20261008,730,670,60,rolling_horizon,seasonal_linear_regression,30,692,698,7,87.0788274448,96.90161480182951,2025-11-29,
20261008,730,670,60,rolling_horizon,seasonal_linear_regression,30,692,699,8,103.140705212,101.63107768178998,2025-11-30,
20261008,730,670,60,rolling_horizon,seasonal_linear_regression,30,692,700,9,113.8373914368,114.49540573580589,2025-12-01,
20261008,730,670,60,rolling_horizon,seasonal_linear_regression,30,692,701,10,128.6959921408,129.78764543486432,2025-12-02,
20261008,730,670,60,rolling_horizon,seasonal_linear_regression,30,692,702,11,124.9544385883,133.9916370914948,2025-12-03,
20261008,730,670,60,rolling_horizon,seasonal_linear_regression,30,692,703,12,123.0392046882,126.34693792314101,2025-12-04,
20261008,730,670,60,rolling_horizon,seasonal_linear_regression,30,692,704,13,112.0375299996,109.93222389681068,2025-12-05,
20261008,730,670,60,rolling_horizon,seasonal_linear_regression,30,692,705,14,94.7981017475,100.33173872410953,2025-12-06,
20261008,730,670,60,rolling_horizon,seasonal_linear_regression,30,692,706,15,97.1541570139,105.81355725006051,2025-12-07,
20261008,730,670,60,rolling_horizon,seasonal_linear_regression,30,692,707,16,116.0552552441,118.7453999189106,2025-12-08,
20261008,730,670,60,rolling_horizon,seasonal_linear_regression,30,692,708,17,124.9869441925,132.69292665023931,2025-12-09,
20261008,730,670,60,rolling_horizon,seasonal_linear_regression,30,692,709,18,133.985128528,137.08813119580645,2025-12-10,
20261008,730,670,60,rolling_horizon,seasonal_linear_regression,30,692,710,19,129.1625511456,128.20976468726258,2025-12-11,
20261008,730,670,60,rolling_horizon,seasonal_linear_regression,30,692,711,20,102.4427018659,113.8468262467859,2025-12-12,
20261008,730,670,60,rolling_horizon,seasonal_linear_regression,30,692,712,21,97.2419952584,104.13067593544065,2025-12-13,
20261008,730,670,60,rolling_horizon,seasonal_linear_regression,30,692,713,22,114.2274385444,109.02791775201194,2025-12-14,
20261008,730,670,60,rolling_horizon,seasonal_linear_regression,30,692,714,23,124.6821661264,122.24199261733929,2025-12-15,
20261008,730,670,60,rolling_horizon,seasonal_linear_regression,30,692,715,24,137.1927210045,138.88343180276888,2025-12-16,
20261008,730,670,60,rolling_horizon,seasonal_linear_regression,30,692,716,25,136.9806933036,141.72236396310927,2025-12-17,
20261008,730,670,60,rolling_horizon,seasonal_linear_regression,30,692,717,26,137.8994379973,133.39847977970976,2025-12-18,
20261008,730,670,60,rolling_horizon,seasonal_linear_regression,30,692,718,27,119.7019547049,116.7930497333241,2025-12-19,
20261008,730,670,60,rolling_horizon,seasonal_linear_regression,30,692,719,28,108.3331542232,106.99199902236069,2025-12-20,
20261008,730,670,60,rolling_horizon,seasonal_linear_regression,30,692,720,29,108.8625518294,110.89415446372686,2025-12-21,
20261008,730,670,60,rolling_horizon,seasonal_linear_regression,30,692,721,30,120.5254118304,124.16142834848688,2025-12-22,
20261008,730,670,60,rolling_horizon,seasonal_linear_regression,30,693,693,1,104.8566719454,112.14775946263944,2025-11-24,
20261008,730,670,60,rolling_horizon,seasonal_linear_regression,30,693,694,2,141.7294464397,127.26773193034978,2025-11-25,
20261008,730,670,60,rolling_horizon,seasonal_linear_regression,30,693,695,3,130.7468418113,130.5788949269554,2025-11-26,
20261008,730,670,60,rolling_horizon,seasonal_linear_regression,30,693,696,4,128.4356754052,122.02475671241655,2025-11-27,
20261008,730,670,60,rolling_horizon,seasonal_linear_regression,30,693,697,5,106.0560514778,106.7709843186035,2025-11-28,
20261008,730,670,60,rolling_horizon,seasonal_linear_regression,30,693,698,6,87.0788274448,97.17311417978999,2025-11-29,
20261008,730,670,60,rolling_horizon,seasonal_linear_regression,30,693,699,7,103.140705212,101.84114241927136,2025-11-30,
20261008,730,670,60,rolling_horizon,seasonal_linear_regression,30,693,700,8,113.8373914368,114.54170428462157,2025-12-01,
20261008,730,670,60,rolling_horizon,seasonal_linear_regression,30,693,701,9,128.6959921408,129.8650284028663,2025-12-02,
20261008,730,670,60,rolling_horizon,seasonal_linear_regression,30,693,702,10,124.9544385883,134.016640678552,2025-12-03,
20261008,730,670,60,rolling_horizon,seasonal_linear_regression,30,693,703,11,123.0392046882,126.34748042422461,2025-12-04,
20261008,730,670,60,rolling_horizon,seasonal_linear_regression,30,693,704,12,112.0375299996,110.00941807249455,2025-12-05,
20261008,730,670,60,rolling_horizon,seasonal_linear_regression,30,693,705,13,94.7981017475,100.39004569320377,2025-12-06,
20261008,730,670,60,rolling_horizon,seasonal_linear_regression,30,693,706,14,97.1541570139,106.31870089164977,2025-12-07,
20261008,730,670,60,rolling_horizon,seasonal_linear_regression,30,693,707,15,116.0552552441,118.76333601528358,2025-12-08,
20261008,730,670,60,rolling_horizon,seasonal_linear_regression,30,693,708,16,124.9869441925,132.82896484564753,2025-12-09,
20261008,730,670,60,rolling_horizon,seasonal_linear_regression,30,693,709,17,133.985128528,137.15126959585177,2025-12-10,
20261008,730,670,60,rolling_horizon,seasonal_linear_regression,30,693,710,18,129.1625511456,128.35066083512493,2025-12-11,
20261008,730,670,60,rolling_horizon,seasonal_linear_regression,30,693,711,19,102.4427018659,113.92851152350067,2025-12-12,
20261008,730,670,60,rolling_horizon,seasonal_linear_regression,30,693,712,20,97.2419952584,104.28043805921561,2025-12-13,
20261008,730,670,60,rolling_horizon,seasonal_linear_regression,30,693,713,21,114.2274385444,109.33330441534281,2025-12-14,
20261008,730,670,60,rolling_horizon,seasonal_linear_regression,30,693,714,22,124.6821661264,122.3643076674457,2025-12-15,
20261008,730,670,60,rolling_horizon,seasonal_linear_regression,30,693,715,23,137.1927210045,138.91834918671475,2025-12-16,
20261008,730,670,60,rolling_horizon,seasonal_linear_regression,30,693,716,24,136.9806933036,141.82494349121362,2025-12-17,
20261008,730,670,60,rolling_horizon,seasonal_linear_regression,30,693,717,25,137.8994379973,133.46355453586511,2025-12-18,
20261008,730,670,60,rolling_horizon,seasonal_linear_regression,30,693,718,26,119.7019547049,116.94850631494137,2025-12-19,
20261008,730,670,60,rolling_horizon,seasonal_linear_regression,30,693,719,27,108.3331542232,107.14816265147692,2025-12-20,
20261008,730,670,60,rolling_horizon,seasonal_linear_regression,30,693,720,28,108.8625518294,110.74442871754673,2025-12-21,
20261008,730,670,60,rolling_horizon,seasonal_linear_regression,30,693,721,29,120.5254118304,124.2359597036675,2025-12-22,
20261008,730,670,60,rolling_horizon,seasonal_linear_regression,30,693,722,30,139.3049085557,139.71834163602216,2025-12-23,
20261008,730,670,60,rolling_horizon,seasonal_linear_regression,30,694,694,1,141.7294464397,127.26984092243129,2025-11-25,
20261008,730,670,60,rolling_horizon,seasonal_linear_regression,30,694,695,2,130.7468418113,130.39316615109328,2025-11-26,
20261008,730,670,60,rolling_horizon,seasonal_linear_regression,30,694,696,3,128.4356754052,121.84410362256449,2025-11-27,
20261008,730,670,60,rolling_horizon,seasonal_linear_regression,30,694,697,4,106.0560514778,106.5894194324901,2025-11-28,
20261008,730,670,60,rolling_horizon,seasonal_linear_regression,30,694,698,5,87.0788274448,97.09153844256298,2025-11-29,
20261008,730,670,60,rolling_horizon,seasonal_linear_regression,30,694,699,6,103.140705212,101.69733035737408,2025-11-30,
20261008,730,670,60,rolling_horizon,seasonal_linear_regression,30,694,700,7,113.8373914368,114.32596049722042,2025-12-01,
20261008,730,670,60,rolling_horizon,seasonal_linear_regression,30,694,701,8,128.6959921408,129.85114580571644,2025-12-02,
20261008,730,670,60,rolling_horizon,seasonal_linear_regression,30,694,702,9,124.9544385883,134.00763461410043,2025-12-03,
20261008,730,670,60,rolling_horizon,seasonal_linear_regression,30,694,703,10,123.0392046882,126.3015746045262,2025-12-04,
20261008,730,670,60,rolling_horizon,seasonal_linear_regression,30,694,704,11,112.0375299996,109.98980045988037,2025-12-05,
20261008,730,670,60,rolling_horizon,seasonal_linear_regression,30,694,705,12,94.7981017475,100.3600149672584,2025-12-06,
20261008,730,670,60,rolling_horizon,seasonal_linear_regression,30,694,706,13,97.1541570139,106.29036021036245,2025-12-07,
20261008,730,670,60,rolling_horizon,seasonal_linear_regression,30,694,707,14,116.0552552441,118.30645669208116,2025-12-08,
20261008,730,670,60,rolling_horizon,seasonal_linear_regression,30,694,708,15,124.9869441925,132.82158170318826,2025-12-09,
20261008,730,670,60,rolling_horizon,seasonal_linear_regression,30,694,709,16,133.985128528,137.0557429471569,2025-12-10,
20261008,730,670,60,rolling_horizon,seasonal_linear_regression,30,694,710,17,129.1625511456,128.27242387432761,2025-12-11,
20261008,730,670,60,rolling_horizon,seasonal_linear_regression,30,694,711,18,102.4427018659,113.82121053579203,2025-12-12,
20261008,730,670,60,rolling_horizon,seasonal_linear_regression,30,694,712,19,97.2419952584,104.27953709096982,2025-12-13,
20261008,730,670,60,rolling_horizon,seasonal_linear_regression,30,694,713,20,114.2274385444,109.30765467489346,2025-12-14,
20261008,730,670,60,rolling_horizon,seasonal_linear_regression,30,694,714,21,124.6821661264,122.12321217364888,2025-12-15,
20261008,730,670,60,rolling_horizon,seasonal_linear_regression,30,694,715,22,137.1927210045,138.82255420586534,2025-12-16,
20261008,730,670,60,rolling_horizon,seasonal_linear_regression,30,694,716,23,136.9806933036,141.77075184419527,2025-12-17,
20261008,730,670,60,rolling_horizon,seasonal_linear_regression,30,694,717,24,137.8994379973,133.35409862679126,2025-12-18,
20261008,730,670,60,rolling_horizon,seasonal_linear_regression,30,694,718,25,119.7019547049,116.84732523394632,2025-12-19,
20261008,730,670,60,rolling_horizon,seasonal_linear_regression,30,694,719,26,108.3331542232,107.08384179364293,2025-12-20,
20261008,730,670,60,rolling_horizon,seasonal_linear_regression,30,694,720,27,108.8625518294,110.66359030872127,2025-12-21,
20261008,730,670,60,rolling_horizon,seasonal_linear_regression,30,694,721,28,120.5254118304,124.29480010652969,2025-12-22,
20261008,730,670,60,rolling_horizon,seasonal_linear_regression,30,694,722,29,139.3049085557,139.6628645763035,2025-12-23,
20261008,730,670,60,rolling_horizon,seasonal_linear_regression,30,694,723,30,143.880104289,143.18028968509861,2025-12-24,
20261008,730,670,60,rolling_horizon,seasonal_linear_regression,30,695,695,1,130.7468418113,130.23482106095753,2025-11-26,
20261008,730,670,60,rolling_horizon,seasonal_linear_regression,30,695,696,2,128.4356754052,122.23854982009925,2025-11-27,
20261008,730,670,60,rolling_horizon,seasonal_linear_regression,30,695,697,3,106.0560514778,106.73695776581826,2025-11-28,
20261008,730,670,60,rolling_horizon,seasonal_linear_regression,30,695,698,4,87.0788274448,97.62336609555359,2025-11-29,
20261008,730,670,60,rolling_horizon,seasonal_linear_regression,30,695,699,5,103.140705212,101.9656873788922,2025-11-30,
20261008,730,670,60,rolling_horizon,seasonal_linear_regression,30,695,700,6,113.8373914368,114.74781217523105,2025-12-01,
20261008,730,670,60,rolling_horizon,seasonal_linear_regression,30,695,701,7,128.6959921408,129.917822666976,2025-12-02,
20261008,730,670,60,rolling_horizon,seasonal_linear_regression,30,695,702,8,124.9544385883,133.98834687685303,2025-12-03,
20261008,730,670,60,rolling_horizon,seasonal_linear_regression,30,695,703,9,123.0392046882,126.26675668420921,2025-12-04,
20261008,730,670,60,rolling_horizon,seasonal_linear_regression,30,695,704,10,112.0375299996,110.07221392248266,2025-12-05,
20261008,730,670,60,rolling_horizon,seasonal_linear_regression,30,695,705,11,94.7981017475,100.24752169845851,2025-12-06,
20261008,730,670,60,rolling_horizon,seasonal_linear_regression,30,695,706,12,97.1541570139,106.41099543113751,2025-12-07,
20261008,730,670,60,rolling_horizon,seasonal_linear_regression,30,695,707,13,116.0552552441,118.26875626013862,2025-12-08,
20261008,730,670,60,rolling_horizon,seasonal_linear_regression,30,695,708,14,124.9869441925,134.06720033389183,2025-12-09,
20261008,730,670,60,rolling_horizon,seasonal_linear_regression,30,695,709,15,133.985128528,137.04560204355403,2025-12-10,
20261008,730,670,60,rolling_horizon,seasonal_linear_regression,30,695,710,16,129.1625511456,128.26597515364983,2025-12-11,
20261008,730,670,60,rolling_horizon,seasonal_linear_regression,30,695,711,17,102.4427018659,113.54140108869206,2025-12-12,
20261008,730,670,60,rolling_horizon,seasonal_linear_regression,30,695,712,18,97.2419952584,104.40100181071512,2025-12-13,
20261008,730,670,60,rolling_horizon,seasonal_linear_regression,30,695,713,19,114.2274385444,109.52495961208888,2025-12-14,
20261008,730,670,60,rolling_horizon,seasonal_linear_regression,30,695,714,20,124.6821661264,122.03616866945322,2025-12-15,
20261008,730,670,60,rolling_horizon,seasonal_linear_regression,30,695,715,21,137.1927210045,139.04744710401928,2025-12-16,
20261008,730,670,60,rolling_horizon,seasonal_linear_regression,30,695,716,22,136.9806933036,141.99348572199142,2025-12-17,
20261008,730,670,60,rolling_horizon,seasonal_linear_regression,30,695,717,23,137.8994379973,133.5673955778243,2025-12-18,
20261008,730,670,60,rolling_horizon,seasonal_linear_regression,30,695,718,24,119.7019547049,116.97189460015807,2025-12-19,
20261008,730,670,60,rolling_horizon,seasonal_linear_regression,30,695,719,25,108.3331542232,107.50289130196734,2025-12-20,
20261008,730,670,60,rolling_horizon,seasonal_linear_regression,30,695,720,26,108.8625518294,111.10689518028039,2025-12-21,
20261008,730,670,60,rolling_horizon,seasonal_linear_regression,30,695,721,27,120.5254118304,124.3974873136226,2025-12-22,
20261008,730,670,60,rolling_horizon,seasonal_linear_regression,30,695,722,28,139.3049085557,139.83435313523796,2025-12-23,
20261008,730,670,60,rolling_horizon,seasonal_linear_regression,30,695,723,29,143.880104289,143.3252202424269,2025-12-24,
20261008,730,670,60,rolling_horizon,seasonal_linear_regression,30,695,724,30,126.2461868417,134.92391331221233,2025-12-25,
20261008,730,670,60,rolling_horizon,seasonal_linear_regression,30,696,696,1,128.4356754052,122.24138621318343,2025-11-27,
20261008,730,670,60,rolling_horizon,seasonal_linear_regression,30,696,697,2,106.0560514778,106.75727246974884,2025-11-28,
20261008,730,670,60,rolling_horizon,seasonal_linear_regression,30,696,698,3,87.0788274448,97.63654359577185,2025-11-29,
20261008,730,670,60,rolling_horizon,seasonal_linear_regression,30,696,699,4,103.140705212,101.98340013063671,2025-11-30,
20261008,730,670,60,rolling_horizon,seasonal_linear_regression,30,696,700,5,113.8373914368,114.76302354935478,2025-12-01,
20261008,730,670,60,rolling_horizon,seasonal_linear_regression,30,696,701,6,128.6959921408,129.93890401292356,2025-12-02,
20261008,730,670,60,rolling_horizon,seasonal_linear_regression,30,696,702,7,124.9544385883,133.9946316043215,2025-12-03,
20261008,730,670,60,rolling_horizon,seasonal_linear_regression,30,696,703,8,123.0392046882,126.26935216338188,2025-12-04,
20261008,730,670,60,rolling_horizon,seasonal_linear_regression,30,696,704,9,112.0375299996,110.07265674446853,2025-12-05,
20261008,730,670,60,rolling_horizon,seasonal_linear_regression,30,696,705,10,94.7981017475,100.2439338911945,2025-12-06,
20261008,730,670,60,rolling_horizon,seasonal_linear_regression,30,696,706,11,97.1541570139,106.40905631362557,2025-12-07,
20261008,730,670,60,rolling_horizon,seasonal_linear_regression,30,696,707,12,116.0552552441,118.27360253239794,2025-12-08,
20261008,730,670,60,rolling_horizon,seasonal_linear_regression,30,696,708,13,124.9869441925,134.06343221737598,2025-12-09,
20261008,730,670,60,rolling_horizon,seasonal_linear_regression,30,696,709,14,133.985128528,137.087322626267,2025-12-10,
20261008,730,670,60,rolling_horizon,seasonal_linear_regression,30,696,710,15,129.1625511456,128.267300666158,2025-12-11,
20261008,730,670,60,rolling_horizon,seasonal_linear_regression,30,696,711,16,102.4427018659,113.54287326319172,2025-12-12,
20261008,730,670,60,rolling_horizon,seasonal_linear_regression,30,696,712,17,97.2419952584,104.39617053527627,2025-12-13,
20261008,730,670,60,rolling_horizon,seasonal_linear_regression,30,696,713,18,114.2274385444,109.52561524369276,2025-12-14,
20261008,730,670,60,rolling_horizon,seasonal_linear_regression,30,696,714,19,124.6821661264,122.03796648632624,2025-12-15,
20261008,730,670,60,rolling_horizon,seasonal_linear_regression,30,696,715,20,137.1927210045,139.05099953788567,2025-12-16,
20261008,730,670,60,rolling_horizon,seasonal_linear_regression,30,696,716,21,136.9806933036,142.00528791596935,2025-12-17,
20261008,730,670,60,rolling_horizon,seasonal_linear_regression,30,696,717,22,137.8994379973,133.57353778694323,2025-12-18,
20261008,730,670,60,rolling_horizon,seasonal_linear_regression,30,696,718,23,119.7019547049,116.97712101246088,2025-12-19,
20261008,730,670,60,rolling_horizon,seasonal_linear_regression,30,696,719,24,108.3331542232,107.50830344511132,2025-12-20,
20261008,730,670,60,rolling_horizon,seasonal_linear_regression,30,696,720,25,108.8625518294,111.11469523907863,2025-12-21,
20261008,730,670,60,rolling_horizon,seasonal_linear_regression,30,696,721,26,120.5254118304,124.40968456376459,2025-12-22,
20261008,730,670,60,rolling_horizon,seasonal_linear_regression,30,696,722,27,139.3049085557,139.8418334422986,2025-12-23,
20261008,730,670,60,rolling_horizon,seasonal_linear_regression,30,696,723,28,143.880104289,143.33655824755397,2025-12-24,
20261008,730,670,60,rolling_horizon,seasonal_linear_regression,30,696,724,29,126.2461868417,134.93461925662223,2025-12-25,
20261008,730,670,60,rolling_horizon,seasonal_linear_regression,30,696,725,30,107.3164425454,119.28906037852903,2025-12-26,
20261008,730,670,60,rolling_horizon,seasonal_linear_regression,30,697,697,1,106.0560514778,106.84074487493126,2025-11-28,
20261008,730,670,60,rolling_horizon,seasonal_linear_regression,30,697,698,2,87.0788274448,97.85666180079716,2025-11-29,
20261008,730,670,60,rolling_horizon,seasonal_linear_regression,30,697,699,3,103.140705212,102.18749203182097,2025-11-30,
20261008,730,670,60,rolling_horizon,seasonal_linear_regression,30,697,700,4,113.8373914368,115.00716199700219,2025-12-01,
20261008,730,670,60,rolling_horizon,seasonal_linear_regression,30,697,701,5,128.6959921408,130.13570435773818,2025-12-02,
20261008,730,670,60,rolling_horizon,seasonal_linear_regression,30,697,702,6,124.9544385883,134.1923688430561,2025-12-03,
20261008,730,670,60,rolling_horizon,seasonal_linear_regression,30,697,703,7,123.0392046882,126.3539183707544,2025-12-04,
20261008,730,670,60,rolling_horizon,seasonal_linear_regression,30,697,704,8,112.0375299996,110.07152823521119,2025-12-05,
20261008,730,670,60,rolling_horizon,seasonal_linear_regression,30,697,705,9,94.7981017475,100.26951804080272,2025-12-06,
20261008,730,670,60,rolling_horizon,seasonal_linear_regression,30,697,706,10,97.1541570139,106.3620827615805,2025-12-07,
20261008,730,670,60,rolling_horizon,seasonal_linear_regression,30,697,707,11,116.0552552441,118.25097698372383,2025-12-08,
20261008,730,670,60,rolling_horizon,seasonal_linear_regression,30,697,708,12,124.9869441925,134.06181097358558,2025-12-09,
20261008,730,670,60,rolling_horizon,seasonal_linear_regression,30,697,709,13,133.985128528,137.1213000630214,2025-12-10,
20261008,730,670,60,rolling_horizon,seasonal_linear_regression,30,697,710,14,129.1625511456,128.73728755576622,2025-12-11,
20261008,730,670,60,rolling_horizon,seasonal_linear_regression,30,697,711,15,102.4427018659,113.57585036997625,2025-12-12,
20261008,730,670,60,rolling_horizon,seasonal_linear_regression,30,697,712,16,97.2419952584,104.37710934254255,2025-12-13,
20261008,730,670,60,rolling_horizon,seasonal_linear_regression,30,697,713,17,114.2274385444,109.49321745394491,2025-12-14,
20261008,730,670,60,rolling_horizon,seasonal_linear_regression,30,697,714,18,124.6821661264,122.07133082499058,2025-12-15,
20261008,730,670,60,rolling_horizon,seasonal_linear_regression,30,697,715,19,137.1927210045,139.05892904460052,2025-12-16,
20261008,730,670,60,rolling_horizon,seasonal_linear_regression,30,697,716,20,136.9806933036,141.99744174660464,2025-12-17,
20261008,730,670,60,rolling_horizon,seasonal_linear_regression,30,697,717,21,137.8994379973,133.72197093026352,2025-12-18,
20261008,730,670,60,rolling_horizon,seasonal_linear_regression,30,697,718,22,119.7019547049,117.04141556478862,2025-12-19,
20261008,730,670,60,rolling_horizon,seasonal_linear_regression,30,697,719,23,108.3331542232,107.55846680553714,2025-12-20,
20261008,730,670,60,rolling_horizon,seasonal_linear_regression,30,697,720,24,108.8625518294,111.19827607706156,2025-12-21,
20261008,730,670,60,rolling_horizon,seasonal_linear_regression,30,697,721,25,120.5254118304,124.54098013324119,2025-12-22,
20261008,730,670,60,rolling_horizon,seasonal_linear_regression,30,697,722,26,139.3049085557,139.93223093672304,2025-12-23,
20261008,730,670,60,rolling_horizon,seasonal_linear_regression,30,697,723,27,143.880104289,143.47441515125956,2025-12-24,
20261008,730,670,60,rolling_horizon,seasonal_linear_regression,30,697,724,28,126.2461868417,135.0368027246418,2025-12-25,
20261008,730,670,60,rolling_horizon,seasonal_linear_regression,30,697,725,29,107.3164425454,119.40749156199945,2025-12-26,
20261008,730,670,60,rolling_horizon,seasonal_linear_regression,30,697,726,30,118.4815108613,109.74578424872698,2025-12-27,
20261008,730,670,60,rolling_horizon,seasonal_linear_regression,30,698,698,1,87.0788274448,97.8623212624575,2025-11-29,
20261008,730,670,60,rolling_horizon,seasonal_linear_regression,30,698,699,2,103.140705212,102.16415824735213,2025-11-30,
20261008,730,670,60,rolling_horizon,seasonal_linear_regression,30,698,700,3,113.8373914368,114.97540212162676,2025-12-01,
20261008,730,670,60,rolling_horizon,seasonal_linear_regression,30,698,701,4,128.6959921408,130.10132688462045,2025-12-02,
20261008,730,670,60,rolling_horizon,seasonal_linear_regression,30,698,702,5,124.9544385883,134.17037975279027,2025-12-03,
20261008,730,670,60,rolling_horizon,seasonal_linear_regression,30,698,703,6,123.0392046882,126.33016345832266,2025-12-04,
20261008,730,670,60,rolling_horizon,seasonal_linear_regression,30,698,704,7,112.0375299996,110.0604909045901,2025-12-05,
20261008,730,670,60,rolling_horizon,seasonal_linear_regression,30,698,705,8,94.7981017475,100.27115994483665,2025-12-06,
20261008,730,670,60,rolling_horizon,seasonal_linear_regression,30,698,706,9,97.1541570139,106.37500798400697,2025-12-07,
20261008,730,670,60,rolling_horizon,seasonal_linear_regression,30,698,707,10,116.0552552441,118.24759654739182,2025-12-08,
20261008,730,670,60,rolling_horizon,seasonal_linear_regression,30,698,708,11,124.9869441925,134.0761260351942,2025-12-09,
20261008,730,670,60,rolling_horizon,seasonal_linear_regression,30,698,709,12,133.985128528,137.11765393737733,2025-12-10,
20261008,730,670,60,rolling_horizon,seasonal_linear_regression,30,698,710,13,129.1625511456,128.7374378389659,2025-12-11,
20261008,730,670,60,rolling_horizon,seasonal_linear_regression,30,698,711,14,102.4427018659,113.51284003688352,2025-12-12,
20261008,730,670,60,rolling_horizon,seasonal_linear_regression,30,698,712,15,97.2419952584,104.38292826418228,2025-12-13,
20261008,730,670,60,rolling_horizon,seasonal_linear_regression,30,698,713,16,114.2274385444,109.49799197198399,2025-12-14,
20261008,730,670,60,rolling_horizon,seasonal_linear_regression,30,698,714,17,124.6821661264,122.06481815044208,2025-12-15,
20261008,730,670,60,rolling_horizon,seasonal_linear_regression,30,698,715,18,137.1927210045,139.05511363260484,2025-12-16,
20261008,730,670,60,rolling_horizon,seasonal_linear_regression,30,698,716,19,136.9806933036,141.99824232621813,2025-12-17,
20261008,730,670,60,rolling_horizon,seasonal_linear_regression,30,698,717,20,137.8994379973,133.71729575986865,2025-12-18,
20261008,730,670,60,rolling_horizon,seasonal_linear_regression,30,698,718,21,119.7019547049,117.01587816093206,2025-12-19,
20261008,730,670,60,rolling_horizon,seasonal_linear_regression,30,698,719,22,108.3331542232,107.55486862265116,2025-12-20,
20261008,730,670,60,rolling_horizon,seasonal_linear_regression,30,698,720,23,108.8625518294,111.19167586881485,2025-12-21,
20261008,730,670,60,rolling_horizon,seasonal_linear_regression,30,698,721,24,120.5254118304,124.52489290426092,2025-12-22,
20261008,730,670,60,rolling_horizon,seasonal_linear_regression,30,698,722,25,139.3049085557,139.92499926759228,2025-12-23,
20261008,730,670,60,rolling_horizon,seasonal_linear_regression,30,698,723,26,143.880104289,143.46012606526074,2025-12-24,
20261008,730,670,60,rolling_horizon,seasonal_linear_regression,30,698,724,27,126.2461868417,135.02323920577373,2025-12-25,
20261008,730,670,60,rolling_horizon,seasonal_linear_regression,30,698,725,28,107.3164425454,119.39431866510904,2025-12-26,
20261008,730,670,60,rolling_horizon,seasonal_linear_regression,30,698,726,29,118.4815108613,109.73570086919472,2025-12-27,
20261008,730,670,60,rolling_horizon,seasonal_linear_regression,30,698,727,30,115.7158276032,114.24072451327993,2025-12-28,
20261008,730,670,60,rolling_horizon,seasonal_linear_regression,30,699,699,1,103.140705212,102.07782419611158,2025-11-30,
20261008,730,670,60,rolling_horizon,seasonal_linear_regression,30,699,700,2,113.8373914368,114.7562765699804,2025-12-01,
20261008,730,670,60,rolling_horizon,seasonal_linear_regression,30,699,701,3,128.6959921408,129.78229131818352,2025-12-02,
20261008,730,670,60,rolling_horizon,seasonal_linear_regression,30,699,702,4,124.9544385883,133.9037417519512,2025-12-03,
20261008,730,670,60,rolling_horizon,seasonal_linear_regression,30,699,703,5,123.0392046882,126.14215975000843,2025-12-04,
20261008,730,670,60,rolling_horizon,seasonal_linear_regression,30,699,704,6,112.0375299996,109.81150062697088,2025-12-05,
20261008,730,670,60,rolling_horizon,seasonal_linear_regression,30,699,705,7,94.7981017475,100.22021251252363,2025-12-06,
20261008,730,670,60,rolling_horizon,seasonal_linear_regression,30,699,706,8,97.1541570139,106.44118465168185,2025-12-07,
20261008,730,670,60,rolling_horizon,seasonal_linear_regression,30,699,707,9,116.0552552441,118.42314670535825,2025-12-08,
20261008,730,670,60,rolling_horizon,seasonal_linear_regression,30,699,708,10,124.9869441925,133.88530778561562,2025-12-09,
20261008,730,670,60,rolling_horizon,seasonal_linear_regression,30,699,709,11,133.985128528,137.18784930657694,2025-12-10,
20261008,730,670,60,rolling_horizon,seasonal_linear_regression,30,699,710,12,129.1625511456,128.69590575214352,2025-12-11,
20261008,730,670,60,rolling_horizon,seasonal_linear_regression,30,699,711,13,102.4427018659,113.66858787393585,2025-12-12,
20261008,730,670,60,rolling_horizon,seasonal_linear_regression,30,699,712,14,97.2419952584,103.7277802710314,2025-12-13,
20261008,730,670,60,rolling_horizon,seasonal_linear_regression,30,699,713,15,114.2274385444,109.51057785605735,2025-12-14,
20261008,730,670,60,rolling_horizon,seasonal_linear_regression,30,699,714,16,124.6821661264,122.12355444445484,2025-12-15,
20261008,730,670,60,rolling_horizon,seasonal_linear_regression,30,699,715,17,137.1927210045,139.17447936862436,2025-12-16,
20261008,730,670,60,rolling_horizon,seasonal_linear_regression,30,699,716,18,136.9806933036,141.9796857000665,2025-12-17,
20261008,730,670,60,rolling_horizon,seasonal_linear_regression,30,699,717,19,137.8994379973,133.7204069659656,2025-12-18,
20261008,730,670,60,rolling_horizon,seasonal_linear_regression,30,699,718,20,119.7019547049,116.94193566383638,2025-12-19,
20261008,730,670,60,rolling_horizon,seasonal_linear_regression,30,699,719,21,108.3331542232,107.19899316425926,2025-12-20,
20261008,730,670,60,rolling_horizon,seasonal_linear_regression,30,699,720,22,108.8625518294,110.97293147022356,2025-12-21,
20261008,730,670,60,rolling_horizon,seasonal_linear_regression,30,699,721,23,120.5254118304,124.4693073054359,2025-12-22,
20261008,730,670,60,rolling_horizon,seasonal_linear_regression,30,699,722,24,139.3049085557,139.6066444964017,2025-12-23,
20261008,730,670,60,rolling_horizon,seasonal_linear_regression,30,699,723,25,143.880104289,143.28668768080388,2025-12-24,
20261008,730,670,60,rolling_horizon,seasonal_linear_regression,30,699,724,26,126.2461868417,134.78460715857727,2025-12-25,
20261008,730,670,60,rolling_horizon,seasonal_linear_regression,30,699,725,27,107.3164425454,119.22698587299374,2025-12-26,
20261008,730,670,60,rolling_horizon,seasonal_linear_regression,30,699,726,28,118.4815108613,109.7307339500253,2025-12-27,
20261008,730,670,60,rolling_horizon,seasonal_linear_regression,30,699,727,29,115.7158276032,114.13117052645885,2025-12-28,
20261008,730,670,60,rolling_horizon,seasonal_linear_regression,30,699,728,30,127.5141535018,126.7768453607764,2025-12-29,
20261008,730,670,60,rolling_horizon,seasonal_linear_regression,30,700,700,1,113.8373914368,114.73663178602919,2025-12-01,
20261008,730,670,60,rolling_horizon,seasonal_linear_regression,30,700,701,2,128.6959921408,129.8142645673811,2025-12-02,
20261008,730,670,60,rolling_horizon,seasonal_linear_regression,30,700,702,3,124.9544385883,133.92595448381417,2025-12-03,
20261008,730,670,60,rolling_horizon,seasonal_linear_regression,30,700,703,4,123.0392046882,126.1687506205244,2025-12-04,
20261008,730,670,60,rolling_horizon,seasonal_linear_regression,30,700,704,5,112.0375299996,109.82870986478656,2025-12-05,
20261008,730,670,60,rolling_horizon,seasonal_linear_regression,30,700,705,6,94.7981017475,100.23348353316396,2025-12-06,
20261008,730,670,60,rolling_horizon,seasonal_linear_regression,30,700,706,7,97.1541570139,106.4494703446062,2025-12-07,
20261008,730,670,60,rolling_horizon,seasonal_linear_regression,30,700,707,8,116.0552552441,118.41220306568584,2025-12-08,
20261008,730,670,60,rolling_horizon,seasonal_linear_regression,30,700,708,9,124.9869441925,133.88738384860426,2025-12-09,
20261008,730,670,60,rolling_horizon,seasonal_linear_regression,30,700,709,10,133.985128528,137.1897034016397,2025-12-10,
20261008,730,670,60,rolling_horizon,seasonal_linear_regression,30,700,710,11,129.1625511456,128.69710324371954,2025-12-11,
20261008,730,670,60,rolling_horizon,seasonal_linear_regression,30,700,711,12,102.4427018659,113.66472094963137,2025-12-12,
20261008,730,670,60,rolling_horizon,seasonal_linear_regression,30,700,712,13,97.2419952584,103.71029702881151,2025-12-13,
20261008,730,670,60,rolling_horizon,seasonal_linear_regression,30,700,713,14,114.2274385444,109.57317774091553,2025-12-14,
20261008,730,670,60,rolling_horizon,seasonal_linear_regression,30,700,714,15,124.6821661264,122.11552971922856,2025-12-15,
20261008,730,670,60,rolling_horizon,seasonal_linear_regression,30,700,715,16,137.1927210045,139.17560100278115,2025-12-16,
20261008,730,670,60,rolling_horizon,seasonal_linear_regression,30,700,716,17,136.9806933036,141.97709184699988,2025-12-17,
20261008,730,670,60,rolling_horizon,seasonal_linear_regression,30,700,717,18,137.8994379973,133.72588836630348,2025-12-18,
20261008,730,670,60,rolling_horizon,seasonal_linear_regression,30,700,718,19,119.7019547049,116.94531778345936,2025-12-19,
20261008,730,670,60,rolling_horizon,seasonal_linear_regression,30,700,719,20,108.3331542232,107.206668015589,2025-12-20,
20261008,730,670,60,rolling_horizon,seasonal_linear_regression,30,700,720,21,108.8625518294,111.00487222639367,2025-12-21,
20261008,730,670,60,rolling_horizon,seasonal_linear_regression,30,700,721,22,120.5254118304,124.48471696199067,2025-12-22,
20261008,730,670,60,rolling_horizon,seasonal_linear_regression,30,700,722,23,139.3049085557,139.61808924658953,2025-12-23,
20261008,730,670,60,rolling_horizon,seasonal_linear_regression,30,700,723,24,143.880104289,143.30762596390514,2025-12-24,
20261008,730,670,60,rolling_horizon,seasonal_linear_regression,30,700,724,25,126.2461868417,134.80335905013408,2025-12-25,
20261008,730,670,60,rolling_horizon,seasonal_linear_regression,30,700,725,26,107.3164425454,119.24803193035086,2025-12-26,
20261008,730,670,60,rolling_horizon,seasonal_linear_regression,30,700,726,27,118.4815108613,109.75354844359617,2025-12-27,
20261008,730,670,60,rolling_horizon,seasonal_linear_regression,30,700,727,28,115.7158276032,114.13161033435608,2025-12-28,
20261008,730,670,60,rolling_horizon,seasonal_linear_regression,30,700,728,29,127.5141535018,126.79007207714085,2025-12-29,
20261008,730,670,60,rolling_horizon,seasonal_linear_regression,30,700,729,30,135.9980120378,142.07319109436912,2025-12-30,
20261008,730,670,60,rolling_horizon,naive_previous_week,60,670,670,1,93.6787814212,83.9475429092,2025-11-01,
20261008,730,670,60,rolling_horizon,naive_previous_week,60,670,671,2,88.2360415032,94.7010322375,2025-11-02,
20261008,730,670,60,rolling_horizon,naive_previous_week,60,670,672,3,105.9545255841,97.0254629902,2025-11-03,
20261008,730,670,60,rolling_horizon,naive_previous_week,60,670,673,4,119.7326428272,128.749535473,2025-11-04,
20261008,730,670,60,rolling_horizon,naive_previous_week,60,670,674,5,122.247387964,116.333947168,2025-11-05,
20261008,730,670,60,rolling_horizon,naive_previous_week,60,670,675,6,111.0550970756,110.3990704506,2025-11-06,
20261008,730,670,60,rolling_horizon,naive_previous_week,60,670,676,7,102.903983799,93.5192235959,2025-11-07,
20261008,730,670,60,rolling_horizon,naive_previous_week,60,670,677,8,85.6239730153,83.9475429092,2025-11-08,
20261008,730,670,60,rolling_horizon,naive_previous_week,60,670,678,9,88.7840059698,94.7010322375,2025-11-09,
20261008,730,670,60,rolling_horizon,naive_previous_week,60,670,679,10,105.4360307607,97.0254629902,2025-11-10,
20261008,730,670,60,rolling_horizon,naive_previous_week,60,670,680,11,130.1261804302,128.749535473,2025-11-11,
20261008,730,670,60,rolling_horizon,naive_previous_week,60,670,681,12,120.2341328764,116.333947168,2025-11-12,
20261008,730,670,60,rolling_horizon,naive_previous_week,60,670,682,13,116.4643974318,110.3990704506,2025-11-13,
20261008,730,670,60,rolling_horizon,naive_previous_week,60,670,683,14,91.643990521,93.5192235959,2025-11-14,
20261008,730,670,60,rolling_horizon,naive_previous_week,60,670,684,15,98.2022208221,83.9475429092,2025-11-15,
20261008,730,670,60,rolling_horizon,naive_previous_week,60,670,685,16,100.9062127562,94.7010322375,2025-11-16,
20261008,730,670,60,rolling_horizon,naive_previous_week,60,670,686,17,106.053250609,97.0254629902,2025-11-17,
20261008,730,670,60,rolling_horizon,naive_previous_week,60,670,687,18,116.1333607552,128.749535473,2025-11-18,
20261008,730,670,60,rolling_horizon,naive_previous_week,60,670,688,19,131.4291834004,116.333947168,2025-11-19,
20261008,730,670,60,rolling_horizon,naive_previous_week,60,670,689,20,117.2375226637,110.3990704506,2025-11-20,
20261008,730,670,60,rolling_horizon,naive_previous_week,60,670,690,21,104.4585069656,93.5192235959,2025-11-21,
20261008,730,670,60,rolling_horizon,naive_previous_week,60,670,691,22,101.0512216839,83.9475429092,2025-11-22,
20261008,730,670,60,rolling_horizon,naive_previous_week,60,670,692,23,106.7080803311,94.7010322375,2025-11-23,
20261008,730,670,60,rolling_horizon,naive_previous_week,60,670,693,24,104.8566719454,97.0254629902,2025-11-24,
20261008,730,670,60,rolling_horizon,naive_previous_week,60,670,694,25,141.7294464397,128.749535473,2025-11-25,
20261008,730,670,60,rolling_horizon,naive_previous_week,60,670,695,26,130.7468418113,116.333947168,2025-11-26,
20261008,730,670,60,rolling_horizon,naive_previous_week,60,670,696,27,128.4356754052,110.3990704506,2025-11-27,
20261008,730,670,60,rolling_horizon,naive_previous_week,60,670,697,28,106.0560514778,93.5192235959,2025-11-28,
20261008,730,670,60,rolling_horizon,naive_previous_week,60,670,698,29,87.0788274448,83.9475429092,2025-11-29,
20261008,730,670,60,rolling_horizon,naive_previous_week,60,670,699,30,103.140705212,94.7010322375,2025-11-30,
20261008,730,670,60,rolling_horizon,naive_previous_week,60,670,700,31,113.8373914368,97.0254629902,2025-12-01,
20261008,730,670,60,rolling_horizon,naive_previous_week,60,670,701,32,128.6959921408,128.749535473,2025-12-02,
20261008,730,670,60,rolling_horizon,naive_previous_week,60,670,702,33,124.9544385883,116.333947168,2025-12-03,
20261008,730,670,60,rolling_horizon,naive_previous_week,60,670,703,34,123.0392046882,110.3990704506,2025-12-04,
20261008,730,670,60,rolling_horizon,naive_previous_week,60,670,704,35,112.0375299996,93.5192235959,2025-12-05,
20261008,730,670,60,rolling_horizon,naive_previous_week,60,670,705,36,94.7981017475,83.9475429092,2025-12-06,
20261008,730,670,60,rolling_horizon,naive_previous_week,60,670,706,37,97.1541570139,94.7010322375,2025-12-07,
20261008,730,670,60,rolling_horizon,naive_previous_week,60,670,707,38,116.0552552441,97.0254629902,2025-12-08,
20261008,730,670,60,rolling_horizon,naive_previous_week,60,670,708,39,124.9869441925,128.749535473,2025-12-09,
20261008,730,670,60,rolling_horizon,naive_previous_week,60,670,709,40,133.985128528,116.333947168,2025-12-10,
20261008,730,670,60,rolling_horizon,naive_previous_week,60,670,710,41,129.1625511456,110.3990704506,2025-12-11,
20261008,730,670,60,rolling_horizon,naive_previous_week,60,670,711,42,102.4427018659,93.5192235959,2025-12-12,
20261008,730,670,60,rolling_horizon,naive_previous_week,60,670,712,43,97.2419952584,83.9475429092,2025-12-13,
20261008,730,670,60,rolling_horizon,naive_previous_week,60,670,713,44,114.2274385444,94.7010322375,2025-12-14,
20261008,730,670,60,rolling_horizon,naive_previous_week,60,670,714,45,124.6821661264,97.0254629902,2025-12-15,
20261008,730,670,60,rolling_horizon,naive_previous_week,60,670,715,46,137.1927210045,128.749535473,2025-12-16,
20261008,730,670,60,rolling_horizon,naive_previous_week,60,670,716,47,136.9806933036,116.333947168,2025-12-17,
20261008,730,670,60,rolling_horizon,naive_previous_week,60,670,717,48,137.8994379973,110.3990704506,2025-12-18,
20261008,730,670,60,rolling_horizon,naive_previous_week,60,670,718,49,119.7019547049,93.5192235959,2025-12-19,
20261008,730,670,60,rolling_horizon,naive_previous_week,60,670,719,50,108.3331542232,83.9475429092,2025-12-20,
20261008,730,670,60,rolling_horizon,naive_previous_week,60,670,720,51,108.8625518294,94.7010322375,2025-12-21,
20261008,730,670,60,rolling_horizon,naive_previous_week,60,670,721,52,120.5254118304,97.0254629902,2025-12-22,
20261008,730,670,60,rolling_horizon,naive_previous_week,60,670,722,53,139.3049085557,128.749535473,2025-12-23,
20261008,730,670,60,rolling_horizon,naive_previous_week,60,670,723,54,143.880104289,116.333947168,2025-12-24,
20261008,730,670,60,rolling_horizon,naive_previous_week,60,670,724,55,126.2461868417,110.3990704506,2025-12-25,
20261008,730,670,60,rolling_horizon,naive_previous_week,60,670,725,56,107.3164425454,93.5192235959,2025-12-26,
20261008,730,670,60,rolling_horizon,naive_previous_week,60,670,726,57,118.4815108613,83.9475429092,2025-12-27,
20261008,730,670,60,rolling_horizon,naive_previous_week,60,670,727,58,115.7158276032,94.7010322375,2025-12-28,
20261008,730,670,60,rolling_horizon,naive_previous_week,60,670,728,59,127.5141535018,97.0254629902,2025-12-29,
20261008,730,670,60,rolling_horizon,naive_previous_week,60,670,729,60,135.9980120378,128.749535473,2025-12-30,
20261008,730,670,60,rolling_horizon,holt_winters_weekly,60,670,670,1,93.6787814212,86.5899468594097,2025-11-01,
20261008,730,670,60,rolling_horizon,holt_winters_weekly,60,670,671,2,88.2360415032,90.31041211153905,2025-11-02,
20261008,730,670,60,rolling_horizon,holt_winters_weekly,60,670,672,3,105.9545255841,102.70458836167451,2025-11-03,
20261008,730,670,60,rolling_horizon,holt_winters_weekly,60,670,673,4,119.7326428272,117.25269130179753,2025-11-04,
20261008,730,670,60,rolling_horizon,holt_winters_weekly,60,670,674,5,122.247387964,118.88818582621644,2025-11-05,
20261008,730,670,60,rolling_horizon,holt_winters_weekly,60,670,675,6,111.0550970756,111.80813946051566,2025-11-06,
20261008,730,670,60,rolling_horizon,holt_winters_weekly,60,670,676,7,102.903983799,93.93103642869553,2025-11-07,
20261008,730,670,60,rolling_horizon,holt_winters_weekly,60,670,677,8,85.6239730153,85.42653940766468,2025-11-08,
20261008,730,670,60,rolling_horizon,holt_winters_weekly,60,670,678,9,88.7840059698,89.14700465979404,2025-11-09,
20261008,730,670,60,rolling_horizon,holt_winters_weekly,60,670,679,10,105.4360307607,101.5411809099295,2025-11-10,
20261008,730,670,60,rolling_horizon,holt_winters_weekly,60,670,680,11,130.1261804302,116.08928385005251,2025-11-11,
20261008,730,670,60,rolling_horizon,holt_winters_weekly,60,670,681,12,120.2341328764,117.72477837447141,2025-11-12,
20261008,730,670,60,rolling_horizon,holt_winters_weekly,60,670,682,13,116.4643974318,110.64473200877065,2025-11-13,
20261008,730,670,60,rolling_horizon,holt_winters_weekly,60,670,683,14,91.643990521,92.76762897695052,2025-11-14,
20261008,730,670,60,rolling_horizon,holt_winters_weekly,60,670,684,15,98.2022208221,84.26313195591966,2025-11-15,
20261008,730,670,60,rolling_horizon,holt_winters_weekly,60,670,685,16,100.9062127562,87.98359720804902,2025-11-16,
20261008,730,670,60,rolling_horizon,holt_winters_weekly,60,670,686,17,106.053250609,100.37777345818448,2025-11-17,
20261008,730,670,60,rolling_horizon,holt_winters_weekly,60,670,687,18,116.1333607552,114.9258763983075,2025-11-18,
20261008,730,670,60,rolling_horizon,holt_winters_weekly,60,670,688,19,131.4291834004,116.56137092272641,2025-11-19,
20261008,730,670,60,rolling_horizon,holt_winters_weekly,60,670,689,20,117.2375226637,109.48132455702563,2025-11-20,
20261008,730,670,60,rolling_horizon,holt_winters_weekly,60,670,690,21,104.4585069656,91.6042215252055,2025-11-21,
20261008,730,670,60,rolling_horizon,holt_winters_weekly,60,670,691,22,101.0512216839,83.09972450417465,2025-11-22,
20261008,730,670,60,rolling_horizon,holt_winters_weekly,60,670,692,23,106.7080803311,86.820189756304,2025-11-23,
20261008,730,670,60,rolling_horizon,holt_winters_weekly,60,670,693,24,104.8566719454,99.21436600643946,2025-11-24,
20261008,730,670,60,rolling_horizon,holt_winters_weekly,60,670,694,25,141.7294464397,113.76246894656248,2025-11-25,
20261008,730,670,60,rolling_horizon,holt_winters_weekly,60,670,695,26,130.7468418113,115.39796347098138,2025-11-26,
20261008,730,670,60,rolling_horizon,holt_winters_weekly,60,670,696,27,128.4356754052,108.31791710528061,2025-11-27,
20261008,730,670,60,rolling_horizon,holt_winters_weekly,60,670,697,28,106.0560514778,90.44081407346049,2025-11-28,
20261008,730,670,60,rolling_horizon,holt_winters_weekly,60,670,698,29,87.0788274448,81.93631705242963,2025-11-29,
20261008,730,670,60,rolling_horizon,holt_winters_weekly,60,670,699,30,103.140705212,85.65678230455899,2025-11-30,
20261008,730,670,60,rolling_horizon,holt_winters_weekly,60,670,700,31,113.8373914368,98.05095855469445,2025-12-01,
20261008,730,670,60,rolling_horizon,holt_winters_weekly,60,670,701,32,128.6959921408,112.59906149481746,2025-12-02,
20261008,730,670,60,rolling_horizon,holt_winters_weekly,60,670,702,33,124.9544385883,114.23455601923638,2025-12-03,
20261008,730,670,60,rolling_horizon,holt_winters_weekly,60,670,703,34,123.0392046882,107.1545096535356,2025-12-04,
20261008,730,670,60,rolling_horizon,holt_winters_weekly,60,670,704,35,112.0375299996,89.27740662171547,2025-12-05,
20261008,730,670,60,rolling_horizon,holt_winters_weekly,60,670,705,36,94.7981017475,80.77290960068461,2025-12-06,
20261008,730,670,60,rolling_horizon,holt_winters_weekly,60,670,706,37,97.1541570139,84.49337485281397,2025-12-07,
20261008,730,670,60,rolling_horizon,holt_winters_weekly,60,670,707,38,116.0552552441,96.88755110294943,2025-12-08,
20261008,730,670,60,rolling_horizon,holt_winters_weekly,60,670,708,39,124.9869441925,111.43565404307245,2025-12-09,
20261008,730,670,60,rolling_horizon,holt_winters_weekly,60,670,709,40,133.985128528,113.07114856749135,2025-12-10,
20261008,730,670,60,rolling_horizon,holt_winters_weekly,60,670,710,41,129.1625511456,105.99110220179058,2025-12-11,
20261008,730,670,60,rolling_horizon,holt_winters_weekly,60,670,711,42,102.4427018659,88.11399916997046,2025-12-12,
20261008,730,670,60,rolling_horizon,holt_winters_weekly,60,670,712,43,97.2419952584,79.6095021489396,2025-12-13,
20261008,730,670,60,rolling_horizon,holt_winters_weekly,60,670,713,44,114.2274385444,83.32996740106896,2025-12-14,
20261008,730,670,60,rolling_horizon,holt_winters_weekly,60,670,714,45,124.6821661264,95.72414365120441,2025-12-15,
20261008,730,670,60,rolling_horizon,holt_winters_weekly,60,670,715,46,137.1927210045,110.27224659132743,2025-12-16,
20261008,730,670,60,rolling_horizon,holt_winters_weekly,60,670,716,47,136.9806933036,111.90774111574635,2025-12-17,
20261008,730,670,60,rolling_horizon,holt_winters_weekly,60,670,717,48,137.8994379973,104.82769475004557,2025-12-18,
20261008,730,670,60,rolling_horizon,holt_winters_weekly,60,670,718,49,119.7019547049,86.95059171822544,2025-12-19,
20261008,730,670,60,rolling_horizon,holt_winters_weekly,60,670,719,50,108.3331542232,78.44609469719458,2025-12-20,
20261008,730,670,60,rolling_horizon,holt_winters_weekly,60,670,720,51,108.8625518294,82.16655994932394,2025-12-21,
20261008,730,670,60,rolling_horizon,holt_winters_weekly,60,670,721,52,120.5254118304,94.5607361994594,2025-12-22,
20261008,730,670,60,rolling_horizon,holt_winters_weekly,60,670,722,53,139.3049085557,109.10883913958241,2025-12-23,
20261008,730,670,60,rolling_horizon,holt_winters_weekly,60,670,723,54,143.880104289,110.74433366400132,2025-12-24,
20261008,730,670,60,rolling_horizon,holt_winters_weekly,60,670,724,55,126.2461868417,103.66428729830055,2025-12-25,
20261008,730,670,60,rolling_horizon,holt_winters_weekly,60,670,725,56,107.3164425454,85.78718426648042,2025-12-26,
20261008,730,670,60,rolling_horizon,holt_winters_weekly,60,670,726,57,118.4815108613,77.28268724544957,2025-12-27,
20261008,730,670,60,rolling_horizon,holt_winters_weekly,60,670,727,58,115.7158276032,81.00315249757892,2025-12-28,
20261008,730,670,60,rolling_horizon,holt_winters_weekly,60,670,728,59,127.5141535018,93.39732874771438,2025-12-29,
20261008,730,670,60,rolling_horizon,holt_winters_weekly,60,670,729,60,135.9980120378,107.9454316878374,2025-12-30,
20261008,730,670,60,rolling_horizon,seasonal_linear_regression,60,670,670,1,93.6787814212,86.84672073580487,2025-11-01,
20261008,730,670,60,rolling_horizon,seasonal_linear_regression,60,670,671,2,88.2360415032,91.73558625859096,2025-11-02,
20261008,730,670,60,rolling_horizon,seasonal_linear_regression,60,670,672,3,105.9545255841,102.8483693792673,2025-11-03,
20261008,730,670,60,rolling_horizon,seasonal_linear_regression,60,670,673,4,119.7326428272,120.85903778406964,2025-11-04,
20261008,730,670,60,rolling_horizon,seasonal_linear_regression,60,670,674,5,122.247387964,122.64208568306594,2025-11-05,
20261008,730,670,60,rolling_horizon,seasonal_linear_regression,60,670,675,6,111.0550970756,114.1263220169626,2025-11-06,
20261008,730,670,60,rolling_horizon,seasonal_linear_regression,60,670,676,7,102.903983799,100.00373114048443,2025-11-07,
20261008,730,670,60,rolling_horizon,seasonal_linear_regression,60,670,677,8,85.6239730153,88.66157457798272,2025-11-08,
20261008,730,670,60,rolling_horizon,seasonal_linear_regression,60,670,678,9,88.7840059698,94.12603178683275,2025-11-09,
20261008,730,670,60,rolling_horizon,seasonal_linear_regression,60,670,679,10,105.4360307607,106.02141571317725,2025-11-10,
20261008,730,670,60,rolling_horizon,seasonal_linear_regression,60,670,680,11,130.1261804302,121.04339299335061,2025-11-11,
20261008,730,670,60,rolling_horizon,seasonal_linear_regression,60,670,681,12,120.2341328764,125.11628152932917,2025-11-12,
20261008,730,670,60,rolling_horizon,seasonal_linear_regression,60,670,682,13,116.4643974318,116.20754955673192,2025-11-13,
20261008,730,670,60,rolling_horizon,seasonal_linear_regression,60,670,683,14,91.643990521,101.80114088076925,2025-11-14,
20261008,730,670,60,rolling_horizon,seasonal_linear_regression,60,670,684,15,98.2022208221,91.68879777886377,2025-11-15,
20261008,730,670,60,rolling_horizon,seasonal_linear_regression,60,670,685,16,100.9062127562,95.34958167265404,2025-11-16,
20261008,730,670,60,rolling_horizon,seasonal_linear_regression,60,670,686,17,106.053250609,109.34959412613034,2025-11-17,
20261008,730,670,60,rolling_horizon,seasonal_linear_regression,60,670,687,18,116.1333607552,125.06666801363963,2025-11-18,
20261008,730,670,60,rolling_horizon,seasonal_linear_regression,60,670,688,19,131.4291834004,127.18678669012206,2025-11-19,
20261008,730,670,60,rolling_horizon,seasonal_linear_regression,60,670,689,20,117.2375226637,118.22138524826096,2025-11-20,
20261008,730,670,60,rolling_horizon,seasonal_linear_regression,60,670,690,21,104.4585069656,103.45182027122883,2025-11-21,
20261008,730,670,60,rolling_horizon,seasonal_linear_regression,60,670,691,22,101.0512216839,92.7118049098076,2025-11-22,
20261008,730,670,60,rolling_horizon,seasonal_linear_regression,60,670,692,23,106.7080803311,97.49934871611549,2025-11-23,
20261008,730,670,60,rolling_horizon,seasonal_linear_regression,60,670,693,24,104.8566719454,112.19129178667845,2025-11-24,
20261008,730,670,60,rolling_horizon,seasonal_linear_regression,60,670,694,25,141.7294464397,126.48659377054992,2025-11-25,
20261008,730,670,60,rolling_horizon,seasonal_linear_regression,60,670,695,26,130.7468418113,130.5534660662256,2025-11-26,
20261008,730,670,60,rolling_horizon,seasonal_linear_regression,60,670,696,27,128.4356754052,121.66515233967402,2025-11-27,
20261008,730,670,60,rolling_horizon,seasonal_linear_regression,60,670,697,28,106.0560514778,106.83374310277804,2025-11-28,
20261008,730,670,60,rolling_horizon,seasonal_linear_regression,60,670,698,29,87.0788274448,96.62888823419189,2025-11-29,
20261008,730,670,60,rolling_horizon,seasonal_linear_regression,60,670,699,30,103.140705212,101.3916730677156,2025-11-30,
20261008,730,670,60,rolling_horizon,seasonal_linear_regression,60,670,700,31,113.8373914368,114.92395192088406,2025-12-01,
20261008,730,670,60,rolling_horizon,seasonal_linear_regression,60,670,701,32,128.6959921408,130.06309152245785,2025-12-02,
20261008,730,670,60,rolling_horizon,seasonal_linear_regression,60,670,702,33,124.9544385883,133.8328880718259,2025-12-03,
20261008,730,670,60,rolling_horizon,seasonal_linear_regression,60,670,703,34,123.0392046882,126.519882483105,2025-12-04,
20261008,730,670,60,rolling_horizon,seasonal_linear_regression,60,670,704,35,112.0375299996,110.23416947074384,2025-12-05,
20261008,730,670,60,rolling_horizon,seasonal_linear_regression,60,670,705,36,94.7981017475,99.22190416467492,2025-12-06,
20261008,730,670,60,rolling_horizon,seasonal_linear_regression,60,670,706,37,97.1541570139,105.7315157698763,2025-12-07,
20261008,730,670,60,rolling_horizon,seasonal_linear_regression,60,670,707,38,116.0552552441,118.88452282451817,2025-12-08,
20261008,730,670,60,rolling_horizon,seasonal_linear_regression,60,670,708,39,124.9869441925,133.18129663678792,2025-12-09,
20261008,730,670,60,rolling_horizon,seasonal_linear_regression,60,670,709,40,133.985128528,136.92018331888767,2025-12-10,
20261008,730,670,60,rolling_horizon,seasonal_linear_regression,60,670,710,41,129.1625511456,128.20852684624197,2025-12-11,
20261008,730,670,60,rolling_horizon,seasonal_linear_regression,60,670,711,42,102.4427018659,113.10963860800211,2025-12-12,
20261008,730,670,60,rolling_horizon,seasonal_linear_regression,60,670,712,43,97.2419952584,103.8297124416149,2025-12-13,
20261008,730,670,60,rolling_horizon,seasonal_linear_regression,60,670,713,44,114.2274385444,109.51507914831927,2025-12-14,
20261008,730,670,60,rolling_horizon,seasonal_linear_regression,60,670,714,45,124.6821661264,121.97196417957821,2025-12-15,
20261008,730,670,60,rolling_horizon,seasonal_linear_regression,60,670,715,46,137.1927210045,138.3618647749213,2025-12-16,
20261008,730,670,60,rolling_horizon,seasonal_linear_regression,60,670,716,47,136.9806933036,142.02900419675234,2025-12-17,
20261008,730,670,60,rolling_horizon,seasonal_linear_regression,60,670,717,48,137.8994379973,133.54494231904118,2025-12-18,
20261008,730,670,60,rolling_horizon,seasonal_linear_regression,60,670,718,49,119.7019547049,116.88078433686132,2025-12-19,
20261008,730,670,60,rolling_horizon,seasonal_linear_regression,60,670,719,50,108.3331542232,107.15176452530568,2025-12-20,
20261008,730,670,60,rolling_horizon,seasonal_linear_regression,60,670,720,51,108.8625518294,111.03343359495557,2025-12-21,
20261008,730,670,60,rolling_horizon,seasonal_linear_regression,60,670,721,52,120.5254118304,124.18189696137688,2025-12-22,
20261008,730,670,60,rolling_horizon,seasonal_linear_regression,60,670,722,53,139.3049085557,139.79181571722256,2025-12-23,
20261008,730,670,60,rolling_horizon,seasonal_linear_regression,60,670,723,54,143.880104289,143.28401099414532,2025-12-24,
20261008,730,670,60,rolling_horizon,seasonal_linear_regression,60,670,724,55,126.2461868417,135.02649307940646,2025-12-25,
20261008,730,670,60,rolling_horizon,seasonal_linear_regression,60,670,725,56,107.3164425454,119.27557285052171,2025-12-26,
20261008,730,670,60,rolling_horizon,seasonal_linear_regression,60,670,726,57,118.4815108613,109.09188807016835,2025-12-27,
20261008,730,670,60,rolling_horizon,seasonal_linear_regression,60,670,727,58,115.7158276032,113.89020010852255,2025-12-28,
20261008,730,670,60,rolling_horizon,seasonal_linear_regression,60,670,728,59,127.5141535018,126.79684799748702,2025-12-29,
20261008,730,670,60,rolling_horizon,seasonal_linear_regression,60,670,729,60,135.9980120378,141.39525001584843,2025-12-30,
20261008,730,670,60,feature_ablation,,,670,670,1,93.6787814212,86.84672073580487,2025-11-01,full
20261008,730,670,60,feature_ablation,,,670,671,2,88.2360415032,91.73558625859096,2025-11-02,full
20261008,730,670,60,feature_ablation,,,670,672,3,105.9545255841,102.8483693792673,2025-11-03,full
20261008,730,670,60,feature_ablation,,,670,673,4,119.7326428272,120.85903778406964,2025-11-04,full
20261008,730,670,60,feature_ablation,,,670,674,5,122.247387964,122.64208568306594,2025-11-05,full
20261008,730,670,60,feature_ablation,,,670,675,6,111.0550970756,114.1263220169626,2025-11-06,full
20261008,730,670,60,feature_ablation,,,670,676,7,102.903983799,100.00373114048443,2025-11-07,full
20261008,730,670,60,feature_ablation,,,670,677,8,85.6239730153,88.66157457798272,2025-11-08,full
20261008,730,670,60,feature_ablation,,,670,678,9,88.7840059698,94.12603178683275,2025-11-09,full
20261008,730,670,60,feature_ablation,,,670,679,10,105.4360307607,106.02141571317725,2025-11-10,full
20261008,730,670,60,feature_ablation,,,670,680,11,130.1261804302,121.04339299335061,2025-11-11,full
20261008,730,670,60,feature_ablation,,,670,681,12,120.2341328764,125.11628152932917,2025-11-12,full
20261008,730,670,60,feature_ablation,,,670,682,13,116.4643974318,116.20754955673192,2025-11-13,full
20261008,730,670,60,feature_ablation,,,670,683,14,91.643990521,101.80114088076925,2025-11-14,full
20261008,730,670,60,feature_ablation,,,670,684,15,98.2022208221,91.68879777886377,2025-11-15,full
20261008,730,670,60,feature_ablation,,,670,685,16,100.9062127562,95.34958167265404,2025-11-16,full
20261008,730,670,60,feature_ablation,,,670,686,17,106.053250609,109.34959412613034,2025-11-17,full
20261008,730,670,60,feature_ablation,,,670,687,18,116.1333607552,125.06666801363963,2025-11-18,full
20261008,730,670,60,feature_ablation,,,670,688,19,131.4291834004,127.18678669012206,2025-11-19,full
20261008,730,670,60,feature_ablation,,,670,689,20,117.2375226637,118.22138524826096,2025-11-20,full
20261008,730,670,60,feature_ablation,,,670,690,21,104.4585069656,103.45182027122883,2025-11-21,full
20261008,730,670,60,feature_ablation,,,670,691,22,101.0512216839,92.7118049098076,2025-11-22,full
20261008,730,670,60,feature_ablation,,,670,692,23,106.7080803311,97.49934871611549,2025-11-23,full
20261008,730,670,60,feature_ablation,,,670,693,24,104.8566719454,112.19129178667845,2025-11-24,full
20261008,730,670,60,feature_ablation,,,670,694,25,141.7294464397,126.48659377054992,2025-11-25,full
20261008,730,670,60,feature_ablation,,,670,695,26,130.7468418113,130.5534660662256,2025-11-26,full
20261008,730,670,60,feature_ablation,,,670,696,27,128.4356754052,121.66515233967402,2025-11-27,full
20261008,730,670,60,feature_ablation,,,670,697,28,106.0560514778,106.83374310277804,2025-11-28,full
20261008,730,670,60,feature_ablation,,,670,698,29,87.0788274448,96.62888823419189,2025-11-29,full
20261008,730,670,60,feature_ablation,,,670,699,30,103.140705212,101.3916730677156,2025-11-30,full
20261008,730,670,60,feature_ablation,,,670,700,31,113.8373914368,114.92395192088406,2025-12-01,full
20261008,730,670,60,feature_ablation,,,670,701,32,128.6959921408,130.06309152245785,2025-12-02,full
20261008,730,670,60,feature_ablation,,,670,702,33,124.9544385883,133.8328880718259,2025-12-03,full
20261008,730,670,60,feature_ablation,,,670,703,34,123.0392046882,126.519882483105,2025-12-04,full
20261008,730,670,60,feature_ablation,,,670,704,35,112.0375299996,110.23416947074384,2025-12-05,full
20261008,730,670,60,feature_ablation,,,670,705,36,94.7981017475,99.22190416467492,2025-12-06,full
20261008,730,670,60,feature_ablation,,,670,706,37,97.1541570139,105.7315157698763,2025-12-07,full
20261008,730,670,60,feature_ablation,,,670,707,38,116.0552552441,118.88452282451817,2025-12-08,full
20261008,730,670,60,feature_ablation,,,670,708,39,124.9869441925,133.18129663678792,2025-12-09,full
20261008,730,670,60,feature_ablation,,,670,709,40,133.985128528,136.92018331888767,2025-12-10,full
20261008,730,670,60,feature_ablation,,,670,710,41,129.1625511456,128.20852684624197,2025-12-11,full
20261008,730,670,60,feature_ablation,,,670,711,42,102.4427018659,113.10963860800211,2025-12-12,full
20261008,730,670,60,feature_ablation,,,670,712,43,97.2419952584,103.8297124416149,2025-12-13,full
20261008,730,670,60,feature_ablation,,,670,713,44,114.2274385444,109.51507914831927,2025-12-14,full
20261008,730,670,60,feature_ablation,,,670,714,45,124.6821661264,121.97196417957821,2025-12-15,full
20261008,730,670,60,feature_ablation,,,670,715,46,137.1927210045,138.3618647749213,2025-12-16,full
20261008,730,670,60,feature_ablation,,,670,716,47,136.9806933036,142.02900419675234,2025-12-17,full
20261008,730,670,60,feature_ablation,,,670,717,48,137.8994379973,133.54494231904118,2025-12-18,full
20261008,730,670,60,feature_ablation,,,670,718,49,119.7019547049,116.88078433686132,2025-12-19,full
20261008,730,670,60,feature_ablation,,,670,719,50,108.3331542232,107.15176452530568,2025-12-20,full
20261008,730,670,60,feature_ablation,,,670,720,51,108.8625518294,111.03343359495557,2025-12-21,full
20261008,730,670,60,feature_ablation,,,670,721,52,120.5254118304,124.18189696137688,2025-12-22,full
20261008,730,670,60,feature_ablation,,,670,722,53,139.3049085557,139.79181571722256,2025-12-23,full
20261008,730,670,60,feature_ablation,,,670,723,54,143.880104289,143.28401099414532,2025-12-24,full
20261008,730,670,60,feature_ablation,,,670,724,55,126.2461868417,135.02649307940646,2025-12-25,full
20261008,730,670,60,feature_ablation,,,670,725,56,107.3164425454,119.27557285052171,2025-12-26,full
20261008,730,670,60,feature_ablation,,,670,726,57,118.4815108613,109.09188807016835,2025-12-27,full
20261008,730,670,60,feature_ablation,,,670,727,58,115.7158276032,113.89020010852255,2025-12-28,full
20261008,730,670,60,feature_ablation,,,670,728,59,127.5141535018,126.79684799748702,2025-12-29,full
20261008,730,670,60,feature_ablation,,,670,729,60,135.9980120378,141.39525001584843,2025-12-30,full
20261008,730,670,60,feature_ablation,,,670,670,1,93.6787814212,87.53991522663227,2025-11-01,remove_weekly
20261008,730,670,60,feature_ablation,,,670,671,2,88.2360415032,93.97117789956928,2025-11-02,remove_weekly
20261008,730,670,60,feature_ablation,,,670,672,3,105.9545255841,103.12862371339179,2025-11-03,remove_weekly
20261008,730,670,60,feature_ablation,,,670,673,4,119.7326428272,119.28892366472019,2025-11-04,remove_weekly
20261008,730,670,60,feature_ablation,,,670,674,5,122.247387964,120.81863450211495,2025-11-05,remove_weekly
20261008,730,670,60,feature_ablation,,,670,675,6,111.0550970756,114.65431448364416,2025-11-06,remove_weekly
20261008,730,670,60,feature_ablation,,,670,676,7,102.903983799,96.9428480121087,2025-11-07,remove_weekly
20261008,730,670,60,feature_ablation,,,670,677,8,85.6239730153,90.48410644819796,2025-11-08,remove_weekly
20261008,730,670,60,feature_ablation,,,670,678,9,88.7840059698,95.36340717022586,2025-11-09,remove_weekly
20261008,730,670,60,feature_ablation,,,670,679,10,105.4360307607,104.46410021996644,2025-11-10,remove_weekly
20261008,730,670,60,feature_ablation,,,670,680,11,130.1261804302,124.9400076799152,2025-11-11,remove_weekly
20261008,730,670,60,feature_ablation,,,670,681,12,120.2341328764,122.00921750480074,2025-11-12,remove_weekly
20261008,730,670,60,feature_ablation,,,670,682,13,116.4643974318,114.78446210735092,2025-11-13,remove_weekly
20261008,730,670,60,feature_ablation,,,670,683,14,91.643990521,100.21440932778023,2025-11-14,remove_weekly
20261008,730,670,60,feature_ablation,,,670,684,15,98.2022208221,94.28894670303316,2025-11-15,remove_weekly
20261008,730,670,60,feature_ablation,,,670,685,16,100.9062127562,99.24471875751533,2025-11-16,remove_weekly
20261008,730,670,60,feature_ablation,,,670,686,17,106.053250609,108.18283568275046,2025-11-17,remove_weekly
20261008,730,670,60,feature_ablation,,,670,687,18,116.1333607552,123.23692732833888,2025-11-18,remove_weekly
20261008,730,670,60,feature_ablation,,,670,688,19,131.4291834004,125.72699278782102,2025-11-19,remove_weekly
20261008,730,670,60,feature_ablation,,,670,689,20,117.2375226637,118.75103678688811,2025-11-20,remove_weekly
20261008,730,670,60,feature_ablation,,,670,690,21,104.4585069656,103.68510496238514,2025-11-21,remove_weekly
20261008,730,670,60,feature_ablation,,,670,691,22,101.0512216839,95.8362117374113,2025-11-22,remove_weekly
20261008,730,670,60,feature_ablation,,,670,692,23,106.7080803311,102.05506439930923,2025-11-23,remove_weekly
20261008,730,670,60,feature_ablation,,,670,693,24,104.8566719454,109.42820586447488,2025-11-24,remove_weekly
20261008,730,670,60,feature_ablation,,,670,694,25,141.7294464397,129.153902874888,2025-11-25,remove_weekly
20261008,730,670,60,feature_ablation,,,670,695,26,130.7468418113,126.82284369279887,2025-11-26,remove_weekly
20261008,730,670,60,feature_ablation,,,670,696,27,128.4356754052,120.06739335858902,2025-11-27,remove_weekly
20261008,730,670,60,feature_ablation,,,670,697,28,106.0560514778,106.2333010212551,2025-11-28,remove_weekly
20261008,730,670,60,feature_ablation,,,670,698,29,87.0788274448,99.9556471842725,2025-11-29,remove_weekly
20261008,730,670,60,feature_ablation,,,670,699,30,103.140705212,105.3620859581415,2025-11-30,remove_weekly
20261008,730,670,60,feature_ablation,,,670,700,31,113.8373914368,113.24920095825155,2025-12-01,remove_weekly
20261008,730,670,60,feature_ablation,,,670,701,32,128.6959921408,129.20315602888377,2025-12-02,remove_weekly
20261008,730,670,60,feature_ablation,,,670,702,33,124.9544385883,130.49000216484274,2025-12-03,remove_weekly
20261008,730,670,60,feature_ablation,,,670,703,34,123.0392046882,124.73737156550214,2025-12-04,remove_weekly
20261008,730,670,60,feature_ablation,,,670,704,35,112.0375299996,110.23208216147214,2025-12-05,remove_weekly
20261008,730,670,60,feature_ablation,,,670,705,36,94.7981017475,103.2565476281643,2025-12-06,remove_weekly
20261008,730,670,60,feature_ablation,,,670,706,37,97.1541570139,109.20529728313522,2025-12-07,remove_weekly
20261008,730,670,60,feature_ablation,,,670,707,38,116.0552552441,116.33375194129121,2025-12-08,remove_weekly
20261008,730,670,60,feature_ablation,,,670,708,39,124.9869441925,132.88302541885696,2025-12-09,remove_weekly
20261008,730,670,60,feature_ablation,,,670,709,40,133.985128528,132.68578261425364,2025-12-10,remove_weekly
20261008,730,670,60,feature_ablation,,,670,710,41,129.1625511456,126.51901649724823,2025-12-11,remove_weekly
20261008,730,670,60,feature_ablation,,,670,711,42,102.4427018659,113.837059170065,2025-12-12,remove_weekly
20261008,730,670,60,feature_ablation,,,670,712,43,97.2419952584,108.26817196920001,2025-12-13,remove_weekly
20261008,730,670,60,feature_ablation,,,670,713,44,114.2274385444,113.67577193381203,2025-12-14,remove_weekly
20261008,730,670,60,feature_ablation,,,670,714,45,124.6821661264,120.60674448119244,2025-12-15,remove_weekly
20261008,730,670,60,feature_ablation,,,670,715,46,137.1927210045,135.80845116313094,2025-12-16,remove_weekly
20261008,730,670,60,feature_ablation,,,670,716,47,136.9806933036,137.25785185217228,2025-12-17,remove_weekly
20261008,730,670,60,feature_ablation,,,670,717,48,137.8994379973,131.20822451098275,2025-12-18,remove_weekly
20261008,730,670,60,feature_ablation,,,670,718,49,119.7019547049,117.69292648343026,2025-12-19,remove_weekly
20261008,730,670,60,feature_ablation,,,670,719,50,108.3331542232,111.24911424906668,2025-12-20,remove_weekly
20261008,730,670,60,feature_ablation,,,670,720,51,108.8625518294,115.96091323498194,2025-12-21,remove_weekly
20261008,730,670,60,feature_ablation,,,670,721,52,120.5254118304,122.42017696440826,2025-12-22,remove_weekly
20261008,730,670,60,feature_ablation,,,670,722,53,139.3049085557,138.00330892348666,2025-12-23,remove_weekly
20261008,730,670,60,feature_ablation,,,670,723,54,143.880104289,138.6203176840154,2025-12-24,remove_weekly
20261008,730,670,60,feature_ablation,,,670,724,55,126.2461868417,132.81949931676263,2025-12-25,remove_weekly
20261008,730,670,60,feature_ablation,,,670,725,56,107.3164425454,120.49490964918141,2025-12-26,remove_weekly
20261008,730,670,60,feature_ablation,,,670,726,57,118.4815108613,114.59803421208107,2025-12-27,remove_weekly
20261008,730,670,60,feature_ablation,,,670,727,58,115.7158276032,119.11432383366036,2025-12-28,remove_weekly
20261008,730,670,60,feature_ablation,,,670,728,59,127.5141535018,125.10297367395015,2025-12-29,remove_weekly
20261008,730,670,60,feature_ablation,,,670,729,60,135.9980120378,139.01413070580656,2025-12-30,remove_weekly
20261008,730,670,60,feature_ablation,,,670,670,1,93.6787814212,84.42441056033078,2025-11-01,remove_annual
20261008,730,670,60,feature_ablation,,,670,671,2,88.2360415032,88.2184358506197,2025-11-02,remove_annual
20261008,730,670,60,feature_ablation,,,670,672,3,105.9545255841,101.18434793743847,2025-11-03,remove_annual
20261008,730,670,60,feature_ablation,,,670,673,4,119.7326428272,116.0349720495127,2025-11-04,remove_annual
20261008,730,670,60,feature_ablation,,,670,674,5,122.247387964,118.81803444931802,2025-11-05,remove_annual
20261008,730,670,60,feature_ablation,,,670,675,6,111.0550970756,110.51034961674065,2025-11-06,remove_annual
20261008,730,670,60,feature_ablation,,,670,676,7,102.903983799,95.7358627667063,2025-11-07,remove_annual
20261008,730,670,60,feature_ablation,,,670,677,8,85.6239730153,83.5108077851346,2025-11-08,remove_annual
20261008,730,670,60,feature_ablation,,,670,678,9,88.7840059698,88.22176108901772,2025-11-09,remove_annual
20261008,730,670,60,feature_ablation,,,670,679,10,105.4360307607,100.38722241818289,2025-11-10,remove_annual
20261008,730,670,60,feature_ablation,,,670,680,11,130.1261804302,116.03987319249791,2025-11-11,remove_annual
20261008,730,670,60,feature_ablation,,,670,681,12,120.2341328764,118.83474014213687,2025-11-12,remove_annual
20261008,730,670,60,feature_ablation,,,670,682,13,116.4643974318,111.97775172978743,2025-11-13,remove_annual
20261008,730,670,60,feature_ablation,,,670,683,14,91.643990521,96.03857236522731,2025-11-14,remove_annual
20261008,730,670,60,feature_ablation,,,670,684,15,98.2022208221,84.2498482885195,2025-11-15,remove_annual
20261008,730,670,60,feature_ablation,,,670,685,16,100.9062127562,88.71314869248704,2025-11-16,remove_annual
20261008,730,670,60,feature_ablation,,,670,686,17,106.053250609,102.06382805890246,2025-11-17,remove_annual
20261008,730,670,60,feature_ablation,,,670,687,18,116.1333607552,117.28660004963047,2025-11-18,remove_annual
20261008,730,670,60,feature_ablation,,,670,688,19,131.4291834004,119.7592185828911,2025-11-19,remove_annual
20261008,730,670,60,feature_ablation,,,670,689,20,117.2375226637,112.2894442585906,2025-11-20,remove_annual
20261008,730,670,60,feature_ablation,,,670,690,21,104.4585069656,96.73712887711031,2025-11-21,remove_annual
20261008,730,670,60,feature_ablation,,,670,691,22,101.0512216839,86.8451947340186,2025-11-22,remove_annual
20261008,730,670,60,feature_ablation,,,670,692,23,106.7080803311,90.41812628880336,2025-11-23,remove_annual
20261008,730,670,60,feature_ablation,,,670,693,24,104.8566719454,104.73339373317185,2025-11-24,remove_annual
20261008,730,670,60,feature_ablation,,,670,694,25,141.7294464397,117.81832721166927,2025-11-25,remove_annual
20261008,730,670,60,feature_ablation,,,670,695,26,130.7468418113,122.79517719580883,2025-11-26,remove_annual
20261008,730,670,60,feature_ablation,,,670,696,27,128.4356754052,115.25496289992338,2025-11-27,remove_annual
20261008,730,670,60,feature_ablation,,,670,697,28,106.0560514778,100.22040148228132,2025-11-28,remove_annual
20261008,730,670,60,feature_ablation,,,670,698,29,87.0788274448,89.4417234868938,2025-11-29,remove_annual
20261008,730,670,60,feature_ablation,,,670,699,30,103.140705212,93.7377525690913,2025-11-30,remove_annual
20261008,730,670,60,feature_ablation,,,670,700,31,113.8373914368,107.54336919027241,2025-12-01,remove_annual
20261008,730,670,60,feature_ablation,,,670,701,32,128.6959921408,123.02412360044025,2025-12-02,remove_annual
20261008,730,670,60,feature_ablation,,,670,702,33,124.9544385883,127.04054760052895,2025-12-03,remove_annual
20261008,730,670,60,feature_ablation,,,670,703,34,123.0392046882,118.42396515868643,2025-12-04,remove_annual
20261008,730,670,60,feature_ablation,,,670,704,35,112.0375299996,103.51027540343784,2025-12-05,remove_annual
20261008,730,670,60,feature_ablation,,,670,705,36,94.7981017475,94.39536156386544,2025-12-06,remove_annual
20261008,730,670,60,feature_ablation,,,670,706,37,97.1541570139,97.60441925072325,2025-12-07,remove_annual
20261008,730,670,60,feature_ablation,,,670,707,38,116.0552552441,111.17558395229435,2025-12-08,remove_annual
20261008,730,670,60,feature_ablation,,,670,708,39,124.9869441925,127.01035274442177,2025-12-09,remove_annual
20261008,730,670,60,feature_ablation,,,670,709,40,133.985128528,130.5675800171034,2025-12-10,remove_annual
20261008,730,670,60,feature_ablation,,,670,710,41,129.1625511456,123.27053444513388,2025-12-11,remove_annual
20261008,730,670,60,feature_ablation,,,670,711,42,102.4427018659,108.80487623726276,2025-12-12,remove_annual
20261008,730,670,60,feature_ablation,,,670,712,43,97.2419952584,98.47669673021892,2025-12-13,remove_annual
20261008,730,670,60,feature_ablation,,,670,713,44,114.2274385444,102.21949017261807,2025-12-14,remove_annual
20261008,730,670,60,feature_ablation,,,670,714,45,124.6821661264,116.96552211254482,2025-12-15,remove_annual
20261008,730,670,60,feature_ablation,,,670,715,46,137.1927210045,131.8738035232218,2025-12-16,remove_annual
20261008,730,670,60,feature_ablation,,,670,716,47,136.9806933036,135.3490050685823,2025-12-17,remove_annual
20261008,730,670,60,feature_ablation,,,670,717,48,137.8994379973,127.15147728129489,2025-12-18,remove_annual
20261008,730,670,60,feature_ablation,,,670,718,49,119.7019547049,112.82852583832084,2025-12-19,remove_annual
20261008,730,670,60,feature_ablation,,,670,719,50,108.3331542232,101.72465997953714,2025-12-20,remove_annual
20261008,730,670,60,feature_ablation,,,670,720,51,108.8625518294,106.512193250255,2025-12-21,remove_annual
20261008,730,670,60,feature_ablation,,,670,721,52,120.5254118304,120.36421491653653,2025-12-22,remove_annual
20261008,730,670,60,feature_ablation,,,670,722,53,139.3049085557,135.79512123748134,2025-12-23,remove_annual
20261008,730,670,60,feature_ablation,,,670,723,54,143.880104289,139.20565556588508,2025-12-24,remove_annual
20261008,730,670,60,feature_ablation,,,670,724,55,126.2461868417,131.21730427846683,2025-12-25,remove_annual
20261008,730,670,60,feature_ablation,,,670,725,56,107.3164425454,116.30567393637693,2025-12-26,remove_annual
20261008,730,670,60,feature_ablation,,,670,726,57,118.4815108613,105.74480887111793,2025-12-27,remove_annual
20261008,730,670,60,feature_ablation,,,670,727,58,115.7158276032,109.7725001549361,2025-12-28,remove_annual
20261008,730,670,60,feature_ablation,,,670,728,59,127.5141535018,123.3921721623027,2025-12-29,remove_annual
20261008,730,670,60,feature_ablation,,,670,729,60,135.9980120378,139.32715856911943,2025-12-30,remove_annual
20261008,730,670,60,feature_ablation,,,670,670,1,93.6787814212,86.82927165601723,2025-11-01,remove_lags
20261008,730,670,60,feature_ablation,,,670,671,2,88.2360415032,91.2165496190155,2025-11-02,remove_lags
20261008,730,670,60,feature_ablation,,,670,672,3,105.9545255841,103.91320116889892,2025-11-03,remove_lags
20261008,730,670,60,feature_ablation,,,670,673,4,119.7326428272,120.0970354159158,2025-11-04,remove_lags
20261008,730,670,60,feature_ablation,,,670,674,5,122.247387964,122.46593511613128,2025-11-05,remove_lags
20261008,730,670,60,feature_ablation,,,670,675,6,111.0550970756,114.51792449156392,2025-11-06,remove_lags
20261008,730,670,60,feature_ablation,,,670,676,7,102.903983799,99.4646600319711,2025-11-07,remove_lags
20261008,730,670,60,feature_ablation,,,670,677,8,85.6239730153,89.31484217992829,2025-11-08,remove_lags
20261008,730,670,60,feature_ablation,,,670,678,9,88.7840059698,93.59304584077063,2025-11-09,remove_lags
20261008,730,670,60,feature_ablation,,,670,679,10,105.4360307607,106.58847127546505,2025-11-10,remove_lags
20261008,730,670,60,feature_ablation,,,670,680,11,130.1261804302,121.57514460035782,2025-11-11,remove_lags
20261008,730,670,60,feature_ablation,,,670,681,12,120.2341328764,125.19240270746786,2025-11-12,remove_lags
20261008,730,670,60,feature_ablation,,,670,682,13,116.4643974318,116.66135513212475,2025-11-13,remove_lags
20261008,730,670,60,feature_ablation,,,670,683,14,91.643990521,102.08065711807512,2025-11-14,remove_lags
20261008,730,670,60,feature_ablation,,,670,684,15,98.2022208221,91.929479426959,2025-11-15,remove_lags
20261008,730,670,60,feature_ablation,,,670,685,16,100.9062127562,95.89884106200952,2025-11-16,remove_lags
20261008,730,670,60,feature_ablation,,,670,686,17,106.053250609,109.42419338566378,2025-11-17,remove_lags
20261008,730,670,60,feature_ablation,,,670,687,18,116.1333607552,124.45566921449836,2025-11-18,remove_lags
20261008,730,670,60,feature_ablation,,,670,688,19,131.4291834004,127.37575776831818,2025-11-19,remove_lags
20261008,730,670,60,feature_ablation,,,670,689,20,117.2375226637,118.6773627263783,2025-11-20,remove_lags
20261008,730,670,60,feature_ablation,,,670,690,21,104.4585069656,103.49728046635482,2025-11-21,remove_lags
20261008,730,670,60,feature_ablation,,,670,691,22,101.0512216839,93.00857381229798,2025-11-22,remove_lags
20261008,730,670,60,feature_ablation,,,670,692,23,106.7080803311,98.06392774376673,2025-11-23,remove_lags
20261008,730,670,60,feature_ablation,,,670,693,24,104.8566719454,111.74277704162114,2025-11-24,remove_lags
20261008,730,670,60,feature_ablation,,,670,694,25,141.7294464397,127.11725433807169,2025-11-25,remove_lags
20261008,730,670,60,feature_ablation,,,670,695,26,130.7468418113,129.99421686016512,2025-11-26,remove_lags
20261008,730,670,60,feature_ablation,,,670,696,27,128.4356754052,121.66936250617027,2025-11-27,remove_lags
20261008,730,670,60,feature_ablation,,,670,697,28,106.0560514778,106.7167512193696,2025-11-28,remove_lags
20261008,730,670,60,feature_ablation,,,670,698,29,87.0788274448,96.79003161845003,2025-11-29,remove_lags
20261008,730,670,60,feature_ablation,,,670,699,30,103.140705212,101.43939939872962,2025-11-30,remove_lags
20261008,730,670,60,feature_ablation,,,670,700,31,113.8373914368,114.87320509609253,2025-12-01,remove_lags
20261008,730,670,60,feature_ablation,,,670,701,32,128.6959921408,130.295679225992,2025-12-02,remove_lags
20261008,730,670,60,feature_ablation,,,670,702,33,124.9544385883,134.01577382369624,2025-12-03,remove_lags
20261008,730,670,60,feature_ablation,,,670,703,34,123.0392046882,126.24156071851985,2025-12-04,remove_lags
20261008,730,670,60,feature_ablation,,,670,704,35,112.0375299996,110.33444525406094,2025-12-05,remove_lags
20261008,730,670,60,feature_ablation,,,670,705,36,94.7981017475,99.97669486375025,2025-12-06,remove_lags
20261008,730,670,60,feature_ablation,,,670,706,37,97.1541570139,105.59737970886226,2025-12-07,remove_lags
20261008,730,670,60,feature_ablation,,,670,707,38,116.0552552441,118.54913565906645,2025-12-08,remove_lags
20261008,730,670,60,feature_ablation,,,670,708,39,124.9869441925,133.23047637997524,2025-12-09,remove_lags
20261008,730,670,60,feature_ablation,,,670,709,40,133.985128528,136.83053957011725,2025-12-10,remove_lags
20261008,730,670,60,feature_ablation,,,670,710,41,129.1625511456,128.49738402263847,2025-12-11,remove_lags
20261008,730,670,60,feature_ablation,,,670,711,42,102.4427018659,113.68573703308812,2025-12-12,remove_lags
20261008,730,670,60,feature_ablation,,,670,712,43,97.2419952584,104.29012420521985,2025-12-13,remove_lags
20261008,730,670,60,feature_ablation,,,670,713,44,114.2274385444,109.32710451281127,2025-12-14,remove_lags
20261008,730,670,60,feature_ablation,,,670,714,45,124.6821661264,122.39954698440852,2025-12-15,remove_lags
20261008,730,670,60,feature_ablation,,,670,715,46,137.1927210045,138.38288517230194,2025-12-16,remove_lags
20261008,730,670,60,feature_ablation,,,670,716,47,136.9806933036,141.7291205554793,2025-12-17,remove_lags
20261008,730,670,60,feature_ablation,,,670,717,48,137.8994379973,133.0670186011671,2025-12-18,remove_lags
20261008,730,670,60,feature_ablation,,,670,718,49,119.7019547049,116.99002584380742,2025-12-19,remove_lags
20261008,730,670,60,feature_ablation,,,670,719,50,108.3331542232,106.91244899612775,2025-12-20,remove_lags
20261008,730,670,60,feature_ablation,,,670,720,51,108.8625518294,110.9132098715786,2025-12-21,remove_lags
20261008,730,670,60,feature_ablation,,,670,721,52,120.5254118304,124.2846039592705,2025-12-22,remove_lags
20261008,730,670,60,feature_ablation,,,670,722,53,139.3049085557,139.7342466691748,2025-12-23,remove_lags
20261008,730,670,60,feature_ablation,,,670,723,54,143.880104289,143.1730867740921,2025-12-24,remove_lags
20261008,730,670,60,feature_ablation,,,670,724,55,126.2461868417,134.87013722206575,2025-12-25,remove_lags
20261008,730,670,60,feature_ablation,,,670,725,56,107.3164425454,119.32363379588605,2025-12-26,remove_lags
20261008,730,670,60,feature_ablation,,,670,726,57,118.4815108613,109.12409171144964,2025-12-27,remove_lags
20261008,730,670,60,feature_ablation,,,670,727,58,115.7158276032,113.59435561396003,2025-12-28,remove_lags
20261008,730,670,60,feature_ablation,,,670,728,59,127.5141535018,126.59519088751722,2025-12-29,remove_lags
20261008,730,670,60,feature_ablation,,,670,729,60,135.9980120378,141.5748795701711,2025-12-30,remove_lags
20261008,730,670,60,feature_ablation,,,670,670,1,93.6787814212,87.26871320282527,2025-11-01,remove_rolling
20261008,730,670,60,feature_ablation,,,670,671,2,88.2360415032,92.38481456267226,2025-11-02,remove_rolling
20261008,730,670,60,feature_ablation,,,670,672,3,105.9545255841,103.62137124403728,2025-11-03,remove_rolling
20261008,730,670,60,feature_ablation,,,670,673,4,119.7326428272,121.74666641753923,2025-11-04,remove_rolling
20261008,730,670,60,feature_ablation,,,670,674,5,122.247387964,123.7568381992212,2025-11-05,remove_rolling
20261008,730,670,60,feature_ablation,,,670,675,6,111.0550970756,114.9496707551975,2025-11-06,remove_rolling
20261008,730,670,60,feature_ablation,,,670,676,7,102.903983799,100.7037618182387,2025-11-07,remove_rolling
20261008,730,670,60,feature_ablation,,,670,677,8,85.6239730153,89.00763031140012,2025-11-08,remove_rolling
20261008,730,670,60,feature_ablation,,,670,678,9,88.7840059698,94.64874818936084,2025-11-09,remove_rolling
20261008,730,670,60,feature_ablation,,,670,679,10,105.4360307607,107.1907518968945,2025-11-10,remove_rolling
20261008,730,670,60,feature_ablation,,,670,680,11,130.1261804302,121.73056233254235,2025-11-11,remove_rolling
20261008,730,670,60,feature_ablation,,,670,681,12,120.2341328764,126.48611069121009,2025-11-12,remove_rolling
20261008,730,670,60,feature_ablation,,,670,682,13,116.4643974318,117.57694812692763,2025-11-13,remove_rolling
20261008,730,670,60,feature_ablation,,,670,683,14,91.643990521,102.49547095223895,2025-11-14,remove_rolling
20261008,730,670,60,feature_ablation,,,670,684,15,98.2022208221,92.07495284839032,2025-11-15,remove_rolling
20261008,730,670,60,feature_ablation,,,670,685,16,100.9062127562,95.99615176687755,2025-11-16,remove_rolling
20261008,730,670,60,feature_ablation,,,670,686,17,106.053250609,110.24107938500009,2025-11-17,remove_rolling
20261008,730,670,60,feature_ablation,,,670,687,18,116.1333607552,126.29432372112953,2025-11-18,remove_rolling
20261008,730,670,60,feature_ablation,,,670,688,19,131.4291834004,128.94490691667826,2025-11-19,remove_rolling
20261008,730,670,60,feature_ablation,,,670,689,20,117.2375226637,120.37338302139557,2025-11-20,remove_rolling
20261008,730,670,60,feature_ablation,,,670,690,21,104.4585069656,105.45789342776071,2025-11-21,remove_rolling
20261008,730,670,60,feature_ablation,,,670,691,22,101.0512216839,94.6610894222976,2025-11-22,remove_rolling
20261008,730,670,60,feature_ablation,,,670,692,23,106.7080803311,98.81062524061046,2025-11-23,remove_rolling
20261008,730,670,60,feature_ablation,,,670,693,24,104.8566719454,113.68417882493652,2025-11-24,remove_rolling
20261008,730,670,60,feature_ablation,,,670,694,25,141.7294464397,127.84287795087899,2025-11-25,remove_rolling
20261008,730,670,60,feature_ablation,,,670,695,26,130.7468418113,132.76484088972964,2025-11-26,remove_rolling
20261008,730,670,60,feature_ablation,,,670,696,27,128.4356754052,123.95129819961213,2025-11-27,remove_rolling
20261008,730,670,60,feature_ablation,,,670,697,28,106.0560514778,108.70511286850828,2025-11-28,remove_rolling
20261008,730,670,60,feature_ablation,,,670,698,29,87.0788274448,98.01556530239621,2025-11-29,remove_rolling
20261008,730,670,60,feature_ablation,,,670,699,30,103.140705212,102.70342254881011,2025-11-30,remove_rolling
20261008,730,670,60,feature_ablation,,,670,700,31,113.8373914368,116.37973472578983,2025-12-01,remove_rolling
20261008,730,670,60,feature_ablation,,,670,701,32,128.6959921408,131.318945687133,2025-12-02,remove_rolling
20261008,730,670,60,feature_ablation,,,670,702,33,124.9544385883,135.0095814420012,2025-12-03,remove_rolling
20261008,730,670,60,feature_ablation,,,670,703,34,123.0392046882,127.77127717868038,2025-12-04,remove_rolling
20261008,730,670,60,feature_ablation,,,670,704,35,112.0375299996,111.8731676426484,2025-12-05,remove_rolling
20261008,730,670,60,feature_ablation,,,670,705,36,94.7981017475,100.58401512404318,2025-12-06,remove_rolling
20261008,730,670,60,feature_ablation,,,670,706,37,97.1541570139,106.4684058320248,2025-12-07,remove_rolling
20261008,730,670,60,feature_ablation,,,670,707,38,116.0552552441,120.27694661298322,2025-12-08,remove_rolling
20261008,730,670,60,feature_ablation,,,670,708,39,124.9869441925,135.13408707348717,2025-12-09,remove_rolling
20261008,730,670,60,feature_ablation,,,670,709,40,133.985128528,138.88988539921405,2025-12-10,remove_rolling
20261008,730,670,60,feature_ablation,,,670,710,41,129.1625511456,130.31110386058754,2025-12-11,remove_rolling
20261008,730,670,60,feature_ablation,,,670,711,42,102.4427018659,114.59766432677758,2025-12-12,remove_rolling
20261008,730,670,60,feature_ablation,,,670,712,43,97.2419952584,104.49971811435786,2025-12-13,remove_rolling
20261008,730,670,60,feature_ablation,,,670,713,44,114.2274385444,109.9794710233698,2025-12-14,remove_rolling
20261008,730,670,60,feature_ablation,,,670,714,45,124.6821661264,122.65923762547519,2025-12-15,remove_rolling
20261008,730,670,60,feature_ablation,,,670,715,46,137.1927210045,138.67135643879368,2025-12-16,remove_rolling
20261008,730,670,60,feature_ablation,,,670,716,47,136.9806933036,142.75539031766357,2025-12-17,remove_rolling
20261008,730,670,60,feature_ablation,,,670,717,48,137.8994379973,134.95160409529595,2025-12-18,remove_rolling
20261008,730,670,60,feature_ablation,,,670,718,49,119.7019547049,118.78846161880128,2025-12-19,remove_rolling
20261008,730,670,60,feature_ablation,,,670,719,50,108.3331542232,109.07242463204818,2025-12-20,remove_rolling
20261008,730,670,60,feature_ablation,,,670,720,51,108.8625518294,113.41953438290471,2025-12-21,remove_rolling
20261008,730,670,60,feature_ablation,,,670,721,52,120.5254118304,126.7301123640894,2025-12-22,remove_rolling
20261008,730,670,60,feature_ablation,,,670,722,53,139.3049085557,142.39868958027915,2025-12-23,remove_rolling
20261008,730,670,60,feature_ablation,,,670,723,54,143.880104289,146.05465742248938,2025-12-24,remove_rolling
20261008,730,670,60,feature_ablation,,,670,724,55,126.2461868417,138.1522809086592,2025-12-25,remove_rolling
20261008,730,670,60,feature_ablation,,,670,725,56,107.3164425454,122.58123144467521,2025-12-26,remove_rolling
20261008,730,670,60,feature_ablation,,,670,726,57,118.4815108613,112.35401792183066,2025-12-27,remove_rolling
20261008,730,670,60,feature_ablation,,,670,727,58,115.7158276032,117.37627806057854,2025-12-28,remove_rolling
20261008,730,670,60,feature_ablation,,,670,728,59,127.5141535018,130.92564822234021,2025-12-29,remove_rolling
20261008,730,670,60,feature_ablation,,,670,729,60,135.9980120378,145.7054530209409,2025-12-30,remove_rolling
20261008,730,670,60,feature_ablation,,,670,670,1,93.6787814212,84.79100885694811,2025-11-01,remove_weekly_and_annual
20261008,730,670,60,feature_ablation,,,670,671,2,88.2360415032,90.06319460918041,2025-11-02,remove_weekly_and_annual
20261008,730,670,60,feature_ablation,,,670,672,3,105.9545255841,99.41443023816942,2025-11-03,remove_weekly_and_annual
20261008,730,670,60,feature_ablation,,,670,673,4,119.7326428272,114.44145236270288,2025-11-04,remove_weekly_and_annual
20261008,730,670,60,feature_ablation,,,670,674,5,122.247387964,116.22119986692871,2025-11-05,remove_weekly_and_annual
20261008,730,670,60,feature_ablation,,,670,675,6,111.0550970756,110.22129112542598,2025-11-06,remove_weekly_and_annual
20261008,730,670,60,feature_ablation,,,670,676,7,102.903983799,91.95200273704597,2025-11-07,remove_weekly_and_annual
20261008,730,670,60,feature_ablation,,,670,677,8,85.6239730153,83.5626924561791,2025-11-08,remove_weekly_and_annual
20261008,730,670,60,feature_ablation,,,670,678,9,88.7840059698,87.48416126525899,2025-11-09,remove_weekly_and_annual
20261008,730,670,60,feature_ablation,,,670,679,10,105.4360307607,96.06839784863166,2025-11-10,remove_weekly_and_annual
20261008,730,670,60,feature_ablation,,,670,680,11,130.1261804302,117.20689128578897,2025-11-11,remove_weekly_and_annual
20261008,730,670,60,feature_ablation,,,670,681,12,120.2341328764,113.98622310394762,2025-11-12,remove_weekly_and_annual
20261008,730,670,60,feature_ablation,,,670,682,13,116.4643974318,108.34611962060512,2025-11-13,remove_weekly_and_annual
20261008,730,670,60,feature_ablation,,,670,683,14,91.643990521,92.16981848197213,2025-11-14,remove_weekly_and_annual
20261008,730,670,60,feature_ablation,,,670,684,15,98.2022208221,83.63234653254062,2025-11-15,remove_weekly_and_annual
20261008,730,670,60,feature_ablation,,,670,685,16,100.9062127562,88.0248856021069,2025-11-16,remove_weekly_and_annual
20261008,730,670,60,feature_ablation,,,670,686,17,106.053250609,96.52675263537253,2025-11-17,remove_weekly_and_annual
20261008,730,670,60,feature_ablation,,,670,687,18,116.1333607552,112.09178496377581,2025-11-18,remove_weekly_and_annual
20261008,730,670,60,feature_ablation,,,670,688,19,131.4291834004,114.79196282423834,2025-11-19,remove_weekly_and_annual
20261008,730,670,60,feature_ablation,,,670,689,20,117.2375226637,109.78061483164231,2025-11-20,remove_weekly_and_annual
20261008,730,670,60,feature_ablation,,,670,690,21,104.4585069656,93.57893678961614,2025-11-21,remove_weekly_and_annual
20261008,730,670,60,feature_ablation,,,670,691,22,101.0512216839,84.75261975235264,2025-11-22,remove_weekly_and_annual
20261008,730,670,60,feature_ablation,,,670,692,23,106.7080803311,89.47773716371262,2025-11-23,remove_weekly_and_annual
20261008,730,670,60,feature_ablation,,,670,693,24,104.8566719454,96.38547555654543,2025-11-24,remove_weekly_and_annual
20261008,730,670,60,feature_ablation,,,670,694,25,141.7294464397,116.65328004375124,2025-11-25,remove_weekly_and_annual
20261008,730,670,60,feature_ablation,,,670,695,26,130.7468418113,115.76532612210565,2025-11-26,remove_weekly_and_annual
20261008,730,670,60,feature_ablation,,,670,696,27,128.4356754052,111.57304807795515,2025-11-27,remove_weekly_and_annual
20261008,730,670,60,feature_ablation,,,670,697,28,106.0560514778,96.46132817682519,2025-11-28,remove_weekly_and_annual
20261008,730,670,60,feature_ablation,,,670,698,29,87.0788274448,87.8844821238971,2025-11-29,remove_weekly_and_annual
20261008,730,670,60,feature_ablation,,,670,699,30,103.140705212,91.87889309773209,2025-11-30,remove_weekly_and_annual
20261008,730,670,60,feature_ablation,,,670,700,31,113.8373914368,99.78285073479924,2025-12-01,remove_weekly_and_annual
20261008,730,670,60,feature_ablation,,,670,701,32,128.6959921408,116.81015852233611,2025-12-02,remove_weekly_and_annual
20261008,730,670,60,feature_ablation,,,670,702,33,124.9544385883,119.05563699022696,2025-12-03,remove_weekly_and_annual
20261008,730,670,60,feature_ablation,,,670,703,34,123.0392046882,114.69259662411469,2025-12-04,remove_weekly_and_annual
20261008,730,670,60,feature_ablation,,,670,704,35,112.0375299996,99.87118408023105,2025-12-05,remove_weekly_and_annual
20261008,730,670,60,feature_ablation,,,670,705,36,94.7981017475,92.04314765316394,2025-12-06,remove_weekly_and_annual
20261008,730,670,60,feature_ablation,,,670,706,37,97.1541570139,94.83553467722004,2025-12-07,remove_weekly_and_annual
20261008,730,670,60,feature_ablation,,,670,707,38,116.0552552441,101.95091627981742,2025-12-08,remove_weekly_and_annual
20261008,730,670,60,feature_ablation,,,670,708,39,124.9869441925,120.87044525379292,2025-12-09,remove_weekly_and_annual
20261008,730,670,60,feature_ablation,,,670,709,40,133.985128528,121.89023896266895,2025-12-10,remove_weekly_and_annual
20261008,730,670,60,feature_ablation,,,670,710,41,129.1625511456,118.582575405851,2025-12-11,remove_weekly_and_annual
20261008,730,670,60,feature_ablation,,,670,711,42,102.4427018659,104.711431724166,2025-12-12,remove_weekly_and_annual
20261008,730,670,60,feature_ablation,,,670,712,43,97.2419952584,96.39060538531828,2025-12-13,remove_weekly_and_annual
20261008,730,670,60,feature_ablation,,,670,713,44,114.2274385444,98.83724148178123,2025-12-14,remove_weekly_and_annual
20261008,730,670,60,feature_ablation,,,670,714,45,124.6821661264,106.79268566957296,2025-12-15,remove_weekly_and_annual
20261008,730,670,60,feature_ablation,,,670,715,46,137.1927210045,123.36642680023078,2025-12-16,remove_weekly_and_annual
20261008,730,670,60,feature_ablation,,,670,716,47,136.9806933036,125.86072939726739,2025-12-17,remove_weekly_and_annual
20261008,730,670,60,feature_ablation,,,670,717,48,137.8994379973,122.36079283897686,2025-12-18,remove_weekly_and_annual
20261008,730,670,60,feature_ablation,,,670,718,49,119.7019547049,108.97767162758066,2025-12-19,remove_weekly_and_annual
20261008,730,670,60,feature_ablation,,,670,719,50,108.3331542232,100.23532061484741,2025-12-20,remove_weekly_and_annual
20261008,730,670,60,feature_ablation,,,670,720,51,108.8625518294,102.6997463904379,2025-12-21,remove_weekly_and_annual
20261008,730,670,60,feature_ablation,,,670,721,52,120.5254118304,109.74445547118489,2025-12-22,remove_weekly_and_annual
20261008,730,670,60,feature_ablation,,,670,722,53,139.3049085557,127.23505591409764,2025-12-23,remove_weekly_and_annual
20261008,730,670,60,feature_ablation,,,670,723,54,143.880104289,129.36299050551827,2025-12-24,remove_weekly_and_annual
20261008,730,670,60,feature_ablation,,,670,724,55,126.2461868417,126.39259459440132,2025-12-25,remove_weekly_and_annual
20261008,730,670,60,feature_ablation,,,670,725,56,107.3164425454,113.37037927929919,2025-12-26,remove_weekly_and_annual
20261008,730,670,60,feature_ablation,,,670,726,57,118.4815108613,104.6572877750391,2025-12-27,remove_weekly_and_annual
20261008,730,670,60,feature_ablation,,,670,727,58,115.7158276032,106.37844527250274,2025-12-28,remove_weekly_and_annual
20261008,730,670,60,feature_ablation,,,670,728,59,127.5141535018,113.42497278785902,2025-12-29,remove_weekly_and_annual
20261008,730,670,60,feature_ablation,,,670,729,60,135.9980120378,130.24518604268633,2025-12-30,remove_weekly_and_annual
